========================================================================================================================
#00001 [   0.03s] *** APERTURA *** T=30s, M=4 mesas, P=3 por mesa, Z=3 mozos, C=3 cocineros, Y=2 cajas
  MESAS      Mesa 1: Libre | Mesa 2: Libre | Mesa 3: Libre | Mesa 4: Libre
  CLIENTES   -
  MOZOS      -
  COCINA     Platos: vacía
  COCINEROS  -
  CAJAS      Fila: vacía
========================================================================================================================
#00002 [   0.05s] Mozo 1 empieza su turno
  MESAS      Mesa 1: Libre | Mesa 2: Libre | Mesa 3: Libre | Mesa 4: Libre
  CLIENTES   -
  MOZOS      Mozo 1: Esperando
  COCINA     Platos: vacía
  COCINEROS  -
  CAJAS      Fila: vacía
========================================================================================================================
#00003 [   0.05s] Mozo 3 empieza su turno
  MESAS      Mesa 1: Libre | Mesa 2: Libre | Mesa 3: Libre | Mesa 4: Libre
  CLIENTES   -
  MOZOS      Mozo 1: Esperando | Mozo 3: Esperando
  COCINA     Platos: vacía
  COCINEROS  -
  CAJAS      Fila: vacía
========================================================================================================================
#00004 [   0.05s] Mozo 2 empieza su turno
  MESAS      Mesa 1: Libre | Mesa 2: Libre | Mesa 3: Libre | Mesa 4: Libre
  CLIENTES   -
  MOZOS      Mozo 1: Esperando | Mozo 2: Esperando | Mozo 3: Esperando
  COCINA     Platos: vacía
  COCINEROS  -
  CAJAS      Fila: vacía
========================================================================================================================
#00005 [   0.05s] Cocinero 1 entra a la cocina
  MESAS      Mesa 1: Libre | Mesa 2: Libre | Mesa 3: Libre | Mesa 4: Libre
  CLIENTES   -
  MOZOS      Mozo 1: Esperando | Mozo 2: Esperando | Mozo 3: Esperando
  COCINA     Platos: vacía
  COCINEROS  Cocinero 1: Esperando pedidos
  CAJAS      Fila: vacía
========================================================================================================================
#00006 [   0.05s] Cocinero 2 entra a la cocina
  MESAS      Mesa 1: Libre | Mesa 2: Libre | Mesa 3: Libre | Mesa 4: Libre
  CLIENTES   -
  MOZOS      Mozo 1: Esperando | Mozo 2: Esperando | Mozo 3: Esperando
  COCINA     Platos: vacía
  COCINEROS  Cocinero 1: Esperando pedidos | Cocinero 2: Esperando pedidos
  CAJAS      Fila: vacía
========================================================================================================================
#00007 [   0.05s] Cocinero 3 entra a la cocina
  MESAS      Mesa 1: Libre | Mesa 2: Libre | Mesa 3: Libre | Mesa 4: Libre
  CLIENTES   -
  MOZOS      Mozo 1: Esperando | Mozo 2: Esperando | Mozo 3: Esperando
  COCINA     Platos: vacía
  COCINEROS  Cocinero 1: Esperando pedidos | Cocinero 2: Esperando pedidos | Cocinero 3: Esperando pedidos
  CAJAS      Fila: vacía
========================================================================================================================
#00008 [   0.05s] Cajero 1 abre su caja
  MESAS      Mesa 1: Libre | Mesa 2: Libre | Mesa 3: Libre | Mesa 4: Libre
  CLIENTES   -
  MOZOS      Mozo 1: Esperando | Mozo 2: Esperando | Mozo 3: Esperando
  COCINA     Platos: vacía
  COCINEROS  Cocinero 1: Esperando pedidos | Cocinero 2: Esperando pedidos | Cocinero 3: Esperando pedidos
  CAJAS      Fila: vacía | Cajero 1: Esperando clientes
========================================================================================================================
#00009 [   0.05s] Cajero 2 abre su caja
  MESAS      Mesa 1: Libre | Mesa 2: Libre | Mesa 3: Libre | Mesa 4: Libre
  CLIENTES   -
  MOZOS      Mozo 1: Esperando | Mozo 2: Esperando | Mozo 3: Esperando
  COCINA     Platos: vacía
  COCINEROS  Cocinero 1: Esperando pedidos | Cocinero 2: Esperando pedidos | Cocinero 3: Esperando pedidos
  CAJAS      Fila: vacía | Cajero 1: Esperando clientes | Cajero 2: Esperando clientes
========================================================================================================================
#00010 [   0.84s] Cliente 1 entra al restaurante (1/12 adentro)
  MESAS      Mesa 1: Libre | Mesa 2: Libre | Mesa 3: Libre | Mesa 4: Libre
  CLIENTES   C1: En la sala de espera
  MOZOS      Mozo 1: Esperando | Mozo 2: Esperando | Mozo 3: Esperando
  COCINA     Platos: vacía
  COCINEROS  Cocinero 1: Esperando pedidos | Cocinero 2: Esperando pedidos | Cocinero 3: Esperando pedidos
  CAJAS      Fila: vacía | Cajero 1: Esperando clientes | Cajero 2: Esperando clientes
========================================================================================================================
#00011 [   1.30s] Cliente 2 entra al restaurante (2/12 adentro)
  MESAS      Mesa 1: Libre | Mesa 2: Libre | Mesa 3: Libre | Mesa 4: Libre
  CLIENTES   C1: En la sala de espera | C2: En la sala de espera
  MOZOS      Mozo 1: Esperando | Mozo 2: Esperando | Mozo 3: Esperando
  COCINA     Platos: vacía
  COCINEROS  Cocinero 1: Esperando pedidos | Cocinero 2: Esperando pedidos | Cocinero 3: Esperando pedidos
  CAJAS      Fila: vacía | Cajero 1: Esperando clientes | Cajero 2: Esperando clientes
========================================================================================================================
#00012 [   2.03s] Cliente 3 entra al restaurante (3/12 adentro)
  MESAS      Mesa 1: Libre | Mesa 2: Libre | Mesa 3: Libre | Mesa 4: Libre
  CLIENTES   C1: En la sala de espera | C2: En la sala de espera | C3: En la sala de espera
  MOZOS      Mozo 1: Esperando | Mozo 2: Esperando | Mozo 3: Esperando
  COCINA     Platos: vacía
  COCINEROS  Cocinero 1: Esperando pedidos | Cocinero 2: Esperando pedidos | Cocinero 3: Esperando pedidos
  CAJAS      Fila: vacía | Cajero 1: Esperando clientes | Cajero 2: Esperando clientes
========================================================================================================================
#00013 [   2.03s] Se sientan Cliente 1, Cliente 2, Cliente 3 en la Mesa 1
  MESAS      Mesa 1: Eligiendo menú [C1,C2,C3] | Mesa 2: Libre | Mesa 3: Libre | Mesa 4: Libre
  CLIENTES   C1: En la sala de espera | C2: En la sala de espera | C3: En la sala de espera
  MOZOS      Mozo 1: Esperando | Mozo 2: Esperando | Mozo 3: Esperando
  COCINA     Platos: vacía
  COCINEROS  Cocinero 1: Esperando pedidos | Cocinero 2: Esperando pedidos | Cocinero 3: Esperando pedidos
  CAJAS      Fila: vacía | Cajero 1: Esperando clientes | Cajero 2: Esperando clientes
========================================================================================================================
#00014 [   2.04s] Cliente 2 se sienta en la Mesa 1 y mira la carta
  MESAS      Mesa 1: Eligiendo menú [C1,C2,C3] | Mesa 2: Libre | Mesa 3: Libre | Mesa 4: Libre
  CLIENTES   C1: En la sala de espera | C2: Eligiendo menú (Mesa 1) | C3: En la sala de espera
  MOZOS      Mozo 1: Esperando | Mozo 2: Esperando | Mozo 3: Esperando
  COCINA     Platos: vacía
  COCINEROS  Cocinero 1: Esperando pedidos | Cocinero 2: Esperando pedidos | Cocinero 3: Esperando pedidos
  CAJAS      Fila: vacía | Cajero 1: Esperando clientes | Cajero 2: Esperando clientes
========================================================================================================================
#00015 [   2.04s] Cliente 1 se sienta en la Mesa 1 y mira la carta
  MESAS      Mesa 1: Eligiendo menú [C1,C2,C3] | Mesa 2: Libre | Mesa 3: Libre | Mesa 4: Libre
  CLIENTES   C1: Eligiendo menú (Mesa 1) | C2: Eligiendo menú (Mesa 1) | C3: En la sala de espera
  MOZOS      Mozo 1: Esperando | Mozo 2: Esperando | Mozo 3: Esperando
  COCINA     Platos: vacía
  COCINEROS  Cocinero 1: Esperando pedidos | Cocinero 2: Esperando pedidos | Cocinero 3: Esperando pedidos
  CAJAS      Fila: vacía | Cajero 1: Esperando clientes | Cajero 2: Esperando clientes
========================================================================================================================
#00016 [   2.04s] Cliente 3 se sienta en la Mesa 1 y mira la carta
  MESAS      Mesa 1: Eligiendo menú [C1,C2,C3] | Mesa 2: Libre | Mesa 3: Libre | Mesa 4: Libre
  CLIENTES   C1: Eligiendo menú (Mesa 1) | C2: Eligiendo menú (Mesa 1) | C3: Eligiendo menú (Mesa 1)
  MOZOS      Mozo 1: Esperando | Mozo 2: Esperando | Mozo 3: Esperando
  COCINA     Platos: vacía
  COCINEROS  Cocinero 1: Esperando pedidos | Cocinero 2: Esperando pedidos | Cocinero 3: Esperando pedidos
  CAJAS      Fila: vacía | Cajero 1: Esperando clientes | Cajero 2: Esperando clientes
========================================================================================================================
#00017 [   2.59s] Cliente 3 elige Ñoquis con tuco
  MESAS      Mesa 1: Eligiendo menú [C1,C2,C3] | Mesa 2: Libre | Mesa 3: Libre | Mesa 4: Libre
  CLIENTES   C1: Eligiendo menú (Mesa 1) | C2: Eligiendo menú (Mesa 1) | C3: Eligió Ñoquis con tuco, espera a su mesa
  MOZOS      Mozo 1: Esperando | Mozo 2: Esperando | Mozo 3: Esperando
  COCINA     Platos: vacía
  COCINEROS  Cocinero 1: Esperando pedidos | Cocinero 2: Esperando pedidos | Cocinero 3: Esperando pedidos
  CAJAS      Fila: vacía | Cajero 1: Esperando clientes | Cajero 2: Esperando clientes
========================================================================================================================
#00018 [   2.78s] Cliente 4 entra al restaurante (4/12 adentro)
  MESAS      Mesa 1: Eligiendo menú [C1,C2,C3] | Mesa 2: Libre | Mesa 3: Libre | Mesa 4: Libre
  CLIENTES   C1: Eligiendo menú (Mesa 1) | C2: Eligiendo menú (Mesa 1) | C3: Eligió Ñoquis con tuco, espera a su mesa
             C4: En la sala de espera
  MOZOS      Mozo 1: Esperando | Mozo 2: Esperando | Mozo 3: Esperando
  COCINA     Platos: vacía
  COCINEROS  Cocinero 1: Esperando pedidos | Cocinero 2: Esperando pedidos | Cocinero 3: Esperando pedidos
  CAJAS      Fila: vacía | Cajero 1: Esperando clientes | Cajero 2: Esperando clientes
========================================================================================================================
#00019 [   3.00s] Cliente 1 elige Pizza
  MESAS      Mesa 1: Eligiendo menú [C1,C2,C3] | Mesa 2: Libre | Mesa 3: Libre | Mesa 4: Libre
  CLIENTES   C1: Eligió Pizza, espera a su mesa | C2: Eligiendo menú (Mesa 1)
             C3: Eligió Ñoquis con tuco, espera a su mesa | C4: En la sala de espera
  MOZOS      Mozo 1: Esperando | Mozo 2: Esperando | Mozo 3: Esperando
  COCINA     Platos: vacía
  COCINEROS  Cocinero 1: Esperando pedidos | Cocinero 2: Esperando pedidos | Cocinero 3: Esperando pedidos
  CAJAS      Fila: vacía | Cajero 1: Esperando clientes | Cajero 2: Esperando clientes
========================================================================================================================
#00020 [   3.32s] Cliente 2 elige Milanesa con fritas
  MESAS      Mesa 1: Eligiendo menú [C1,C2,C3] | Mesa 2: Libre | Mesa 3: Libre | Mesa 4: Libre
  CLIENTES   C1: Eligió Pizza, espera a su mesa | C2: Eligió Milanesa con fritas, espera a su mesa
             C3: Eligió Ñoquis con tuco, espera a su mesa | C4: En la sala de espera
  MOZOS      Mozo 1: Esperando | Mozo 2: Esperando | Mozo 3: Esperando
  COCINA     Platos: vacía
  COCINEROS  Cocinero 1: Esperando pedidos | Cocinero 2: Esperando pedidos | Cocinero 3: Esperando pedidos
  CAJAS      Fila: vacía | Cajero 1: Esperando clientes | Cajero 2: Esperando clientes
========================================================================================================================
#00021 [   3.32s] Todos en la Mesa 1 eligieron: llaman a un mozo
  MESAS      Mesa 1: Llamando al mozo [C1,C2,C3] | Mesa 2: Libre | Mesa 3: Libre | Mesa 4: Libre
  CLIENTES   C1: Eligió Pizza, espera a su mesa | C2: Eligió Milanesa con fritas, espera a su mesa
             C3: Eligió Ñoquis con tuco, espera a su mesa | C4: En la sala de espera
  MOZOS      Mozo 1: Esperando | Mozo 2: Esperando | Mozo 3: Esperando
  COCINA     Platos: vacía
  COCINEROS  Cocinero 1: Esperando pedidos | Cocinero 2: Esperando pedidos | Cocinero 3: Esperando pedidos
  CAJAS      Fila: vacía | Cajero 1: Esperando clientes | Cajero 2: Esperando clientes
========================================================================================================================
#00022 [   3.32s] Mozo 1 va a la Mesa 1 a tomar el pedido
  MESAS      Mesa 1: Haciendo el pedido [C1,C2,C3] | Mesa 2: Libre | Mesa 3: Libre | Mesa 4: Libre
  CLIENTES   C1: Pidió Pizza, espera la comida | C2: Pidió Milanesa con fritas, espera la comida
             C3: Pidió Ñoquis con tuco, espera la comida | C4: En la sala de espera
  MOZOS      Mozo 1: Tomando pedido de la Mesa 1 | Mozo 2: Esperando | Mozo 3: Esperando
  COCINA     Platos: vacía
  COCINEROS  Cocinero 1: Esperando pedidos | Cocinero 2: Esperando pedidos | Cocinero 3: Esperando pedidos
  CAJAS      Fila: vacía | Cajero 1: Esperando clientes | Cajero 2: Esperando clientes
========================================================================================================================
#00023 [   3.88s] Cliente 5 entra al restaurante (5/12 adentro)
  MESAS      Mesa 1: Haciendo el pedido [C1,C2,C3] | Mesa 2: Libre | Mesa 3: Libre | Mesa 4: Libre
  CLIENTES   C1: Pidió Pizza, espera la comida | C2: Pidió Milanesa con fritas, espera la comida
             C3: Pidió Ñoquis con tuco, espera la comida | C4: En la sala de espera | C5: En la sala de espera
  MOZOS      Mozo 1: Tomando pedido de la Mesa 1 | Mozo 2: Esperando | Mozo 3: Esperando
  COCINA     Platos: vacía
  COCINEROS  Cocinero 1: Esperando pedidos | Cocinero 2: Esperando pedidos | Cocinero 3: Esperando pedidos
  CAJAS      Fila: vacía | Cajero 1: Esperando clientes | Cajero 2: Esperando clientes
========================================================================================================================
#00024 [   3.92s] Mozo 1 pasa a la cocina el Pedido #1 de la Mesa 1 -> C1: Pizza, C2: Milanesa con fritas, C3: Ñoquis con tuco
  MESAS      Mesa 1: Esperando la comida [C1,C2,C3] | Mesa 2: Libre | Mesa 3: Libre | Mesa 4: Libre
  CLIENTES   C1: Pidió Pizza, espera la comida | C2: Pidió Milanesa con fritas, espera la comida
             C3: Pidió Ñoquis con tuco, espera la comida | C4: En la sala de espera | C5: En la sala de espera
  MOZOS      Mozo 1: Dejó el Pedido #1 en cocina | Mozo 2: Esperando | Mozo 3: Esperando
  COCINA     Platos: vacía
  COCINEROS  Cocinero 1: Esperando pedidos | Cocinero 2: Esperando pedidos | Cocinero 3: Esperando pedidos
  CAJAS      Fila: vacía | Cajero 1: Esperando clientes | Cajero 2: Esperando clientes
========================================================================================================================
#00025 [   3.93s] Cocinero 3 empieza a cocinar Ñoquis con tuco (Pedido #1, Mesa 1)
  MESAS      Mesa 1: Esperando la comida [C1,C2,C3] | Mesa 2: Libre | Mesa 3: Libre | Mesa 4: Libre
  CLIENTES   C1: Pidió Pizza, espera la comida | C2: Pidió Milanesa con fritas, espera la comida
             C3: Pidió Ñoquis con tuco, espera la comida | C4: En la sala de espera | C5: En la sala de espera
  MOZOS      Mozo 1: Esperando | Mozo 2: Esperando | Mozo 3: Esperando
  COCINA     Platos: vacía
  COCINEROS  Cocinero 1: Esperando pedidos | Cocinero 2: Esperando pedidos | Cocinero 3: Cocinando Ñoquis con tuco
  CAJAS      Fila: vacía | Cajero 1: Esperando clientes | Cajero 2: Esperando clientes
========================================================================================================================
#00026 [   3.93s] Cocinero 1 empieza a cocinar Pizza (Pedido #1, Mesa 1)
  MESAS      Mesa 1: Esperando la comida [C1,C2,C3] | Mesa 2: Libre | Mesa 3: Libre | Mesa 4: Libre
  CLIENTES   C1: Pidió Pizza, espera la comida | C2: Pidió Milanesa con fritas, espera la comida
             C3: Pidió Ñoquis con tuco, espera la comida | C4: En la sala de espera | C5: En la sala de espera
  MOZOS      Mozo 1: Esperando | Mozo 2: Esperando | Mozo 3: Esperando
  COCINA     Platos: vacía
  COCINEROS  Cocinero 1: Cocinando Pizza | Cocinero 2: Esperando pedidos | Cocinero 3: Cocinando Ñoquis con tuco
  CAJAS      Fila: vacía | Cajero 1: Esperando clientes | Cajero 2: Esperando clientes
========================================================================================================================
#00027 [   3.93s] Cocinero 2 empieza a cocinar Milanesa con fritas (Pedido #1, Mesa 1)
  MESAS      Mesa 1: Esperando la comida [C1,C2,C3] | Mesa 2: Libre | Mesa 3: Libre | Mesa 4: Libre
  CLIENTES   C1: Pidió Pizza, espera la comida | C2: Pidió Milanesa con fritas, espera la comida
             C3: Pidió Ñoquis con tuco, espera la comida | C4: En la sala de espera | C5: En la sala de espera
  MOZOS      Mozo 1: Esperando | Mozo 2: Esperando | Mozo 3: Esperando
  COCINA     Platos: vacía
  COCINEROS  Cocinero 1: Cocinando Pizza | Cocinero 2: Cocinando Milanesa con fritas
             Cocinero 3: Cocinando Ñoquis con tuco
  CAJAS      Fila: vacía | Cajero 1: Esperando clientes | Cajero 2: Esperando clientes
========================================================================================================================
#00028 [   5.03s] Cliente 6 entra al restaurante (6/12 adentro)
  MESAS      Mesa 1: Esperando la comida [C1,C2,C3] | Mesa 2: Libre | Mesa 3: Libre | Mesa 4: Libre
  CLIENTES   C1: Pidió Pizza, espera la comida | C2: Pidió Milanesa con fritas, espera la comida
             C3: Pidió Ñoquis con tuco, espera la comida | C4: En la sala de espera | C5: En la sala de espera
             C6: En la sala de espera
  MOZOS      Mozo 1: Esperando | Mozo 2: Esperando | Mozo 3: Esperando
  COCINA     Platos: vacía
  COCINEROS  Cocinero 1: Cocinando Pizza | Cocinero 2: Cocinando Milanesa con fritas
             Cocinero 3: Cocinando Ñoquis con tuco
  CAJAS      Fila: vacía | Cajero 1: Esperando clientes | Cajero 2: Esperando clientes
========================================================================================================================
#00029 [   5.03s] Se sientan Cliente 4, Cliente 5, Cliente 6 en la Mesa 2
  MESAS      Mesa 1: Esperando la comida [C1,C2,C3] | Mesa 2: Eligiendo menú [C4,C5,C6] | Mesa 3: Libre | Mesa 4: Libre
  CLIENTES   C1: Pidió Pizza, espera la comida | C2: Pidió Milanesa con fritas, espera la comida
             C3: Pidió Ñoquis con tuco, espera la comida | C4: En la sala de espera | C5: En la sala de espera
             C6: En la sala de espera
  MOZOS      Mozo 1: Esperando | Mozo 2: Esperando | Mozo 3: Esperando
  COCINA     Platos: vacía
  COCINEROS  Cocinero 1: Cocinando Pizza | Cocinero 2: Cocinando Milanesa con fritas
             Cocinero 3: Cocinando Ñoquis con tuco
  CAJAS      Fila: vacía | Cajero 1: Esperando clientes | Cajero 2: Esperando clientes
========================================================================================================================
#00030 [   5.03s] Cliente 6 se sienta en la Mesa 2 y mira la carta
  MESAS      Mesa 1: Esperando la comida [C1,C2,C3] | Mesa 2: Eligiendo menú [C4,C5,C6] | Mesa 3: Libre | Mesa 4: Libre
  CLIENTES   C1: Pidió Pizza, espera la comida | C2: Pidió Milanesa con fritas, espera la comida
             C3: Pidió Ñoquis con tuco, espera la comida | C4: En la sala de espera | C5: En la sala de espera
             C6: Eligiendo menú (Mesa 2)
  MOZOS      Mozo 1: Esperando | Mozo 2: Esperando | Mozo 3: Esperando
  COCINA     Platos: vacía
  COCINEROS  Cocinero 1: Cocinando Pizza | Cocinero 2: Cocinando Milanesa con fritas
             Cocinero 3: Cocinando Ñoquis con tuco
  CAJAS      Fila: vacía | Cajero 1: Esperando clientes | Cajero 2: Esperando clientes
========================================================================================================================
#00031 [   5.03s] Cliente 4 se sienta en la Mesa 2 y mira la carta
  MESAS      Mesa 1: Esperando la comida [C1,C2,C3] | Mesa 2: Eligiendo menú [C4,C5,C6] | Mesa 3: Libre | Mesa 4: Libre
  CLIENTES   C1: Pidió Pizza, espera la comida | C2: Pidió Milanesa con fritas, espera la comida
             C3: Pidió Ñoquis con tuco, espera la comida | C4: Eligiendo menú (Mesa 2) | C5: En la sala de espera
             C6: Eligiendo menú (Mesa 2)
  MOZOS      Mozo 1: Esperando | Mozo 2: Esperando | Mozo 3: Esperando
  COCINA     Platos: vacía
  COCINEROS  Cocinero 1: Cocinando Pizza | Cocinero 2: Cocinando Milanesa con fritas
             Cocinero 3: Cocinando Ñoquis con tuco
  CAJAS      Fila: vacía | Cajero 1: Esperando clientes | Cajero 2: Esperando clientes
========================================================================================================================
#00032 [   5.03s] Cliente 5 se sienta en la Mesa 2 y mira la carta
  MESAS      Mesa 1: Esperando la comida [C1,C2,C3] | Mesa 2: Eligiendo menú [C4,C5,C6] | Mesa 3: Libre | Mesa 4: Libre
  CLIENTES   C1: Pidió Pizza, espera la comida | C2: Pidió Milanesa con fritas, espera la comida
             C3: Pidió Ñoquis con tuco, espera la comida | C4: Eligiendo menú (Mesa 2) | C5: Eligiendo menú (Mesa 2)
             C6: Eligiendo menú (Mesa 2)
  MOZOS      Mozo 1: Esperando | Mozo 2: Esperando | Mozo 3: Esperando
  COCINA     Platos: vacía
  COCINEROS  Cocinero 1: Cocinando Pizza | Cocinero 2: Cocinando Milanesa con fritas
             Cocinero 3: Cocinando Ñoquis con tuco
  CAJAS      Fila: vacía | Cajero 1: Esperando clientes | Cajero 2: Esperando clientes
========================================================================================================================
#00033 [   5.24s] Cocinero 2 deja listo Milanesa con fritas (Pedido #1, Mesa 1)
  MESAS      Mesa 1: Esperando la comida [C1,C2,C3] | Mesa 2: Eligiendo menú [C4,C5,C6] | Mesa 3: Libre | Mesa 4: Libre
  CLIENTES   C1: Pidió Pizza, espera la comida | C2: Pidió Milanesa con fritas, espera la comida
             C3: Pidió Ñoquis con tuco, espera la comida | C4: Eligiendo menú (Mesa 2) | C5: Eligiendo menú (Mesa 2)
             C6: Eligiendo menú (Mesa 2)
  MOZOS      Mozo 1: Esperando | Mozo 2: Esperando | Mozo 3: Esperando
  COCINA     Platos: vacía
  COCINEROS  Cocinero 1: Cocinando Pizza | Cocinero 2: Dejó listo Milanesa con fritas
             Cocinero 3: Cocinando Ñoquis con tuco
  CAJAS      Fila: vacía | Cajero 1: Esperando clientes | Cajero 2: Esperando clientes
========================================================================================================================
#00034 [   5.58s] Cliente 4 elige Hamburguesa
  MESAS      Mesa 1: Esperando la comida [C1,C2,C3] | Mesa 2: Eligiendo menú [C4,C5,C6] | Mesa 3: Libre | Mesa 4: Libre
  CLIENTES   C1: Pidió Pizza, espera la comida | C2: Pidió Milanesa con fritas, espera la comida
             C3: Pidió Ñoquis con tuco, espera la comida | C4: Eligió Hamburguesa, espera a su mesa
             C5: Eligiendo menú (Mesa 2) | C6: Eligiendo menú (Mesa 2)
  MOZOS      Mozo 1: Esperando | Mozo 2: Esperando | Mozo 3: Esperando
  COCINA     Platos: vacía
  COCINEROS  Cocinero 1: Cocinando Pizza | Cocinero 2: Esperando pedidos | Cocinero 3: Cocinando Ñoquis con tuco
  CAJAS      Fila: vacía | Cajero 1: Esperando clientes | Cajero 2: Esperando clientes
========================================================================================================================
#00035 [   5.62s] Cocinero 3 deja listo Ñoquis con tuco (Pedido #1, Mesa 1)
  MESAS      Mesa 1: Esperando la comida [C1,C2,C3] | Mesa 2: Eligiendo menú [C4,C5,C6] | Mesa 3: Libre | Mesa 4: Libre
  CLIENTES   C1: Pidió Pizza, espera la comida | C2: Pidió Milanesa con fritas, espera la comida
             C3: Pidió Ñoquis con tuco, espera la comida | C4: Eligió Hamburguesa, espera a su mesa
             C5: Eligiendo menú (Mesa 2) | C6: Eligiendo menú (Mesa 2)
  MOZOS      Mozo 1: Esperando | Mozo 2: Esperando | Mozo 3: Esperando
  COCINA     Platos: vacía
  COCINEROS  Cocinero 1: Cocinando Pizza | Cocinero 2: Esperando pedidos | Cocinero 3: Dejó listo Ñoquis con tuco
  CAJAS      Fila: vacía | Cajero 1: Esperando clientes | Cajero 2: Esperando clientes
========================================================================================================================
#00036 [   5.86s] Cliente 5 elige Pizza
  MESAS      Mesa 1: Esperando la comida [C1,C2,C3] | Mesa 2: Eligiendo menú [C4,C5,C6] | Mesa 3: Libre | Mesa 4: Libre
  CLIENTES   C1: Pidió Pizza, espera la comida | C2: Pidió Milanesa con fritas, espera la comida
             C3: Pidió Ñoquis con tuco, espera la comida | C4: Eligió Hamburguesa, espera a su mesa
             C5: Eligió Pizza, espera a su mesa | C6: Eligiendo menú (Mesa 2)
  MOZOS      Mozo 1: Esperando | Mozo 2: Esperando | Mozo 3: Esperando
  COCINA     Platos: vacía
  COCINEROS  Cocinero 1: Cocinando Pizza | Cocinero 2: Esperando pedidos | Cocinero 3: Esperando pedidos
  CAJAS      Fila: vacía | Cajero 1: Esperando clientes | Cajero 2: Esperando clientes
========================================================================================================================
#00037 [   6.20s] Cliente 7 entra al restaurante (7/12 adentro)
  MESAS      Mesa 1: Esperando la comida [C1,C2,C3] | Mesa 2: Eligiendo menú [C4,C5,C6] | Mesa 3: Libre | Mesa 4: Libre
  CLIENTES   C1: Pidió Pizza, espera la comida | C2: Pidió Milanesa con fritas, espera la comida
             C3: Pidió Ñoquis con tuco, espera la comida | C4: Eligió Hamburguesa, espera a su mesa
             C5: Eligió Pizza, espera a su mesa | C6: Eligiendo menú (Mesa 2) | C7: En la sala de espera
  MOZOS      Mozo 1: Esperando | Mozo 2: Esperando | Mozo 3: Esperando
  COCINA     Platos: vacía
  COCINEROS  Cocinero 1: Cocinando Pizza | Cocinero 2: Esperando pedidos | Cocinero 3: Esperando pedidos
  CAJAS      Fila: vacía | Cajero 1: Esperando clientes | Cajero 2: Esperando clientes
========================================================================================================================
#00038 [   6.39s] Cliente 6 elige Ensalada César
  MESAS      Mesa 1: Esperando la comida [C1,C2,C3] | Mesa 2: Eligiendo menú [C4,C5,C6] | Mesa 3: Libre | Mesa 4: Libre
  CLIENTES   C1: Pidió Pizza, espera la comida | C2: Pidió Milanesa con fritas, espera la comida
             C3: Pidió Ñoquis con tuco, espera la comida | C4: Eligió Hamburguesa, espera a su mesa
             C5: Eligió Pizza, espera a su mesa | C6: Eligió Ensalada César, espera a su mesa | C7: En la sala de espera
  MOZOS      Mozo 1: Esperando | Mozo 2: Esperando | Mozo 3: Esperando
  COCINA     Platos: vacía
  COCINEROS  Cocinero 1: Cocinando Pizza | Cocinero 2: Esperando pedidos | Cocinero 3: Esperando pedidos
  CAJAS      Fila: vacía | Cajero 1: Esperando clientes | Cajero 2: Esperando clientes
========================================================================================================================
#00039 [   6.39s] Todos en la Mesa 2 eligieron: llaman a un mozo
  MESAS      Mesa 1: Esperando la comida [C1,C2,C3] | Mesa 2: Llamando al mozo [C4,C5,C6] | Mesa 3: Libre
             Mesa 4: Libre
  CLIENTES   C1: Pidió Pizza, espera la comida | C2: Pidió Milanesa con fritas, espera la comida
             C3: Pidió Ñoquis con tuco, espera la comida | C4: Eligió Hamburguesa, espera a su mesa
             C5: Eligió Pizza, espera a su mesa | C6: Eligió Ensalada César, espera a su mesa | C7: En la sala de espera
  MOZOS      Mozo 1: Esperando | Mozo 2: Esperando | Mozo 3: Esperando
  COCINA     Platos: vacía
  COCINEROS  Cocinero 1: Cocinando Pizza | Cocinero 2: Esperando pedidos | Cocinero 3: Esperando pedidos
  CAJAS      Fila: vacía | Cajero 1: Esperando clientes | Cajero 2: Esperando clientes
========================================================================================================================
#00040 [   6.40s] Mozo 1 va a la Mesa 2 a tomar el pedido
  MESAS      Mesa 1: Esperando la comida [C1,C2,C3] | Mesa 2: Haciendo el pedido [C4,C5,C6] | Mesa 3: Libre
             Mesa 4: Libre
  CLIENTES   C1: Pidió Pizza, espera la comida | C2: Pidió Milanesa con fritas, espera la comida
             C3: Pidió Ñoquis con tuco, espera la comida | C4: Esperando al mozo (Hamburguesa)
             C5: Pidió Pizza, espera la comida | C6: Esperando al mozo (Ensalada César) | C7: En la sala de espera
  MOZOS      Mozo 1: Tomando pedido de la Mesa 2 | Mozo 2: Esperando | Mozo 3: Esperando
  COCINA     Platos: vacía
  COCINEROS  Cocinero 1: Cocinando Pizza | Cocinero 2: Esperando pedidos | Cocinero 3: Esperando pedidos
  CAJAS      Fila: vacía | Cajero 1: Esperando clientes | Cajero 2: Esperando clientes
========================================================================================================================
#00041 [   6.43s] Cocinero 1 deja listo Pizza (Pedido #1, Mesa 1)
  MESAS      Mesa 1: Esperando la comida [C1,C2,C3] | Mesa 2: Haciendo el pedido [C4,C5,C6] | Mesa 3: Libre
             Mesa 4: Libre
  CLIENTES   C1: Pidió Pizza, espera la comida | C2: Pidió Milanesa con fritas, espera la comida
             C3: Pidió Ñoquis con tuco, espera la comida | C4: Pidió Hamburguesa, espera la comida
             C5: Pidió Pizza, espera la comida | C6: Pidió Ensalada César, espera la comida | C7: En la sala de espera
  MOZOS      Mozo 1: Tomando pedido de la Mesa 2 | Mozo 2: Esperando | Mozo 3: Esperando
  COCINA     Platos: vacía
  COCINEROS  Cocinero 1: Dejó listo Pizza | Cocinero 2: Esperando pedidos | Cocinero 3: Esperando pedidos
  CAJAS      Fila: vacía | Cajero 1: Esperando clientes | Cajero 2: Esperando clientes
========================================================================================================================
#00042 [   6.43s] La cocina avisa a los mozos: Pedido #1 de la Mesa 1 está completo
  MESAS      Mesa 1: Platos listos en cocina [C1,C2,C3] | Mesa 2: Haciendo el pedido [C4,C5,C6] | Mesa 3: Libre
             Mesa 4: Libre
  CLIENTES   C1: Pidió Pizza, espera la comida | C2: Pidió Milanesa con fritas, espera la comida
             C3: Pidió Ñoquis con tuco, espera la comida | C4: Pidió Hamburguesa, espera la comida
             C5: Pidió Pizza, espera la comida | C6: Pidió Ensalada César, espera la comida | C7: En la sala de espera
  MOZOS      Mozo 1: Tomando pedido de la Mesa 2 | Mozo 2: Esperando | Mozo 3: Esperando
  COCINA     Platos: vacía
  COCINEROS  Cocinero 1: Dejó listo Pizza | Cocinero 2: Esperando pedidos | Cocinero 3: Esperando pedidos
  CAJAS      Fila: vacía | Cajero 1: Esperando clientes | Cajero 2: Esperando clientes
========================================================================================================================
#00043 [   6.43s] Mozo 2 retira de la cocina los platos de la Mesa 1
  MESAS      Mesa 1: Platos listos en cocina [C1,C2,C3] | Mesa 2: Haciendo el pedido [C4,C5,C6] | Mesa 3: Libre
             Mesa 4: Libre
  CLIENTES   C1: Pidió Pizza, espera la comida | C2: Pidió Milanesa con fritas, espera la comida
             C3: Pidió Ñoquis con tuco, espera la comida | C4: Pidió Hamburguesa, espera la comida
             C5: Pidió Pizza, espera la comida | C6: Pidió Ensalada César, espera la comida | C7: En la sala de espera
  MOZOS      Mozo 1: Tomando pedido de la Mesa 2 | Mozo 2: Llevando platos a la Mesa 1 | Mozo 3: Esperando
  COCINA     Platos: vacía
  COCINEROS  Cocinero 1: Esperando pedidos | Cocinero 2: Esperando pedidos | Cocinero 3: Esperando pedidos
  CAJAS      Fila: vacía | Cajero 1: Esperando clientes | Cajero 2: Esperando clientes
========================================================================================================================
#00044 [   6.64s] Cliente 8 entra al restaurante (8/12 adentro)
  MESAS      Mesa 1: Platos listos en cocina [C1,C2,C3] | Mesa 2: Haciendo el pedido [C4,C5,C6] | Mesa 3: Libre
             Mesa 4: Libre
  CLIENTES   C1: Pidió Pizza, espera la comida | C2: Pidió Milanesa con fritas, espera la comida
             C3: Pidió Ñoquis con tuco, espera la comida | C4: Pidió Hamburguesa, espera la comida
             C5: Pidió Pizza, espera la comida | C6: Pidió Ensalada César, espera la comida | C7: En la sala de espera
             C8: En la sala de espera
  MOZOS      Mozo 1: Tomando pedido de la Mesa 2 | Mozo 2: Llevando platos a la Mesa 1 | Mozo 3: Esperando
  COCINA     Platos: vacía
  COCINEROS  Cocinero 1: Esperando pedidos | Cocinero 2: Esperando pedidos | Cocinero 3: Esperando pedidos
  CAJAS      Fila: vacía | Cajero 1: Esperando clientes | Cajero 2: Esperando clientes
========================================================================================================================
#00045 [   6.96s] Mozo 2 sirve los platos en la Mesa 1
  MESAS      Mesa 1: Comiendo [C1,C2,C3] | Mesa 2: Haciendo el pedido [C4,C5,C6] | Mesa 3: Libre | Mesa 4: Libre
  CLIENTES   C1: Pidió Pizza, espera la comida | C2: Pidió Milanesa con fritas, espera la comida
             C3: Pidió Ñoquis con tuco, espera la comida | C4: Pidió Hamburguesa, espera la comida
             C5: Pidió Pizza, espera la comida | C6: Pidió Ensalada César, espera la comida | C7: En la sala de espera
             C8: En la sala de espera
  MOZOS      Mozo 1: Tomando pedido de la Mesa 2 | Mozo 2: Sirvió la Mesa 1 | Mozo 3: Esperando
  COCINA     Platos: vacía
  COCINEROS  Cocinero 1: Esperando pedidos | Cocinero 2: Esperando pedidos | Cocinero 3: Esperando pedidos
  CAJAS      Fila: vacía | Cajero 1: Esperando clientes | Cajero 2: Esperando clientes
========================================================================================================================
#00046 [   6.96s] Cliente 1 empieza a comer Pizza
  MESAS      Mesa 1: Comiendo [C1,C2,C3] | Mesa 2: Haciendo el pedido [C4,C5,C6] | Mesa 3: Libre | Mesa 4: Libre
  CLIENTES   C1: Comiendo Pizza | C2: Pidió Milanesa con fritas, espera la comida
             C3: Pidió Ñoquis con tuco, espera la comida | C4: Pidió Hamburguesa, espera la comida
             C5: Pidió Pizza, espera la comida | C6: Pidió Ensalada César, espera la comida | C7: En la sala de espera
             C8: En la sala de espera
  MOZOS      Mozo 1: Tomando pedido de la Mesa 2 | Mozo 2: Sirvió la Mesa 1 | Mozo 3: Esperando
  COCINA     Platos: vacía
  COCINEROS  Cocinero 1: Esperando pedidos | Cocinero 2: Esperando pedidos | Cocinero 3: Esperando pedidos
  CAJAS      Fila: vacía | Cajero 1: Esperando clientes | Cajero 2: Esperando clientes
========================================================================================================================
#00047 [   6.97s] Cliente 3 empieza a comer Ñoquis con tuco
  MESAS      Mesa 1: Comiendo [C1,C2,C3] | Mesa 2: Haciendo el pedido [C4,C5,C6] | Mesa 3: Libre | Mesa 4: Libre
  CLIENTES   C1: Comiendo Pizza | C2: Pidió Milanesa con fritas, espera la comida | C3: Comiendo Ñoquis con tuco
             C4: Pidió Hamburguesa, espera la comida | C5: Pidió Pizza, espera la comida
             C6: Pidió Ensalada César, espera la comida | C7: En la sala de espera | C8: En la sala de espera
  MOZOS      Mozo 1: Tomando pedido de la Mesa 2 | Mozo 2: Sirvió la Mesa 1 | Mozo 3: Esperando
  COCINA     Platos: vacía
  COCINEROS  Cocinero 1: Esperando pedidos | Cocinero 2: Esperando pedidos | Cocinero 3: Esperando pedidos
  CAJAS      Fila: vacía | Cajero 1: Esperando clientes | Cajero 2: Esperando clientes
========================================================================================================================
#00048 [   6.97s] Cliente 2 empieza a comer Milanesa con fritas
  MESAS      Mesa 1: Comiendo [C1,C2,C3] | Mesa 2: Haciendo el pedido [C4,C5,C6] | Mesa 3: Libre | Mesa 4: Libre
  CLIENTES   C1: Comiendo Pizza | C2: Comiendo Milanesa con fritas | C3: Comiendo Ñoquis con tuco
             C4: Pidió Hamburguesa, espera la comida | C5: Pidió Pizza, espera la comida
             C6: Pidió Ensalada César, espera la comida | C7: En la sala de espera | C8: En la sala de espera
  MOZOS      Mozo 1: Tomando pedido de la Mesa 2 | Mozo 2: Sirvió la Mesa 1 | Mozo 3: Esperando
  COCINA     Platos: vacía
  COCINEROS  Cocinero 1: Esperando pedidos | Cocinero 2: Esperando pedidos | Cocinero 3: Esperando pedidos
  CAJAS      Fila: vacía | Cajero 1: Esperando clientes | Cajero 2: Esperando clientes
========================================================================================================================
#00049 [   7.04s] Mozo 1 pasa a la cocina el Pedido #2 de la Mesa 2 -> C4: Hamburguesa, C5: Pizza, C6: Ensalada César
  MESAS      Mesa 1: Comiendo [C1,C2,C3] | Mesa 2: Esperando la comida [C4,C5,C6] | Mesa 3: Libre | Mesa 4: Libre
  CLIENTES   C1: Comiendo Pizza | C2: Comiendo Milanesa con fritas | C3: Comiendo Ñoquis con tuco
             C4: Pidió Hamburguesa, espera la comida | C5: Pidió Pizza, espera la comida
             C6: Pidió Ensalada César, espera la comida | C7: En la sala de espera | C8: En la sala de espera
  MOZOS      Mozo 1: Dejó el Pedido #2 en cocina | Mozo 2: Esperando | Mozo 3: Esperando
  COCINA     Platos: vacía
  COCINEROS  Cocinero 1: Esperando pedidos | Cocinero 2: Esperando pedidos | Cocinero 3: Esperando pedidos
  CAJAS      Fila: vacía | Cajero 1: Esperando clientes | Cajero 2: Esperando clientes
========================================================================================================================
#00050 [   7.04s] Cocinero 2 empieza a cocinar Hamburguesa (Pedido #2, Mesa 2)
  MESAS      Mesa 1: Comiendo [C1,C2,C3] | Mesa 2: Esperando la comida [C4,C5,C6] | Mesa 3: Libre | Mesa 4: Libre
  CLIENTES   C1: Comiendo Pizza | C2: Comiendo Milanesa con fritas | C3: Comiendo Ñoquis con tuco
             C4: Pidió Hamburguesa, espera la comida | C5: Pidió Pizza, espera la comida
             C6: Pidió Ensalada César, espera la comida | C7: En la sala de espera | C8: En la sala de espera
  MOZOS      Mozo 1: Esperando | Mozo 2: Esperando | Mozo 3: Esperando
  COCINA     Platos: vacía
  COCINEROS  Cocinero 1: Esperando pedidos | Cocinero 2: Cocinando Hamburguesa | Cocinero 3: Esperando pedidos
  CAJAS      Fila: vacía | Cajero 1: Esperando clientes | Cajero 2: Esperando clientes
========================================================================================================================
#00051 [   7.05s] Cocinero 1 empieza a cocinar Ensalada César (Pedido #2, Mesa 2)
  MESAS      Mesa 1: Comiendo [C1,C2,C3] | Mesa 2: Esperando la comida [C4,C5,C6] | Mesa 3: Libre | Mesa 4: Libre
  CLIENTES   C1: Comiendo Pizza | C2: Comiendo Milanesa con fritas | C3: Comiendo Ñoquis con tuco
             C4: Pidió Hamburguesa, espera la comida | C5: Pidió Pizza, espera la comida
             C6: Pidió Ensalada César, espera la comida | C7: En la sala de espera | C8: En la sala de espera
  MOZOS      Mozo 1: Esperando | Mozo 2: Esperando | Mozo 3: Esperando
  COCINA     Platos: vacía
  COCINEROS  Cocinero 1: Cocinando Ensalada César | Cocinero 2: Cocinando Hamburguesa | Cocinero 3: Esperando pedidos
  CAJAS      Fila: vacía | Cajero 1: Esperando clientes | Cajero 2: Esperando clientes
========================================================================================================================
#00052 [   7.05s] Cocinero 3 empieza a cocinar Pizza (Pedido #2, Mesa 2)
  MESAS      Mesa 1: Comiendo [C1,C2,C3] | Mesa 2: Esperando la comida [C4,C5,C6] | Mesa 3: Libre | Mesa 4: Libre
  CLIENTES   C1: Comiendo Pizza | C2: Comiendo Milanesa con fritas | C3: Comiendo Ñoquis con tuco
             C4: Pidió Hamburguesa, espera la comida | C5: Pidió Pizza, espera la comida
             C6: Pidió Ensalada César, espera la comida | C7: En la sala de espera | C8: En la sala de espera
  MOZOS      Mozo 1: Esperando | Mozo 2: Esperando | Mozo 3: Esperando
  COCINA     Platos: vacía
  COCINEROS  Cocinero 1: Cocinando Ensalada César | Cocinero 2: Cocinando Hamburguesa | Cocinero 3: Cocinando Pizza
  CAJAS      Fila: vacía | Cajero 1: Esperando clientes | Cajero 2: Esperando clientes
========================================================================================================================
#00053 [   7.54s] Cocinero 1 deja listo Ensalada César (Pedido #2, Mesa 2)
  MESAS      Mesa 1: Comiendo [C1,C2,C3] | Mesa 2: Esperando la comida [C4,C5,C6] | Mesa 3: Libre | Mesa 4: Libre
  CLIENTES   C1: Comiendo Pizza | C2: Comiendo Milanesa con fritas | C3: Comiendo Ñoquis con tuco
             C4: Pidió Hamburguesa, espera la comida | C5: Pidió Pizza, espera la comida
             C6: Pidió Ensalada César, espera la comida | C7: En la sala de espera | C8: En la sala de espera
  MOZOS      Mozo 1: Esperando | Mozo 2: Esperando | Mozo 3: Esperando
  COCINA     Platos: vacía
  COCINEROS  Cocinero 1: Dejó listo Ensalada César | Cocinero 2: Cocinando Hamburguesa | Cocinero 3: Cocinando Pizza
  CAJAS      Fila: vacía | Cajero 1: Esperando clientes | Cajero 2: Esperando clientes
========================================================================================================================
#00054 [   7.83s] Cliente 9 entra al restaurante (9/12 adentro)
  MESAS      Mesa 1: Comiendo [C1,C2,C3] | Mesa 2: Esperando la comida [C4,C5,C6] | Mesa 3: Libre | Mesa 4: Libre
  CLIENTES   C1: Comiendo Pizza | C2: Comiendo Milanesa con fritas | C3: Comiendo Ñoquis con tuco
             C4: Pidió Hamburguesa, espera la comida | C5: Pidió Pizza, espera la comida
             C6: Pidió Ensalada César, espera la comida | C7: En la sala de espera | C8: En la sala de espera
             C9: En la sala de espera
  MOZOS      Mozo 1: Esperando | Mozo 2: Esperando | Mozo 3: Esperando
  COCINA     Platos: vacía
  COCINEROS  Cocinero 1: Esperando pedidos | Cocinero 2: Cocinando Hamburguesa | Cocinero 3: Cocinando Pizza
  CAJAS      Fila: vacía | Cajero 1: Esperando clientes | Cajero 2: Esperando clientes
========================================================================================================================
#00055 [   7.83s] Se sientan Cliente 7, Cliente 8, Cliente 9 en la Mesa 3
  MESAS      Mesa 1: Comiendo [C1,C2,C3] | Mesa 2: Esperando la comida [C4,C5,C6] | Mesa 3: Eligiendo menú [C7,C8,C9]
             Mesa 4: Libre
  CLIENTES   C1: Comiendo Pizza | C2: Comiendo Milanesa con fritas | C3: Comiendo Ñoquis con tuco
             C4: Pidió Hamburguesa, espera la comida | C5: Pidió Pizza, espera la comida
             C6: Pidió Ensalada César, espera la comida | C7: En la sala de espera | C8: En la sala de espera
             C9: En la sala de espera
  MOZOS      Mozo 1: Esperando | Mozo 2: Esperando | Mozo 3: Esperando
  COCINA     Platos: vacía
  COCINEROS  Cocinero 1: Esperando pedidos | Cocinero 2: Cocinando Hamburguesa | Cocinero 3: Cocinando Pizza
  CAJAS      Fila: vacía | Cajero 1: Esperando clientes | Cajero 2: Esperando clientes
========================================================================================================================
#00056 [   7.83s] Cliente 9 se sienta en la Mesa 3 y mira la carta
  MESAS      Mesa 1: Comiendo [C1,C2,C3] | Mesa 2: Esperando la comida [C4,C5,C6] | Mesa 3: Eligiendo menú [C7,C8,C9]
             Mesa 4: Libre
  CLIENTES   C1: Comiendo Pizza | C2: Comiendo Milanesa con fritas | C3: Comiendo Ñoquis con tuco
             C4: Pidió Hamburguesa, espera la comida | C5: Pidió Pizza, espera la comida
             C6: Pidió Ensalada César, espera la comida | C7: En la sala de espera | C8: En la sala de espera
             C9: Eligiendo menú (Mesa 3)
  MOZOS      Mozo 1: Esperando | Mozo 2: Esperando | Mozo 3: Esperando
  COCINA     Platos: vacía
  COCINEROS  Cocinero 1: Esperando pedidos | Cocinero 2: Cocinando Hamburguesa | Cocinero 3: Cocinando Pizza
  CAJAS      Fila: vacía | Cajero 1: Esperando clientes | Cajero 2: Esperando clientes
========================================================================================================================
#00057 [   7.83s] Cliente 7 se sienta en la Mesa 3 y mira la carta
  MESAS      Mesa 1: Comiendo [C1,C2,C3] | Mesa 2: Esperando la comida [C4,C5,C6] | Mesa 3: Eligiendo menú [C7,C8,C9]
             Mesa 4: Libre
  CLIENTES   C1: Comiendo Pizza | C2: Comiendo Milanesa con fritas | C3: Comiendo Ñoquis con tuco
             C4: Pidió Hamburguesa, espera la comida | C5: Pidió Pizza, espera la comida
             C6: Pidió Ensalada César, espera la comida | C7: Eligiendo menú (Mesa 3) | C8: En la sala de espera
             C9: Eligiendo menú (Mesa 3)
  MOZOS      Mozo 1: Esperando | Mozo 2: Esperando | Mozo 3: Esperando
  COCINA     Platos: vacía
  COCINEROS  Cocinero 1: Esperando pedidos | Cocinero 2: Cocinando Hamburguesa | Cocinero 3: Cocinando Pizza
  CAJAS      Fila: vacía | Cajero 1: Esperando clientes | Cajero 2: Esperando clientes
========================================================================================================================
#00058 [   7.83s] Cliente 8 se sienta en la Mesa 3 y mira la carta
  MESAS      Mesa 1: Comiendo [C1,C2,C3] | Mesa 2: Esperando la comida [C4,C5,C6] | Mesa 3: Eligiendo menú [C7,C8,C9]
             Mesa 4: Libre
  CLIENTES   C1: Comiendo Pizza | C2: Comiendo Milanesa con fritas | C3: Comiendo Ñoquis con tuco
             C4: Pidió Hamburguesa, espera la comida | C5: Pidió Pizza, espera la comida
             C6: Pidió Ensalada César, espera la comida | C7: Eligiendo menú (Mesa 3) | C8: Eligiendo menú (Mesa 3)
             C9: Eligiendo menú (Mesa 3)
  MOZOS      Mozo 1: Esperando | Mozo 2: Esperando | Mozo 3: Esperando
  COCINA     Platos: vacía
  COCINEROS  Cocinero 1: Esperando pedidos | Cocinero 2: Cocinando Hamburguesa | Cocinero 3: Cocinando Pizza
  CAJAS      Fila: vacía | Cajero 1: Esperando clientes | Cajero 2: Esperando clientes
========================================================================================================================
#00059 [   8.52s] Cocinero 2 deja listo Hamburguesa (Pedido #2, Mesa 2)
  MESAS      Mesa 1: Comiendo [C1,C2,C3] | Mesa 2: Esperando la comida [C4,C5,C6] | Mesa 3: Eligiendo menú [C7,C8,C9]
             Mesa 4: Libre
  CLIENTES   C1: Comiendo Pizza | C2: Comiendo Milanesa con fritas | C3: Comiendo Ñoquis con tuco
             C4: Pidió Hamburguesa, espera la comida | C5: Pidió Pizza, espera la comida
             C6: Pidió Ensalada César, espera la comida | C7: Eligiendo menú (Mesa 3) | C8: Eligiendo menú (Mesa 3)
             C9: Eligiendo menú (Mesa 3)
  MOZOS      Mozo 1: Esperando | Mozo 2: Esperando | Mozo 3: Esperando
  COCINA     Platos: vacía
  COCINEROS  Cocinero 1: Esperando pedidos | Cocinero 2: Dejó listo Hamburguesa | Cocinero 3: Cocinando Pizza
  CAJAS      Fila: vacía | Cajero 1: Esperando clientes | Cajero 2: Esperando clientes
========================================================================================================================
#00060 [   8.83s] Cliente 7 elige Pizza
  MESAS      Mesa 1: Comiendo [C1,C2,C3] | Mesa 2: Esperando la comida [C4,C5,C6] | Mesa 3: Eligiendo menú [C7,C8,C9]
             Mesa 4: Libre
  CLIENTES   C1: Comiendo Pizza | C2: Comiendo Milanesa con fritas | C3: Comiendo Ñoquis con tuco
             C4: Pidió Hamburguesa, espera la comida | C5: Pidió Pizza, espera la comida
             C6: Pidió Ensalada César, espera la comida | C7: Eligió Pizza, espera a su mesa
             C8: Eligiendo menú (Mesa 3) | C9: Eligiendo menú (Mesa 3)
  MOZOS      Mozo 1: Esperando | Mozo 2: Esperando | Mozo 3: Esperando
  COCINA     Platos: vacía
  COCINEROS  Cocinero 1: Esperando pedidos | Cocinero 2: Esperando pedidos | Cocinero 3: Cocinando Pizza
  CAJAS      Fila: vacía | Cajero 1: Esperando clientes | Cajero 2: Esperando clientes
========================================================================================================================
#00061 [   8.97s] Cliente 8 elige Chivito
  MESAS      Mesa 1: Comiendo [C1,C2,C3] | Mesa 2: Esperando la comida [C4,C5,C6] | Mesa 3: Eligiendo menú [C7,C8,C9]
             Mesa 4: Libre
  CLIENTES   C1: Comiendo Pizza | C2: Comiendo Milanesa con fritas | C3: Comiendo Ñoquis con tuco
             C4: Pidió Hamburguesa, espera la comida | C5: Pidió Pizza, espera la comida
             C6: Pidió Ensalada César, espera la comida | C7: Eligió Pizza, espera a su mesa
             C8: Eligió Chivito, espera a su mesa | C9: Eligiendo menú (Mesa 3)
  MOZOS      Mozo 1: Esperando | Mozo 2: Esperando | Mozo 3: Esperando
  COCINA     Platos: vacía
  COCINEROS  Cocinero 1: Esperando pedidos | Cocinero 2: Esperando pedidos | Cocinero 3: Cocinando Pizza
  CAJAS      Fila: vacía | Cajero 1: Esperando clientes | Cajero 2: Esperando clientes
========================================================================================================================
#00062 [   8.97s] Cliente 10 entra al restaurante (10/12 adentro)
  MESAS      Mesa 1: Comiendo [C1,C2,C3] | Mesa 2: Esperando la comida [C4,C5,C6] | Mesa 3: Eligiendo menú [C7,C8,C9]
             Mesa 4: Libre
  CLIENTES   C1: Comiendo Pizza | C2: Comiendo Milanesa con fritas | C3: Comiendo Ñoquis con tuco
             C4: Pidió Hamburguesa, espera la comida | C5: Pidió Pizza, espera la comida
             C6: Pidió Ensalada César, espera la comida | C7: Eligió Pizza, espera a su mesa
             C8: Eligió Chivito, espera a su mesa | C9: Eligiendo menú (Mesa 3) | C10: En la sala de espera
  MOZOS      Mozo 1: Esperando | Mozo 2: Esperando | Mozo 3: Esperando
  COCINA     Platos: vacía
  COCINEROS  Cocinero 1: Esperando pedidos | Cocinero 2: Esperando pedidos | Cocinero 3: Cocinando Pizza
  CAJAS      Fila: vacía | Cajero 1: Esperando clientes | Cajero 2: Esperando clientes
========================================================================================================================
#00063 [   9.05s] Cocinero 3 deja listo Pizza (Pedido #2, Mesa 2)
  MESAS      Mesa 1: Comiendo [C1,C2,C3] | Mesa 2: Esperando la comida [C4,C5,C6] | Mesa 3: Eligiendo menú [C7,C8,C9]
             Mesa 4: Libre
  CLIENTES   C1: Comiendo Pizza | C2: Comiendo Milanesa con fritas | C3: Comiendo Ñoquis con tuco
             C4: Pidió Hamburguesa, espera la comida | C5: Pidió Pizza, espera la comida
             C6: Pidió Ensalada César, espera la comida | C7: Eligió Pizza, espera a su mesa
             C8: Eligió Chivito, espera a su mesa | C9: Eligiendo menú (Mesa 3) | C10: En la sala de espera
  MOZOS      Mozo 1: Esperando | Mozo 2: Esperando | Mozo 3: Esperando
  COCINA     Platos: vacía
  COCINEROS  Cocinero 1: Esperando pedidos | Cocinero 2: Esperando pedidos | Cocinero 3: Dejó listo Pizza
  CAJAS      Fila: vacía | Cajero 1: Esperando clientes | Cajero 2: Esperando clientes
========================================================================================================================
#00064 [   9.06s] La cocina avisa a los mozos: Pedido #2 de la Mesa 2 está completo
  MESAS      Mesa 1: Comiendo [C1,C2,C3] | Mesa 2: Platos listos en cocina [C4,C5,C6]
             Mesa 3: Eligiendo menú [C7,C8,C9] | Mesa 4: Libre
  CLIENTES   C1: Comiendo Pizza | C2: Comiendo Milanesa con fritas | C3: Comiendo Ñoquis con tuco
             C4: Pidió Hamburguesa, espera la comida | C5: Pidió Pizza, espera la comida
             C6: Pidió Ensalada César, espera la comida | C7: Eligió Pizza, espera a su mesa
             C8: Eligió Chivito, espera a su mesa | C9: Eligiendo menú (Mesa 3) | C10: En la sala de espera
  MOZOS      Mozo 1: Esperando | Mozo 2: Esperando | Mozo 3: Esperando
  COCINA     Platos: vacía
  COCINEROS  Cocinero 1: Esperando pedidos | Cocinero 2: Esperando pedidos | Cocinero 3: Dejó listo Pizza
  CAJAS      Fila: vacía | Cajero 1: Esperando clientes | Cajero 2: Esperando clientes
========================================================================================================================
#00065 [   9.06s] Mozo 1 retira de la cocina los platos de la Mesa 2
  MESAS      Mesa 1: Comiendo [C1,C2,C3] | Mesa 2: Platos listos en cocina [C4,C5,C6]
             Mesa 3: Eligiendo menú [C7,C8,C9] | Mesa 4: Libre
  CLIENTES   C1: Comiendo Pizza | C2: Comiendo Milanesa con fritas | C3: Comiendo Ñoquis con tuco
             C4: Pidió Hamburguesa, espera la comida | C5: Pidió Pizza, espera la comida
             C6: Pidió Ensalada César, espera la comida | C7: Eligió Pizza, espera a su mesa
             C8: Eligió Chivito, espera a su mesa | C9: Eligiendo menú (Mesa 3) | C10: En la sala de espera
  MOZOS      Mozo 1: Llevando platos a la Mesa 2 | Mozo 2: Esperando | Mozo 3: Esperando
  COCINA     Platos: vacía
  COCINEROS  Cocinero 1: Esperando pedidos | Cocinero 2: Esperando pedidos | Cocinero 3: Esperando pedidos
  CAJAS      Fila: vacía | Cajero 1: Esperando clientes | Cajero 2: Esperando clientes
========================================================================================================================
#00066 [   9.25s] Cliente 9 elige Ensalada César
  MESAS      Mesa 1: Comiendo [C1,C2,C3] | Mesa 2: Platos listos en cocina [C4,C5,C6]
             Mesa 3: Eligiendo menú [C7,C8,C9] | Mesa 4: Libre
  CLIENTES   C1: Comiendo Pizza | C2: Comiendo Milanesa con fritas | C3: Comiendo Ñoquis con tuco
             C4: Pidió Hamburguesa, espera la comida | C5: Pidió Pizza, espera la comida
             C6: Pidió Ensalada César, espera la comida | C7: Eligió Pizza, espera a su mesa
             C8: Eligió Chivito, espera a su mesa | C9: Eligió Ensalada César, espera a su mesa
             C10: En la sala de espera
  MOZOS      Mozo 1: Llevando platos a la Mesa 2 | Mozo 2: Esperando | Mozo 3: Esperando
  COCINA     Platos: vacía
  COCINEROS  Cocinero 1: Esperando pedidos | Cocinero 2: Esperando pedidos | Cocinero 3: Esperando pedidos
  CAJAS      Fila: vacía | Cajero 1: Esperando clientes | Cajero 2: Esperando clientes
========================================================================================================================
#00067 [   9.25s] Todos en la Mesa 3 eligieron: llaman a un mozo
  MESAS      Mesa 1: Comiendo [C1,C2,C3] | Mesa 2: Platos listos en cocina [C4,C5,C6]
             Mesa 3: Llamando al mozo [C7,C8,C9] | Mesa 4: Libre
  CLIENTES   C1: Comiendo Pizza | C2: Comiendo Milanesa con fritas | C3: Comiendo Ñoquis con tuco
             C4: Pidió Hamburguesa, espera la comida | C5: Pidió Pizza, espera la comida
             C6: Pidió Ensalada César, espera la comida | C7: Eligió Pizza, espera a su mesa
             C8: Eligió Chivito, espera a su mesa | C9: Eligió Ensalada César, espera a su mesa
             C10: En la sala de espera
  MOZOS      Mozo 1: Llevando platos a la Mesa 2 | Mozo 2: Esperando | Mozo 3: Esperando
  COCINA     Platos: vacía
  COCINEROS  Cocinero 1: Esperando pedidos | Cocinero 2: Esperando pedidos | Cocinero 3: Esperando pedidos
  CAJAS      Fila: vacía | Cajero 1: Esperando clientes | Cajero 2: Esperando clientes
========================================================================================================================
#00068 [   9.25s] Mozo 2 va a la Mesa 3 a tomar el pedido
  MESAS      Mesa 1: Comiendo [C1,C2,C3] | Mesa 2: Platos listos en cocina [C4,C5,C6]
             Mesa 3: Haciendo el pedido [C7,C8,C9] | Mesa 4: Libre
  CLIENTES   C1: Comiendo Pizza | C2: Comiendo Milanesa con fritas | C3: Comiendo Ñoquis con tuco
             C4: Pidió Hamburguesa, espera la comida | C5: Pidió Pizza, espera la comida
             C6: Pidió Ensalada César, espera la comida | C7: Esperando al mozo (Pizza)
             C8: Esperando al mozo (Chivito) | C9: Esperando al mozo (Ensalada César) | C10: En la sala de espera
  MOZOS      Mozo 1: Llevando platos a la Mesa 2 | Mozo 2: Tomando pedido de la Mesa 3 | Mozo 3: Esperando
  COCINA     Platos: vacía
  COCINEROS  Cocinero 1: Esperando pedidos | Cocinero 2: Esperando pedidos | Cocinero 3: Esperando pedidos
  CAJAS      Fila: vacía | Cajero 1: Esperando clientes | Cajero 2: Esperando clientes
========================================================================================================================
#00069 [   9.75s] Mozo 1 sirve los platos en la Mesa 2
  MESAS      Mesa 1: Comiendo [C1,C2,C3] | Mesa 2: Comiendo [C4,C5,C6] | Mesa 3: Haciendo el pedido [C7,C8,C9]
             Mesa 4: Libre
  CLIENTES   C1: Comiendo Pizza | C2: Comiendo Milanesa con fritas | C3: Comiendo Ñoquis con tuco
             C4: Pidió Hamburguesa, espera la comida | C5: Pidió Pizza, espera la comida
             C6: Pidió Ensalada César, espera la comida | C7: Pidió Pizza, espera la comida
             C8: Pidió Chivito, espera la comida | C9: Pidió Ensalada César, espera la comida
             C10: En la sala de espera
  MOZOS      Mozo 1: Sirvió la Mesa 2 | Mozo 2: Tomando pedido de la Mesa 3 | Mozo 3: Esperando
  COCINA     Platos: vacía
  COCINEROS  Cocinero 1: Esperando pedidos | Cocinero 2: Esperando pedidos | Cocinero 3: Esperando pedidos
  CAJAS      Fila: vacía | Cajero 1: Esperando clientes | Cajero 2: Esperando clientes
========================================================================================================================
#00070 [   9.75s] Cliente 5 empieza a comer Pizza
  MESAS      Mesa 1: Comiendo [C1,C2,C3] | Mesa 2: Comiendo [C4,C5,C6] | Mesa 3: Haciendo el pedido [C7,C8,C9]
             Mesa 4: Libre
  CLIENTES   C1: Comiendo Pizza | C2: Comiendo Milanesa con fritas | C3: Comiendo Ñoquis con tuco
             C4: Pidió Hamburguesa, espera la comida | C5: Comiendo Pizza | C6: Pidió Ensalada César, espera la comida
             C7: Pidió Pizza, espera la comida | C8: Pidió Chivito, espera la comida
             C9: Pidió Ensalada César, espera la comida | C10: En la sala de espera
  MOZOS      Mozo 1: Sirvió la Mesa 2 | Mozo 2: Tomando pedido de la Mesa 3 | Mozo 3: Esperando
  COCINA     Platos: vacía
  COCINEROS  Cocinero 1: Esperando pedidos | Cocinero 2: Esperando pedidos | Cocinero 3: Esperando pedidos
  CAJAS      Fila: vacía | Cajero 1: Esperando clientes | Cajero 2: Esperando clientes
========================================================================================================================
#00071 [   9.75s] Cliente 4 empieza a comer Hamburguesa
  MESAS      Mesa 1: Comiendo [C1,C2,C3] | Mesa 2: Comiendo [C4,C5,C6] | Mesa 3: Haciendo el pedido [C7,C8,C9]
             Mesa 4: Libre
  CLIENTES   C1: Comiendo Pizza | C2: Comiendo Milanesa con fritas | C3: Comiendo Ñoquis con tuco
             C4: Comiendo Hamburguesa | C5: Comiendo Pizza | C6: Pidió Ensalada César, espera la comida
             C7: Pidió Pizza, espera la comida | C8: Pidió Chivito, espera la comida
             C9: Pidió Ensalada César, espera la comida | C10: En la sala de espera
  MOZOS      Mozo 1: Sirvió la Mesa 2 | Mozo 2: Tomando pedido de la Mesa 3 | Mozo 3: Esperando
  COCINA     Platos: vacía
  COCINEROS  Cocinero 1: Esperando pedidos | Cocinero 2: Esperando pedidos | Cocinero 3: Esperando pedidos
  CAJAS      Fila: vacía | Cajero 1: Esperando clientes | Cajero 2: Esperando clientes
========================================================================================================================
#00072 [   9.75s] Cliente 6 empieza a comer Ensalada César
  MESAS      Mesa 1: Comiendo [C1,C2,C3] | Mesa 2: Comiendo [C4,C5,C6] | Mesa 3: Haciendo el pedido [C7,C8,C9]
             Mesa 4: Libre
  CLIENTES   C1: Comiendo Pizza | C2: Comiendo Milanesa con fritas | C3: Comiendo Ñoquis con tuco
             C4: Comiendo Hamburguesa | C5: Comiendo Pizza | C6: Comiendo Ensalada César
             C7: Pidió Pizza, espera la comida | C8: Pidió Chivito, espera la comida
             C9: Pidió Ensalada César, espera la comida | C10: En la sala de espera
  MOZOS      Mozo 1: Sirvió la Mesa 2 | Mozo 2: Tomando pedido de la Mesa 3 | Mozo 3: Esperando
  COCINA     Platos: vacía
  COCINEROS  Cocinero 1: Esperando pedidos | Cocinero 2: Esperando pedidos | Cocinero 3: Esperando pedidos
  CAJAS      Fila: vacía | Cajero 1: Esperando clientes | Cajero 2: Esperando clientes
========================================================================================================================
#00073 [   9.97s] Mozo 2 pasa a la cocina el Pedido #3 de la Mesa 3 -> C7: Pizza, C8: Chivito, C9: Ensalada César
  MESAS      Mesa 1: Comiendo [C1,C2,C3] | Mesa 2: Comiendo [C4,C5,C6] | Mesa 3: Esperando la comida [C7,C8,C9]
             Mesa 4: Libre
  CLIENTES   C1: Comiendo Pizza | C2: Comiendo Milanesa con fritas | C3: Comiendo Ñoquis con tuco
             C4: Comiendo Hamburguesa | C5: Comiendo Pizza | C6: Comiendo Ensalada César
             C7: Pidió Pizza, espera la comida | C8: Pidió Chivito, espera la comida
             C9: Pidió Ensalada César, espera la comida | C10: En la sala de espera
  MOZOS      Mozo 1: Esperando | Mozo 2: Dejó el Pedido #3 en cocina | Mozo 3: Esperando
  COCINA     Platos: vacía
  COCINEROS  Cocinero 1: Esperando pedidos | Cocinero 2: Esperando pedidos | Cocinero 3: Esperando pedidos
  CAJAS      Fila: vacía | Cajero 1: Esperando clientes | Cajero 2: Esperando clientes
========================================================================================================================
#00074 [   9.97s] Cocinero 1 empieza a cocinar Pizza (Pedido #3, Mesa 3)
  MESAS      Mesa 1: Comiendo [C1,C2,C3] | Mesa 2: Comiendo [C4,C5,C6] | Mesa 3: Esperando la comida [C7,C8,C9]
             Mesa 4: Libre
  CLIENTES   C1: Comiendo Pizza | C2: Comiendo Milanesa con fritas | C3: Comiendo Ñoquis con tuco
             C4: Comiendo Hamburguesa | C5: Comiendo Pizza | C6: Comiendo Ensalada César
             C7: Pidió Pizza, espera la comida | C8: Pidió Chivito, espera la comida
             C9: Pidió Ensalada César, espera la comida | C10: En la sala de espera
  MOZOS      Mozo 1: Esperando | Mozo 2: Esperando | Mozo 3: Esperando
  COCINA     Platos: por cocinar: #3 Ensalada César
  COCINEROS  Cocinero 1: Cocinando Pizza | Cocinero 2: Esperando pedidos | Cocinero 3: Esperando pedidos
  CAJAS      Fila: vacía | Cajero 1: Esperando clientes | Cajero 2: Esperando clientes
========================================================================================================================
#00075 [   9.98s] Cocinero 3 empieza a cocinar Ensalada César (Pedido #3, Mesa 3)
  MESAS      Mesa 1: Comiendo [C1,C2,C3] | Mesa 2: Comiendo [C4,C5,C6] | Mesa 3: Esperando la comida [C7,C8,C9]
             Mesa 4: Libre
  CLIENTES   C1: Comiendo Pizza | C2: Comiendo Milanesa con fritas | C3: Comiendo Ñoquis con tuco
             C4: Comiendo Hamburguesa | C5: Comiendo Pizza | C6: Comiendo Ensalada César
             C7: Pidió Pizza, espera la comida | C8: Pidió Chivito, espera la comida
             C9: Pidió Ensalada César, espera la comida | C10: En la sala de espera
  MOZOS      Mozo 1: Esperando | Mozo 2: Esperando | Mozo 3: Esperando
  COCINA     Platos: vacía
  COCINEROS  Cocinero 1: Cocinando Pizza | Cocinero 2: Esperando pedidos | Cocinero 3: Cocinando Ensalada César
  CAJAS      Fila: vacía | Cajero 1: Esperando clientes | Cajero 2: Esperando clientes
========================================================================================================================
#00076 [   9.98s] Cocinero 2 empieza a cocinar Chivito (Pedido #3, Mesa 3)
  MESAS      Mesa 1: Comiendo [C1,C2,C3] | Mesa 2: Comiendo [C4,C5,C6] | Mesa 3: Esperando la comida [C7,C8,C9]
             Mesa 4: Libre
  CLIENTES   C1: Comiendo Pizza | C2: Comiendo Milanesa con fritas | C3: Comiendo Ñoquis con tuco
             C4: Comiendo Hamburguesa | C5: Comiendo Pizza | C6: Comiendo Ensalada César
             C7: Pidió Pizza, espera la comida | C8: Pidió Chivito, espera la comida
             C9: Pidió Ensalada César, espera la comida | C10: En la sala de espera
  MOZOS      Mozo 1: Esperando | Mozo 2: Esperando | Mozo 3: Esperando
  COCINA     Platos: vacía
  COCINEROS  Cocinero 1: Cocinando Pizza | Cocinero 2: Cocinando Chivito | Cocinero 3: Cocinando Ensalada César
  CAJAS      Fila: vacía | Cajero 1: Esperando clientes | Cajero 2: Esperando clientes
========================================================================================================================
#00077 [  10.08s] Cliente 11 entra al restaurante (11/12 adentro)
  MESAS      Mesa 1: Comiendo [C1,C2,C3] | Mesa 2: Comiendo [C4,C5,C6] | Mesa 3: Esperando la comida [C7,C8,C9]
             Mesa 4: Libre
  CLIENTES   C1: Comiendo Pizza | C2: Comiendo Milanesa con fritas | C3: Comiendo Ñoquis con tuco
             C4: Comiendo Hamburguesa | C5: Comiendo Pizza | C6: Comiendo Ensalada César
             C7: Pidió Pizza, espera la comida | C8: Pidió Chivito, espera la comida
             C9: Pidió Ensalada César, espera la comida | C10: En la sala de espera | C11: En la sala de espera
  MOZOS      Mozo 1: Esperando | Mozo 2: Esperando | Mozo 3: Esperando
  COCINA     Platos: vacía
  COCINEROS  Cocinero 1: Cocinando Pizza | Cocinero 2: Cocinando Chivito | Cocinero 3: Cocinando Ensalada César
  CAJAS      Fila: vacía | Cajero 1: Esperando clientes | Cajero 2: Esperando clientes
========================================================================================================================
#00078 [  10.33s] Cliente 2 terminó de comer y va a la caja
  MESAS      Mesa 1: Comiendo [C1,C2,C3] | Mesa 2: Comiendo [C4,C5,C6] | Mesa 3: Esperando la comida [C7,C8,C9]
             Mesa 4: Libre
  CLIENTES   C1: Comiendo Pizza | C2: En la fila de la caja | C3: Comiendo Ñoquis con tuco | C4: Comiendo Hamburguesa
             C5: Comiendo Pizza | C6: Comiendo Ensalada César | C7: Pidió Pizza, espera la comida
             C8: Pidió Chivito, espera la comida | C9: Pidió Ensalada César, espera la comida
             C10: En la sala de espera | C11: En la sala de espera
  MOZOS      Mozo 1: Esperando | Mozo 2: Esperando | Mozo 3: Esperando
  COCINA     Platos: vacía
  COCINEROS  Cocinero 1: Cocinando Pizza | Cocinero 2: Cocinando Chivito | Cocinero 3: Cocinando Ensalada César
  CAJAS      Fila: vacía | Cajero 1: Esperando clientes | Cajero 2: Esperando clientes
========================================================================================================================
#00079 [  10.34s] Cajero 1 le cobra Milanesa con fritas ($520) a Cliente 2
  MESAS      Mesa 1: Comiendo [C1,C2,C3] | Mesa 2: Comiendo [C4,C5,C6] | Mesa 3: Esperando la comida [C7,C8,C9]
             Mesa 4: Libre
  CLIENTES   C1: Comiendo Pizza | C2: En la fila de la caja | C3: Comiendo Ñoquis con tuco | C4: Comiendo Hamburguesa
             C5: Comiendo Pizza | C6: Comiendo Ensalada César | C7: Pidió Pizza, espera la comida
             C8: Pidió Chivito, espera la comida | C9: Pidió Ensalada César, espera la comida
             C10: En la sala de espera | C11: En la sala de espera
  MOZOS      Mozo 1: Esperando | Mozo 2: Esperando | Mozo 3: Esperando
  COCINA     Platos: vacía
  COCINEROS  Cocinero 1: Cocinando Pizza | Cocinero 2: Cocinando Chivito | Cocinero 3: Cocinando Ensalada César
  CAJAS      Fila: vacía | Cajero 1: Cobrando a C2 | Cajero 2: Esperando clientes
========================================================================================================================
#00080 [  10.40s] Cocinero 3 deja listo Ensalada César (Pedido #3, Mesa 3)
  MESAS      Mesa 1: Comiendo [C1,C2,C3] | Mesa 2: Comiendo [C4,C5,C6] | Mesa 3: Esperando la comida [C7,C8,C9]
             Mesa 4: Libre
  CLIENTES   C1: Comiendo Pizza | C2: En la fila de la caja | C3: Comiendo Ñoquis con tuco | C4: Comiendo Hamburguesa
             C5: Comiendo Pizza | C6: Comiendo Ensalada César | C7: Pidió Pizza, espera la comida
             C8: Pidió Chivito, espera la comida | C9: Pidió Ensalada César, espera la comida
             C10: En la sala de espera | C11: En la sala de espera
  MOZOS      Mozo 1: Esperando | Mozo 2: Esperando | Mozo 3: Esperando
  COCINA     Platos: vacía
  COCINEROS  Cocinero 1: Cocinando Pizza | Cocinero 2: Cocinando Chivito | Cocinero 3: Dejó listo Ensalada César
  CAJAS      Fila: vacía | Cajero 1: Cobrando a C2 | Cajero 2: Esperando clientes
========================================================================================================================
#00081 [  10.64s] Cliente 1 terminó de comer y va a la caja
  MESAS      Mesa 1: Comiendo [C1,C2,C3] | Mesa 2: Comiendo [C4,C5,C6] | Mesa 3: Esperando la comida [C7,C8,C9]
             Mesa 4: Libre
  CLIENTES   C1: En la fila de la caja | C2: En la fila de la caja | C3: Comiendo Ñoquis con tuco
             C4: Comiendo Hamburguesa | C5: Comiendo Pizza | C6: Comiendo Ensalada César
             C7: Pidió Pizza, espera la comida | C8: Pidió Chivito, espera la comida
             C9: Pidió Ensalada César, espera la comida | C10: En la sala de espera | C11: En la sala de espera
  MOZOS      Mozo 1: Esperando | Mozo 2: Esperando | Mozo 3: Esperando
  COCINA     Platos: vacía
  COCINEROS  Cocinero 1: Cocinando Pizza | Cocinero 2: Cocinando Chivito | Cocinero 3: Esperando pedidos
  CAJAS      Fila: vacía | Cajero 1: Cobrando a C2 | Cajero 2: Esperando clientes
========================================================================================================================
#00082 [  10.64s] Cajero 2 le cobra Pizza ($480) a Cliente 1
  MESAS      Mesa 1: Comiendo [C1,C2,C3] | Mesa 2: Comiendo [C4,C5,C6] | Mesa 3: Esperando la comida [C7,C8,C9]
             Mesa 4: Libre
  CLIENTES   C1: En la fila de la caja | C2: En la fila de la caja | C3: Comiendo Ñoquis con tuco
             C4: Comiendo Hamburguesa | C5: Comiendo Pizza | C6: Comiendo Ensalada César
             C7: Pidió Pizza, espera la comida | C8: Pidió Chivito, espera la comida
             C9: Pidió Ensalada César, espera la comida | C10: En la sala de espera | C11: En la sala de espera
  MOZOS      Mozo 1: Esperando | Mozo 2: Esperando | Mozo 3: Esperando
  COCINA     Platos: vacía
  COCINEROS  Cocinero 1: Cocinando Pizza | Cocinero 2: Cocinando Chivito | Cocinero 3: Esperando pedidos
  CAJAS      Fila: vacía | Cajero 1: Cobrando a C2 | Cajero 2: Cobrando a C1
========================================================================================================================
#00083 [  10.66s] Cliente 12 entra al restaurante (12/12 adentro)
  MESAS      Mesa 1: Comiendo [C1,C2,C3] | Mesa 2: Comiendo [C4,C5,C6] | Mesa 3: Esperando la comida [C7,C8,C9]
             Mesa 4: Libre
  CLIENTES   C1: En la fila de la caja | C2: En la fila de la caja | C3: Comiendo Ñoquis con tuco
             C4: Comiendo Hamburguesa | C5: Comiendo Pizza | C6: Comiendo Ensalada César
             C7: Pidió Pizza, espera la comida | C8: Pidió Chivito, espera la comida
             C9: Pidió Ensalada César, espera la comida | C10: En la sala de espera | C11: En la sala de espera
             C12: En la sala de espera
  MOZOS      Mozo 1: Esperando | Mozo 2: Esperando | Mozo 3: Esperando
  COCINA     Platos: vacía
  COCINEROS  Cocinero 1: Cocinando Pizza | Cocinero 2: Cocinando Chivito | Cocinero 3: Esperando pedidos
  CAJAS      Fila: vacía | Cajero 1: Cobrando a C2 | Cajero 2: Cobrando a C1
========================================================================================================================
#00084 [  10.66s] Se sientan Cliente 10, Cliente 11, Cliente 12 en la Mesa 4
  MESAS      Mesa 1: Comiendo [C1,C2,C3] | Mesa 2: Comiendo [C4,C5,C6] | Mesa 3: Esperando la comida [C7,C8,C9]
             Mesa 4: Eligiendo menú [C10,C11,C12]
  CLIENTES   C1: En la fila de la caja | C2: En la fila de la caja | C3: Comiendo Ñoquis con tuco
             C4: Comiendo Hamburguesa | C5: Comiendo Pizza | C6: Comiendo Ensalada César
             C7: Pidió Pizza, espera la comida | C8: Pidió Chivito, espera la comida
             C9: Pidió Ensalada César, espera la comida | C10: En la sala de espera | C11: En la sala de espera
             C12: En la sala de espera
  MOZOS      Mozo 1: Esperando | Mozo 2: Esperando | Mozo 3: Esperando
  COCINA     Platos: vacía
  COCINEROS  Cocinero 1: Cocinando Pizza | Cocinero 2: Cocinando Chivito | Cocinero 3: Esperando pedidos
  CAJAS      Fila: vacía | Cajero 1: Cobrando a C2 | Cajero 2: Cobrando a C1
========================================================================================================================
#00085 [  10.66s] Cliente 12 se sienta en la Mesa 4 y mira la carta
  MESAS      Mesa 1: Comiendo [C1,C2,C3] | Mesa 2: Comiendo [C4,C5,C6] | Mesa 3: Esperando la comida [C7,C8,C9]
             Mesa 4: Eligiendo menú [C10,C11,C12]
  CLIENTES   C1: En la fila de la caja | C2: En la fila de la caja | C3: Comiendo Ñoquis con tuco
             C4: Comiendo Hamburguesa | C5: Comiendo Pizza | C6: Comiendo Ensalada César
             C7: Pidió Pizza, espera la comida | C8: Pidió Chivito, espera la comida
             C9: Pidió Ensalada César, espera la comida | C10: En la sala de espera | C11: En la sala de espera
             C12: Eligiendo menú (Mesa 4)
  MOZOS      Mozo 1: Esperando | Mozo 2: Esperando | Mozo 3: Esperando
  COCINA     Platos: vacía
  COCINEROS  Cocinero 1: Cocinando Pizza | Cocinero 2: Cocinando Chivito | Cocinero 3: Esperando pedidos
  CAJAS      Fila: vacía | Cajero 1: Cobrando a C2 | Cajero 2: Cobrando a C1
========================================================================================================================
#00086 [  10.66s] Cliente 11 se sienta en la Mesa 4 y mira la carta
  MESAS      Mesa 1: Comiendo [C1,C2,C3] | Mesa 2: Comiendo [C4,C5,C6] | Mesa 3: Esperando la comida [C7,C8,C9]
             Mesa 4: Eligiendo menú [C10,C11,C12]
  CLIENTES   C1: En la fila de la caja | C2: En la fila de la caja | C3: Comiendo Ñoquis con tuco
             C4: Comiendo Hamburguesa | C5: Comiendo Pizza | C6: Comiendo Ensalada César
             C7: Pidió Pizza, espera la comida | C8: Pidió Chivito, espera la comida
             C9: Pidió Ensalada César, espera la comida | C10: En la sala de espera | C11: Eligiendo menú (Mesa 4)
             C12: Eligiendo menú (Mesa 4)
  MOZOS      Mozo 1: Esperando | Mozo 2: Esperando | Mozo 3: Esperando
  COCINA     Platos: vacía
  COCINEROS  Cocinero 1: Cocinando Pizza | Cocinero 2: Cocinando Chivito | Cocinero 3: Esperando pedidos
  CAJAS      Fila: vacía | Cajero 1: Cobrando a C2 | Cajero 2: Cobrando a C1
========================================================================================================================
#00087 [  10.66s] Cliente 10 se sienta en la Mesa 4 y mira la carta
  MESAS      Mesa 1: Comiendo [C1,C2,C3] | Mesa 2: Comiendo [C4,C5,C6] | Mesa 3: Esperando la comida [C7,C8,C9]
             Mesa 4: Eligiendo menú [C10,C11,C12]
  CLIENTES   C1: En la fila de la caja | C2: En la fila de la caja | C3: Comiendo Ñoquis con tuco
             C4: Comiendo Hamburguesa | C5: Comiendo Pizza | C6: Comiendo Ensalada César
             C7: Pidió Pizza, espera la comida | C8: Pidió Chivito, espera la comida
             C9: Pidió Ensalada César, espera la comida | C10: Eligiendo menú (Mesa 4) | C11: Eligiendo menú (Mesa 4)
             C12: Eligiendo menú (Mesa 4)
  MOZOS      Mozo 1: Esperando | Mozo 2: Esperando | Mozo 3: Esperando
  COCINA     Platos: vacía
  COCINEROS  Cocinero 1: Cocinando Pizza | Cocinero 2: Cocinando Chivito | Cocinero 3: Esperando pedidos
  CAJAS      Fila: vacía | Cajero 1: Cobrando a C2 | Cajero 2: Cobrando a C1
========================================================================================================================
#00088 [  10.75s] Cliente 3 terminó de comer y va a la caja
  MESAS      Mesa 1: Comiendo [C1,C2,C3] | Mesa 2: Comiendo [C4,C5,C6] | Mesa 3: Esperando la comida [C7,C8,C9]
             Mesa 4: Eligiendo menú [C10,C11,C12]
  CLIENTES   C1: En la fila de la caja | C2: En la fila de la caja | C3: En la fila de la caja
             C4: Comiendo Hamburguesa | C5: Comiendo Pizza | C6: Comiendo Ensalada César
             C7: Pidió Pizza, espera la comida | C8: Pidió Chivito, espera la comida
             C9: Pidió Ensalada César, espera la comida | C10: Eligiendo menú (Mesa 4) | C11: Eligiendo menú (Mesa 4)
             C12: Eligiendo menú (Mesa 4)
  MOZOS      Mozo 1: Esperando | Mozo 2: Esperando | Mozo 3: Esperando
  COCINA     Platos: vacía
  COCINEROS  Cocinero 1: Cocinando Pizza | Cocinero 2: Cocinando Chivito | Cocinero 3: Esperando pedidos
  CAJAS      Fila: vacía | Cajero 1: Cobrando a C2 | Cajero 2: Cobrando a C1
========================================================================================================================
#00089 [  10.78s] Cajero 1 le cobra Ñoquis con tuco ($420) a Cliente 3
  MESAS      Mesa 1: Comiendo [C1,C2,C3] | Mesa 2: Comiendo [C4,C5,C6] | Mesa 3: Esperando la comida [C7,C8,C9]
             Mesa 4: Eligiendo menú [C10,C11,C12]
  CLIENTES   C1: En la fila de la caja | C2: En la fila de la caja | C3: En la fila de la caja
             C4: Comiendo Hamburguesa | C5: Comiendo Pizza | C6: Comiendo Ensalada César
             C7: Pidió Pizza, espera la comida | C8: Pidió Chivito, espera la comida
             C9: Pidió Ensalada César, espera la comida | C10: Eligiendo menú (Mesa 4) | C11: Eligiendo menú (Mesa 4)
             C12: Eligiendo menú (Mesa 4)
  MOZOS      Mozo 1: Esperando | Mozo 2: Esperando | Mozo 3: Esperando
  COCINA     Platos: vacía
  COCINEROS  Cocinero 1: Cocinando Pizza | Cocinero 2: Cocinando Chivito | Cocinero 3: Esperando pedidos
  CAJAS      Fila: vacía | Cajero 1: Cobrando a C3 | Cajero 2: Cobrando a C1
========================================================================================================================
#00090 [  10.78s] Cliente 2 pagó y se va del restaurante
  MESAS      Mesa 1: Comiendo [C1,C2,C3] (quedan 2) | Mesa 2: Comiendo [C4,C5,C6]
             Mesa 3: Esperando la comida [C7,C8,C9] | Mesa 4: Eligiendo menú [C10,C11,C12]
  CLIENTES   C1: En la fila de la caja | C3: En la fila de la caja | C4: Comiendo Hamburguesa | C5: Comiendo Pizza
             C6: Comiendo Ensalada César | C7: Pidió Pizza, espera la comida | C8: Pidió Chivito, espera la comida
             C9: Pidió Ensalada César, espera la comida | C10: Eligiendo menú (Mesa 4) | C11: Eligiendo menú (Mesa 4)
             C12: Eligiendo menú (Mesa 4)
  MOZOS      Mozo 1: Esperando | Mozo 2: Esperando | Mozo 3: Esperando
  COCINA     Platos: vacía
  COCINEROS  Cocinero 1: Cocinando Pizza | Cocinero 2: Cocinando Chivito | Cocinero 3: Esperando pedidos
  CAJAS      Fila: vacía | Cajero 1: Cobrando a C3 | Cajero 2: Cobrando a C1
========================================================================================================================
#00091 [  10.95s] Cliente 1 pagó y se va del restaurante
  MESAS      Mesa 1: Comiendo [C1,C2,C3] (quedan 1) | Mesa 2: Comiendo [C4,C5,C6]
             Mesa 3: Esperando la comida [C7,C8,C9] | Mesa 4: Eligiendo menú [C10,C11,C12]
  CLIENTES   C3: En la fila de la caja | C4: Comiendo Hamburguesa | C5: Comiendo Pizza | C6: Comiendo Ensalada César
             C7: Pidió Pizza, espera la comida | C8: Pidió Chivito, espera la comida
             C9: Pidió Ensalada César, espera la comida | C10: Eligiendo menú (Mesa 4) | C11: Eligiendo menú (Mesa 4)
             C12: Eligiendo menú (Mesa 4)
  MOZOS      Mozo 1: Esperando | Mozo 2: Esperando | Mozo 3: Esperando
  COCINA     Platos: vacía
  COCINEROS  Cocinero 1: Cocinando Pizza | Cocinero 2: Cocinando Chivito | Cocinero 3: Esperando pedidos
  CAJAS      Fila: vacía | Cajero 1: Cobrando a C3 | Cajero 2: Esperando clientes
========================================================================================================================
#00092 [  11.18s] Cliente 3 pagó y se va del restaurante. La Mesa 1 queda sucia
  MESAS      Mesa 1: Sucia, esperando mozo [C1,C2,C3] (quedan 0) | Mesa 2: Comiendo [C4,C5,C6]
             Mesa 3: Esperando la comida [C7,C8,C9] | Mesa 4: Eligiendo menú [C10,C11,C12]
  CLIENTES   C4: Comiendo Hamburguesa | C5: Comiendo Pizza | C6: Comiendo Ensalada César
             C7: Pidió Pizza, espera la comida | C8: Pidió Chivito, espera la comida
             C9: Pidió Ensalada César, espera la comida | C10: Eligiendo menú (Mesa 4) | C11: Eligiendo menú (Mesa 4)
             C12: Eligiendo menú (Mesa 4)
  MOZOS      Mozo 1: Esperando | Mozo 2: Esperando | Mozo 3: Esperando
  COCINA     Platos: vacía
  COCINEROS  Cocinero 1: Cocinando Pizza | Cocinero 2: Cocinando Chivito | Cocinero 3: Esperando pedidos
  CAJAS      Fila: vacía | Cajero 1: Esperando clientes | Cajero 2: Esperando clientes
========================================================================================================================
#00093 [  11.18s] Mozo 3 levanta los platos y limpia la Mesa 1
  MESAS      Mesa 1: Limpiando [C1,C2,C3] (quedan 0) | Mesa 2: Comiendo [C4,C5,C6]
             Mesa 3: Esperando la comida [C7,C8,C9] | Mesa 4: Eligiendo menú [C10,C11,C12]
  CLIENTES   C4: Comiendo Hamburguesa | C5: Comiendo Pizza | C6: Comiendo Ensalada César
             C7: Pidió Pizza, espera la comida | C8: Pidió Chivito, espera la comida
             C9: Pidió Ensalada César, espera la comida | C10: Eligiendo menú (Mesa 4) | C11: Eligiendo menú (Mesa 4)
             C12: Eligiendo menú (Mesa 4)
  MOZOS      Mozo 1: Esperando | Mozo 2: Esperando | Mozo 3: Limpiando la Mesa 1
  COCINA     Platos: vacía
  COCINEROS  Cocinero 1: Cocinando Pizza | Cocinero 2: Cocinando Chivito | Cocinero 3: Esperando pedidos
  CAJAS      Fila: vacía | Cajero 1: Esperando clientes | Cajero 2: Esperando clientes
========================================================================================================================
#00094 [  11.46s] Cliente 10 elige Pizza
  MESAS      Mesa 1: Limpiando [C1,C2,C3] (quedan 0) | Mesa 2: Comiendo [C4,C5,C6]
             Mesa 3: Esperando la comida [C7,C8,C9] | Mesa 4: Eligiendo menú [C10,C11,C12]
  CLIENTES   C4: Comiendo Hamburguesa | C5: Comiendo Pizza | C6: Comiendo Ensalada César
             C7: Pidió Pizza, espera la comida | C8: Pidió Chivito, espera la comida
             C9: Pidió Ensalada César, espera la comida | C10: Eligió Pizza, espera a su mesa
             C11: Eligiendo menú (Mesa 4) | C12: Eligiendo menú (Mesa 4)
  MOZOS      Mozo 1: Esperando | Mozo 2: Esperando | Mozo 3: Limpiando la Mesa 1
  COCINA     Platos: vacía
  COCINEROS  Cocinero 1: Cocinando Pizza | Cocinero 2: Cocinando Chivito | Cocinero 3: Esperando pedidos
  CAJAS      Fila: vacía | Cajero 1: Esperando clientes | Cajero 2: Esperando clientes
========================================================================================================================
#00095 [  11.47s] Cliente 12 elige Milanesa con fritas
  MESAS      Mesa 1: Limpiando [C1,C2,C3] (quedan 0) | Mesa 2: Comiendo [C4,C5,C6]
             Mesa 3: Esperando la comida [C7,C8,C9] | Mesa 4: Eligiendo menú [C10,C11,C12]
  CLIENTES   C4: Comiendo Hamburguesa | C5: Comiendo Pizza | C6: Comiendo Ensalada César
             C7: Pidió Pizza, espera la comida | C8: Pidió Chivito, espera la comida
             C9: Pidió Ensalada César, espera la comida | C10: Eligió Pizza, espera a su mesa
             C11: Eligiendo menú (Mesa 4) | C12: Eligió Milanesa con fritas, espera a su mesa
  MOZOS      Mozo 1: Esperando | Mozo 2: Esperando | Mozo 3: Limpiando la Mesa 1
  COCINA     Platos: vacía
  COCINEROS  Cocinero 1: Cocinando Pizza | Cocinero 2: Cocinando Chivito | Cocinero 3: Esperando pedidos
  CAJAS      Fila: vacía | Cajero 1: Esperando clientes | Cajero 2: Esperando clientes
========================================================================================================================
#00096 [  11.59s] Cliente 13 entra al restaurante (10/12 adentro)
  MESAS      Mesa 1: Limpiando [C1,C2,C3] (quedan 0) | Mesa 2: Comiendo [C4,C5,C6]
             Mesa 3: Esperando la comida [C7,C8,C9] | Mesa 4: Eligiendo menú [C10,C11,C12]
  CLIENTES   C4: Comiendo Hamburguesa | C5: Comiendo Pizza | C6: Comiendo Ensalada César
             C7: Pidió Pizza, espera la comida | C8: Pidió Chivito, espera la comida
             C9: Pidió Ensalada César, espera la comida | C10: Eligió Pizza, espera a su mesa
             C11: Eligiendo menú (Mesa 4) | C12: Eligió Milanesa con fritas, espera a su mesa
             C13: En la sala de espera
  MOZOS      Mozo 1: Esperando | Mozo 2: Esperando | Mozo 3: Limpiando la Mesa 1
  COCINA     Platos: vacía
  COCINEROS  Cocinero 1: Cocinando Pizza | Cocinero 2: Cocinando Chivito | Cocinero 3: Esperando pedidos
  CAJAS      Fila: vacía | Cajero 1: Esperando clientes | Cajero 2: Esperando clientes
========================================================================================================================
#00097 [  11.80s] Cliente 4 terminó de comer y va a la caja
  MESAS      Mesa 1: Limpiando [C1,C2,C3] (quedan 0) | Mesa 2: Comiendo [C4,C5,C6]
             Mesa 3: Esperando la comida [C7,C8,C9] | Mesa 4: Eligiendo menú [C10,C11,C12]
  CLIENTES   C4: En la fila de la caja | C5: Comiendo Pizza | C6: Comiendo Ensalada César
             C7: Pidió Pizza, espera la comida | C8: Pidió Chivito, espera la comida
             C9: Pidió Ensalada César, espera la comida | C10: Eligió Pizza, espera a su mesa
             C11: Eligiendo menú (Mesa 4) | C12: Eligió Milanesa con fritas, espera a su mesa
             C13: En la sala de espera
  MOZOS      Mozo 1: Esperando | Mozo 2: Esperando | Mozo 3: Limpiando la Mesa 1
  COCINA     Platos: vacía
  COCINEROS  Cocinero 1: Cocinando Pizza | Cocinero 2: Cocinando Chivito | Cocinero 3: Esperando pedidos
  CAJAS      Fila: vacía | Cajero 1: Esperando clientes | Cajero 2: Esperando clientes
========================================================================================================================
#00098 [  11.80s] Cajero 2 le cobra Hamburguesa ($450) a Cliente 4
  MESAS      Mesa 1: Limpiando [C1,C2,C3] (quedan 0) | Mesa 2: Comiendo [C4,C5,C6]
             Mesa 3: Esperando la comida [C7,C8,C9] | Mesa 4: Eligiendo menú [C10,C11,C12]
  CLIENTES   C4: En la fila de la caja | C5: Comiendo Pizza | C6: Comiendo Ensalada César
             C7: Pidió Pizza, espera la comida | C8: Pidió Chivito, espera la comida
             C9: Pidió Ensalada César, espera la comida | C10: Eligió Pizza, espera a su mesa
             C11: Eligiendo menú (Mesa 4) | C12: Eligió Milanesa con fritas, espera a su mesa
             C13: En la sala de espera
  MOZOS      Mozo 1: Esperando | Mozo 2: Esperando | Mozo 3: Limpiando la Mesa 1
  COCINA     Platos: vacía
  COCINEROS  Cocinero 1: Cocinando Pizza | Cocinero 2: Cocinando Chivito | Cocinero 3: Esperando pedidos
  CAJAS      Fila: vacía | Cajero 1: Esperando clientes | Cajero 2: Cobrando a C4
========================================================================================================================
#00099 [  11.90s] Mozo 3 terminó de limpiar: la Mesa 1 queda libre
  MESAS      Mesa 1: Libre | Mesa 2: Comiendo [C4,C5,C6] | Mesa 3: Esperando la comida [C7,C8,C9]
             Mesa 4: Eligiendo menú [C10,C11,C12]
  CLIENTES   C4: En la fila de la caja | C5: Comiendo Pizza | C6: Comiendo Ensalada César
             C7: Pidió Pizza, espera la comida | C8: Pidió Chivito, espera la comida
             C9: Pidió Ensalada César, espera la comida | C10: Eligió Pizza, espera a su mesa
             C11: Eligiendo menú (Mesa 4) | C12: Eligió Milanesa con fritas, espera a su mesa
             C13: En la sala de espera
  MOZOS      Mozo 1: Esperando | Mozo 2: Esperando | Mozo 3: Limpió la Mesa 1
  COCINA     Platos: vacía
  COCINEROS  Cocinero 1: Cocinando Pizza | Cocinero 2: Cocinando Chivito | Cocinero 3: Esperando pedidos
  CAJAS      Fila: vacía | Cajero 1: Esperando clientes | Cajero 2: Cobrando a C4
========================================================================================================================
#00100 [  11.98s] Cocinero 2 deja listo Chivito (Pedido #3, Mesa 3)
  MESAS      Mesa 1: Libre | Mesa 2: Comiendo [C4,C5,C6] | Mesa 3: Esperando la comida [C7,C8,C9]
             Mesa 4: Eligiendo menú [C10,C11,C12]
  CLIENTES   C4: En la fila de la caja | C5: Comiendo Pizza | C6: Comiendo Ensalada César
             C7: Pidió Pizza, espera la comida | C8: Pidió Chivito, espera la comida
             C9: Pidió Ensalada César, espera la comida | C10: Eligió Pizza, espera a su mesa
             C11: Eligiendo menú (Mesa 4) | C12: Eligió Milanesa con fritas, espera a su mesa
             C13: En la sala de espera
  MOZOS      Mozo 1: Esperando | Mozo 2: Esperando | Mozo 3: Esperando
  COCINA     Platos: vacía
  COCINEROS  Cocinero 1: Cocinando Pizza | Cocinero 2: Dejó listo Chivito | Cocinero 3: Esperando pedidos
  CAJAS      Fila: vacía | Cajero 1: Esperando clientes | Cajero 2: Cobrando a C4
========================================================================================================================
#00101 [  12.04s] Cliente 14 entra al restaurante (11/12 adentro)
  MESAS      Mesa 1: Libre | Mesa 2: Comiendo [C4,C5,C6] | Mesa 3: Esperando la comida [C7,C8,C9]
             Mesa 4: Eligiendo menú [C10,C11,C12]
  CLIENTES   C4: En la fila de la caja | C5: Comiendo Pizza | C6: Comiendo Ensalada César
             C7: Pidió Pizza, espera la comida | C8: Pidió Chivito, espera la comida
             C9: Pidió Ensalada César, espera la comida | C10: Eligió Pizza, espera a su mesa
             C11: Eligiendo menú (Mesa 4) | C12: Eligió Milanesa con fritas, espera a su mesa
             C13: En la sala de espera | C14: En la sala de espera
  MOZOS      Mozo 1: Esperando | Mozo 2: Esperando | Mozo 3: Esperando
  COCINA     Platos: vacía
  COCINEROS  Cocinero 1: Cocinando Pizza | Cocinero 2: Esperando pedidos | Cocinero 3: Esperando pedidos
  CAJAS      Fila: vacía | Cajero 1: Esperando clientes | Cajero 2: Cobrando a C4
========================================================================================================================
#00102 [  12.06s] Cliente 6 terminó de comer y va a la caja
  MESAS      Mesa 1: Libre | Mesa 2: Comiendo [C4,C5,C6] | Mesa 3: Esperando la comida [C7,C8,C9]
             Mesa 4: Eligiendo menú [C10,C11,C12]
  CLIENTES   C4: En la fila de la caja | C5: Comiendo Pizza | C6: En la fila de la caja
             C7: Pidió Pizza, espera la comida | C8: Pidió Chivito, espera la comida
             C9: Pidió Ensalada César, espera la comida | C10: Eligió Pizza, espera a su mesa
             C11: Eligiendo menú (Mesa 4) | C12: Eligió Milanesa con fritas, espera a su mesa
             C13: En la sala de espera | C14: En la sala de espera
  MOZOS      Mozo 1: Esperando | Mozo 2: Esperando | Mozo 3: Esperando
  COCINA     Platos: vacía
  COCINEROS  Cocinero 1: Cocinando Pizza | Cocinero 2: Esperando pedidos | Cocinero 3: Esperando pedidos
  CAJAS      Fila: vacía | Cajero 1: Esperando clientes | Cajero 2: Cobrando a C4
========================================================================================================================
#00103 [  12.06s] Cajero 1 le cobra Ensalada César ($350) a Cliente 6
  MESAS      Mesa 1: Libre | Mesa 2: Comiendo [C4,C5,C6] | Mesa 3: Esperando la comida [C7,C8,C9]
             Mesa 4: Eligiendo menú [C10,C11,C12]
  CLIENTES   C4: En la fila de la caja | C5: Comiendo Pizza | C6: En la fila de la caja
             C7: Pidió Pizza, espera la comida | C8: Pidió Chivito, espera la comida
             C9: Pidió Ensalada César, espera la comida | C10: Eligió Pizza, espera a su mesa
             C11: Eligiendo menú (Mesa 4) | C12: Eligió Milanesa con fritas, espera a su mesa
             C13: En la sala de espera | C14: En la sala de espera
  MOZOS      Mozo 1: Esperando | Mozo 2: Esperando | Mozo 3: Esperando
  COCINA     Platos: vacía
  COCINEROS  Cocinero 1: Cocinando Pizza | Cocinero 2: Esperando pedidos | Cocinero 3: Esperando pedidos
  CAJAS      Fila: vacía | Cajero 1: Cobrando a C6 | Cajero 2: Cobrando a C4
========================================================================================================================
#00104 [  12.09s] Cocinero 1 deja listo Pizza (Pedido #3, Mesa 3)
  MESAS      Mesa 1: Libre | Mesa 2: Comiendo [C4,C5,C6] | Mesa 3: Esperando la comida [C7,C8,C9]
             Mesa 4: Eligiendo menú [C10,C11,C12]
  CLIENTES   C4: En la fila de la caja | C5: Comiendo Pizza | C6: En la fila de la caja
             C7: Pidió Pizza, espera la comida | C8: Pidió Chivito, espera la comida
             C9: Pidió Ensalada César, espera la comida | C10: Eligió Pizza, espera a su mesa
             C11: Eligiendo menú (Mesa 4) | C12: Eligió Milanesa con fritas, espera a su mesa
             C13: En la sala de espera | C14: En la sala de espera
  MOZOS      Mozo 1: Esperando | Mozo 2: Esperando | Mozo 3: Esperando
  COCINA     Platos: vacía
  COCINEROS  Cocinero 1: Dejó listo Pizza | Cocinero 2: Esperando pedidos | Cocinero 3: Esperando pedidos
  CAJAS      Fila: vacía | Cajero 1: Cobrando a C6 | Cajero 2: Cobrando a C4
========================================================================================================================
#00105 [  12.09s] La cocina avisa a los mozos: Pedido #3 de la Mesa 3 está completo
  MESAS      Mesa 1: Libre | Mesa 2: Comiendo [C4,C5,C6] | Mesa 3: Platos listos en cocina [C7,C8,C9]
             Mesa 4: Eligiendo menú [C10,C11,C12]
  CLIENTES   C4: En la fila de la caja | C5: Comiendo Pizza | C6: En la fila de la caja
             C7: Pidió Pizza, espera la comida | C8: Pidió Chivito, espera la comida
             C9: Pidió Ensalada César, espera la comida | C10: Eligió Pizza, espera a su mesa
             C11: Eligiendo menú (Mesa 4) | C12: Eligió Milanesa con fritas, espera a su mesa
             C13: En la sala de espera | C14: En la sala de espera
  MOZOS      Mozo 1: Esperando | Mozo 2: Esperando | Mozo 3: Esperando
  COCINA     Platos: vacía
  COCINEROS  Cocinero 1: Dejó listo Pizza | Cocinero 2: Esperando pedidos | Cocinero 3: Esperando pedidos
  CAJAS      Fila: vacía | Cajero 1: Cobrando a C6 | Cajero 2: Cobrando a C4
========================================================================================================================
#00106 [  12.09s] Mozo 1 retira de la cocina los platos de la Mesa 3
  MESAS      Mesa 1: Libre | Mesa 2: Comiendo [C4,C5,C6] | Mesa 3: Platos listos en cocina [C7,C8,C9]
             Mesa 4: Eligiendo menú [C10,C11,C12]
  CLIENTES   C4: En la fila de la caja | C5: Comiendo Pizza | C6: En la fila de la caja
             C7: Pidió Pizza, espera la comida | C8: Pidió Chivito, espera la comida
             C9: Pidió Ensalada César, espera la comida | C10: Eligió Pizza, espera a su mesa
             C11: Eligiendo menú (Mesa 4) | C12: Eligió Milanesa con fritas, espera a su mesa
             C13: En la sala de espera | C14: En la sala de espera
  MOZOS      Mozo 1: Llevando platos a la Mesa 3 | Mozo 2: Esperando | Mozo 3: Esperando
  COCINA     Platos: vacía
  COCINEROS  Cocinero 1: Esperando pedidos | Cocinero 2: Esperando pedidos | Cocinero 3: Esperando pedidos
  CAJAS      Fila: vacía | Cajero 1: Cobrando a C6 | Cajero 2: Cobrando a C4
========================================================================================================================
#00107 [  12.13s] Cliente 11 elige Chivito
  MESAS      Mesa 1: Libre | Mesa 2: Comiendo [C4,C5,C6] | Mesa 3: Platos listos en cocina [C7,C8,C9]
             Mesa 4: Eligiendo menú [C10,C11,C12]
  CLIENTES   C4: En la fila de la caja | C5: Comiendo Pizza | C6: En la fila de la caja
             C7: Pidió Pizza, espera la comida | C8: Pidió Chivito, espera la comida
             C9: Pidió Ensalada César, espera la comida | C10: Eligió Pizza, espera a su mesa
             C11: Eligió Chivito, espera a su mesa | C12: Eligió Milanesa con fritas, espera a su mesa
             C13: En la sala de espera | C14: En la sala de espera
  MOZOS      Mozo 1: Llevando platos a la Mesa 3 | Mozo 2: Esperando | Mozo 3: Esperando
  COCINA     Platos: vacía
  COCINEROS  Cocinero 1: Esperando pedidos | Cocinero 2: Esperando pedidos | Cocinero 3: Esperando pedidos
  CAJAS      Fila: vacía | Cajero 1: Cobrando a C6 | Cajero 2: Cobrando a C4
========================================================================================================================
#00108 [  12.13s] Todos en la Mesa 4 eligieron: llaman a un mozo
  MESAS      Mesa 1: Libre | Mesa 2: Comiendo [C4,C5,C6] | Mesa 3: Platos listos en cocina [C7,C8,C9]
             Mesa 4: Llamando al mozo [C10,C11,C12]
  CLIENTES   C4: En la fila de la caja | C5: Comiendo Pizza | C6: En la fila de la caja
             C7: Pidió Pizza, espera la comida | C8: Pidió Chivito, espera la comida
             C9: Pidió Ensalada César, espera la comida | C10: Eligió Pizza, espera a su mesa
             C11: Eligió Chivito, espera a su mesa | C12: Eligió Milanesa con fritas, espera a su mesa
             C13: En la sala de espera | C14: En la sala de espera
  MOZOS      Mozo 1: Llevando platos a la Mesa 3 | Mozo 2: Esperando | Mozo 3: Esperando
  COCINA     Platos: vacía
  COCINEROS  Cocinero 1: Esperando pedidos | Cocinero 2: Esperando pedidos | Cocinero 3: Esperando pedidos
  CAJAS      Fila: vacía | Cajero 1: Cobrando a C6 | Cajero 2: Cobrando a C4
========================================================================================================================
#00109 [  12.13s] Mozo 2 va a la Mesa 4 a tomar el pedido
  MESAS      Mesa 1: Libre | Mesa 2: Comiendo [C4,C5,C6] | Mesa 3: Platos listos en cocina [C7,C8,C9]
             Mesa 4: Haciendo el pedido [C10,C11,C12]
  CLIENTES   C4: En la fila de la caja | C5: Comiendo Pizza | C6: En la fila de la caja
             C7: Pidió Pizza, espera la comida | C8: Pidió Chivito, espera la comida
             C9: Pidió Ensalada César, espera la comida | C10: Esperando al mozo (Pizza)
             C11: Esperando al mozo (Chivito) | C12: Esperando al mozo (Milanesa con fritas) | C13: En la sala de espera
             C14: En la sala de espera
  MOZOS      Mozo 1: Llevando platos a la Mesa 3 | Mozo 2: Tomando pedido de la Mesa 4 | Mozo 3: Esperando
  COCINA     Platos: vacía
  COCINEROS  Cocinero 1: Esperando pedidos | Cocinero 2: Esperando pedidos | Cocinero 3: Esperando pedidos
  CAJAS      Fila: vacía | Cajero 1: Cobrando a C6 | Cajero 2: Cobrando a C4
========================================================================================================================
#00110 [  12.43s] Cliente 6 pagó y se va del restaurante
  MESAS      Mesa 1: Libre | Mesa 2: Comiendo [C4,C5,C6] (quedan 2) | Mesa 3: Platos listos en cocina [C7,C8,C9]
             Mesa 4: Haciendo el pedido [C10,C11,C12]
  CLIENTES   C4: En la fila de la caja | C5: Comiendo Pizza | C7: Pidió Pizza, espera la comida
             C8: Pidió Chivito, espera la comida | C9: Pidió Ensalada César, espera la comida
             C10: Pidió Pizza, espera la comida | C11: Pidió Chivito, espera la comida
             C12: Pidió Milanesa con fritas, espera la comida | C13: En la sala de espera | C14: En la sala de espera
  MOZOS      Mozo 1: Llevando platos a la Mesa 3 | Mozo 2: Tomando pedido de la Mesa 4 | Mozo 3: Esperando
  COCINA     Platos: vacía
  COCINEROS  Cocinero 1: Esperando pedidos | Cocinero 2: Esperando pedidos | Cocinero 3: Esperando pedidos
  CAJAS      Fila: vacía | Cajero 1: Esperando clientes | Cajero 2: Cobrando a C4
========================================================================================================================
#00111 [  12.44s] Cliente 4 pagó y se va del restaurante
  MESAS      Mesa 1: Libre | Mesa 2: Comiendo [C4,C5,C6] (quedan 1) | Mesa 3: Platos listos en cocina [C7,C8,C9]
             Mesa 4: Haciendo el pedido [C10,C11,C12]
  CLIENTES   C5: Comiendo Pizza | C7: Pidió Pizza, espera la comida | C8: Pidió Chivito, espera la comida
             C9: Pidió Ensalada César, espera la comida | C10: Pidió Pizza, espera la comida
             C11: Pidió Chivito, espera la comida | C12: Pidió Milanesa con fritas, espera la comida
             C13: En la sala de espera | C14: En la sala de espera
  MOZOS      Mozo 1: Llevando platos a la Mesa 3 | Mozo 2: Tomando pedido de la Mesa 4 | Mozo 3: Esperando
  COCINA     Platos: vacía
  COCINEROS  Cocinero 1: Esperando pedidos | Cocinero 2: Esperando pedidos | Cocinero 3: Esperando pedidos
  CAJAS      Fila: vacía | Cajero 1: Esperando clientes | Cajero 2: Esperando clientes
========================================================================================================================
#00112 [  12.56s] Cliente 15 entra al restaurante (10/12 adentro)
  MESAS      Mesa 1: Libre | Mesa 2: Comiendo [C4,C5,C6] (quedan 1) | Mesa 3: Platos listos en cocina [C7,C8,C9]
             Mesa 4: Haciendo el pedido [C10,C11,C12]
  CLIENTES   C5: Comiendo Pizza | C7: Pidió Pizza, espera la comida | C8: Pidió Chivito, espera la comida
             C9: Pidió Ensalada César, espera la comida | C10: Pidió Pizza, espera la comida
             C11: Pidió Chivito, espera la comida | C12: Pidió Milanesa con fritas, espera la comida
             C13: En la sala de espera | C14: En la sala de espera | C15: En la sala de espera
  MOZOS      Mozo 1: Llevando platos a la Mesa 3 | Mozo 2: Tomando pedido de la Mesa 4 | Mozo 3: Esperando
  COCINA     Platos: vacía
  COCINEROS  Cocinero 1: Esperando pedidos | Cocinero 2: Esperando pedidos | Cocinero 3: Esperando pedidos
  CAJAS      Fila: vacía | Cajero 1: Esperando clientes | Cajero 2: Esperando clientes
========================================================================================================================
#00113 [  12.56s] Se sientan Cliente 13, Cliente 14, Cliente 15 en la Mesa 1
  MESAS      Mesa 1: Eligiendo menú [C13,C14,C15] | Mesa 2: Comiendo [C4,C5,C6] (quedan 1)
             Mesa 3: Platos listos en cocina [C7,C8,C9] | Mesa 4: Haciendo el pedido [C10,C11,C12]
  CLIENTES   C5: Comiendo Pizza | C7: Pidió Pizza, espera la comida | C8: Pidió Chivito, espera la comida
             C9: Pidió Ensalada César, espera la comida | C10: Pidió Pizza, espera la comida
             C11: Pidió Chivito, espera la comida | C12: Pidió Milanesa con fritas, espera la comida
             C13: En la sala de espera | C14: En la sala de espera | C15: En la sala de espera
  MOZOS      Mozo 1: Llevando platos a la Mesa 3 | Mozo 2: Tomando pedido de la Mesa 4 | Mozo 3: Esperando
  COCINA     Platos: vacía
  COCINEROS  Cocinero 1: Esperando pedidos | Cocinero 2: Esperando pedidos | Cocinero 3: Esperando pedidos
  CAJAS      Fila: vacía | Cajero 1: Esperando clientes | Cajero 2: Esperando clientes
========================================================================================================================
#00114 [  12.56s] Cliente 15 se sienta en la Mesa 1 y mira la carta
  MESAS      Mesa 1: Eligiendo menú [C13,C14,C15] | Mesa 2: Comiendo [C4,C5,C6] (quedan 1)
             Mesa 3: Platos listos en cocina [C7,C8,C9] | Mesa 4: Haciendo el pedido [C10,C11,C12]
  CLIENTES   C5: Comiendo Pizza | C7: Pidió Pizza, espera la comida | C8: Pidió Chivito, espera la comida
             C9: Pidió Ensalada César, espera la comida | C10: Pidió Pizza, espera la comida
             C11: Pidió Chivito, espera la comida | C12: Pidió Milanesa con fritas, espera la comida
             C13: En la sala de espera | C14: En la sala de espera | C15: Eligiendo menú (Mesa 1)
  MOZOS      Mozo 1: Llevando platos a la Mesa 3 | Mozo 2: Tomando pedido de la Mesa 4 | Mozo 3: Esperando
  COCINA     Platos: vacía
  COCINEROS  Cocinero 1: Esperando pedidos | Cocinero 2: Esperando pedidos | Cocinero 3: Esperando pedidos
  CAJAS      Fila: vacía | Cajero 1: Esperando clientes | Cajero 2: Esperando clientes
========================================================================================================================
#00115 [  12.56s] Cliente 14 se sienta en la Mesa 1 y mira la carta
  MESAS      Mesa 1: Eligiendo menú [C13,C14,C15] | Mesa 2: Comiendo [C4,C5,C6] (quedan 1)
             Mesa 3: Platos listos en cocina [C7,C8,C9] | Mesa 4: Haciendo el pedido [C10,C11,C12]
  CLIENTES   C5: Comiendo Pizza | C7: Pidió Pizza, espera la comida | C8: Pidió Chivito, espera la comida
             C9: Pidió Ensalada César, espera la comida | C10: Pidió Pizza, espera la comida
             C11: Pidió Chivito, espera la comida | C12: Pidió Milanesa con fritas, espera la comida
             C13: En la sala de espera | C14: Eligiendo menú (Mesa 1) | C15: Eligiendo menú (Mesa 1)
  MOZOS      Mozo 1: Llevando platos a la Mesa 3 | Mozo 2: Tomando pedido de la Mesa 4 | Mozo 3: Esperando
  COCINA     Platos: vacía
  COCINEROS  Cocinero 1: Esperando pedidos | Cocinero 2: Esperando pedidos | Cocinero 3: Esperando pedidos
  CAJAS      Fila: vacía | Cajero 1: Esperando clientes | Cajero 2: Esperando clientes
========================================================================================================================
#00116 [  12.56s] Cliente 13 se sienta en la Mesa 1 y mira la carta
  MESAS      Mesa 1: Eligiendo menú [C13,C14,C15] | Mesa 2: Comiendo [C4,C5,C6] (quedan 1)
             Mesa 3: Platos listos en cocina [C7,C8,C9] | Mesa 4: Haciendo el pedido [C10,C11,C12]
  CLIENTES   C5: Comiendo Pizza | C7: Pidió Pizza, espera la comida | C8: Pidió Chivito, espera la comida
             C9: Pidió Ensalada César, espera la comida | C10: Pidió Pizza, espera la comida
             C11: Pidió Chivito, espera la comida | C12: Pidió Milanesa con fritas, espera la comida
             C13: Eligiendo menú (Mesa 1) | C14: Eligiendo menú (Mesa 1) | C15: Eligiendo menú (Mesa 1)
  MOZOS      Mozo 1: Llevando platos a la Mesa 3 | Mozo 2: Tomando pedido de la Mesa 4 | Mozo 3: Esperando
  COCINA     Platos: vacía
  COCINEROS  Cocinero 1: Esperando pedidos | Cocinero 2: Esperando pedidos | Cocinero 3: Esperando pedidos
  CAJAS      Fila: vacía | Cajero 1: Esperando clientes | Cajero 2: Esperando clientes
========================================================================================================================
#00117 [  12.65s] Mozo 1 sirve los platos en la Mesa 3
  MESAS      Mesa 1: Eligiendo menú [C13,C14,C15] | Mesa 2: Comiendo [C4,C5,C6] (quedan 1) | Mesa 3: Comiendo [C7,C8,C9]
             Mesa 4: Haciendo el pedido [C10,C11,C12]
  CLIENTES   C5: Comiendo Pizza | C7: Pidió Pizza, espera la comida | C8: Pidió Chivito, espera la comida
             C9: Pidió Ensalada César, espera la comida | C10: Pidió Pizza, espera la comida
             C11: Pidió Chivito, espera la comida | C12: Pidió Milanesa con fritas, espera la comida
             C13: Eligiendo menú (Mesa 1) | C14: Eligiendo menú (Mesa 1) | C15: Eligiendo menú (Mesa 1)
  MOZOS      Mozo 1: Sirvió la Mesa 3 | Mozo 2: Tomando pedido de la Mesa 4 | Mozo 3: Esperando
  COCINA     Platos: vacía
  COCINEROS  Cocinero 1: Esperando pedidos | Cocinero 2: Esperando pedidos | Cocinero 3: Esperando pedidos
  CAJAS      Fila: vacía | Cajero 1: Esperando clientes | Cajero 2: Esperando clientes
========================================================================================================================
#00118 [  12.65s] Cliente 7 empieza a comer Pizza
  MESAS      Mesa 1: Eligiendo menú [C13,C14,C15] | Mesa 2: Comiendo [C4,C5,C6] (quedan 1) | Mesa 3: Comiendo [C7,C8,C9]
             Mesa 4: Haciendo el pedido [C10,C11,C12]
  CLIENTES   C5: Comiendo Pizza | C7: Comiendo Pizza | C8: Pidió Chivito, espera la comida
             C9: Pidió Ensalada César, espera la comida | C10: Pidió Pizza, espera la comida
             C11: Pidió Chivito, espera la comida | C12: Pidió Milanesa con fritas, espera la comida
             C13: Eligiendo menú (Mesa 1) | C14: Eligiendo menú (Mesa 1) | C15: Eligiendo menú (Mesa 1)
  MOZOS      Mozo 1: Sirvió la Mesa 3 | Mozo 2: Tomando pedido de la Mesa 4 | Mozo 3: Esperando
  COCINA     Platos: vacía
  COCINEROS  Cocinero 1: Esperando pedidos | Cocinero 2: Esperando pedidos | Cocinero 3: Esperando pedidos
  CAJAS      Fila: vacía | Cajero 1: Esperando clientes | Cajero 2: Esperando clientes
========================================================================================================================
#00119 [  12.65s] Cliente 9 empieza a comer Ensalada César
  MESAS      Mesa 1: Eligiendo menú [C13,C14,C15] | Mesa 2: Comiendo [C4,C5,C6] (quedan 1) | Mesa 3: Comiendo [C7,C8,C9]
             Mesa 4: Haciendo el pedido [C10,C11,C12]
  CLIENTES   C5: Comiendo Pizza | C7: Comiendo Pizza | C8: Pidió Chivito, espera la comida | C9: Comiendo Ensalada César
             C10: Pidió Pizza, espera la comida | C11: Pidió Chivito, espera la comida
             C12: Pidió Milanesa con fritas, espera la comida | C13: Eligiendo menú (Mesa 1)
             C14: Eligiendo menú (Mesa 1) | C15: Eligiendo menú (Mesa 1)
  MOZOS      Mozo 1: Sirvió la Mesa 3 | Mozo 2: Tomando pedido de la Mesa 4 | Mozo 3: Esperando
  COCINA     Platos: vacía
  COCINEROS  Cocinero 1: Esperando pedidos | Cocinero 2: Esperando pedidos | Cocinero 3: Esperando pedidos
  CAJAS      Fila: vacía | Cajero 1: Esperando clientes | Cajero 2: Esperando clientes
========================================================================================================================
#00120 [  12.65s] Cliente 8 empieza a comer Chivito
  MESAS      Mesa 1: Eligiendo menú [C13,C14,C15] | Mesa 2: Comiendo [C4,C5,C6] (quedan 1) | Mesa 3: Comiendo [C7,C8,C9]
             Mesa 4: Haciendo el pedido [C10,C11,C12]
  CLIENTES   C5: Comiendo Pizza | C7: Comiendo Pizza | C8: Comiendo Chivito | C9: Comiendo Ensalada César
             C10: Pidió Pizza, espera la comida | C11: Pidió Chivito, espera la comida
             C12: Pidió Milanesa con fritas, espera la comida | C13: Eligiendo menú (Mesa 1)
             C14: Eligiendo menú (Mesa 1) | C15: Eligiendo menú (Mesa 1)
  MOZOS      Mozo 1: Sirvió la Mesa 3 | Mozo 2: Tomando pedido de la Mesa 4 | Mozo 3: Esperando
  COCINA     Platos: vacía
  COCINEROS  Cocinero 1: Esperando pedidos | Cocinero 2: Esperando pedidos | Cocinero 3: Esperando pedidos
  CAJAS      Fila: vacía | Cajero 1: Esperando clientes | Cajero 2: Esperando clientes
========================================================================================================================
#00121 [  12.85s] Mozo 2 pasa a la cocina el Pedido #4 de la Mesa 4 -> C10: Pizza, C11: Chivito, C12: Milanesa con fritas
  MESAS      Mesa 1: Eligiendo menú [C13,C14,C15] | Mesa 2: Comiendo [C4,C5,C6] (quedan 1) | Mesa 3: Comiendo [C7,C8,C9]
             Mesa 4: Esperando la comida [C10,C11,C12]
  CLIENTES   C5: Comiendo Pizza | C7: Comiendo Pizza | C8: Comiendo Chivito | C9: Comiendo Ensalada César
             C10: Pidió Pizza, espera la comida | C11: Pidió Chivito, espera la comida
             C12: Pidió Milanesa con fritas, espera la comida | C13: Eligiendo menú (Mesa 1)
             C14: Eligiendo menú (Mesa 1) | C15: Eligiendo menú (Mesa 1)
  MOZOS      Mozo 1: Esperando | Mozo 2: Dejó el Pedido #4 en cocina | Mozo 3: Esperando
  COCINA     Platos: vacía
  COCINEROS  Cocinero 1: Esperando pedidos | Cocinero 2: Esperando pedidos | Cocinero 3: Esperando pedidos
  CAJAS      Fila: vacía | Cajero 1: Esperando clientes | Cajero 2: Esperando clientes
========================================================================================================================
#00122 [  12.85s] Cocinero 3 empieza a cocinar Pizza (Pedido #4, Mesa 4)
  MESAS      Mesa 1: Eligiendo menú [C13,C14,C15] | Mesa 2: Comiendo [C4,C5,C6] (quedan 1) | Mesa 3: Comiendo [C7,C8,C9]
             Mesa 4: Esperando la comida [C10,C11,C12]
  CLIENTES   C5: Comiendo Pizza | C7: Comiendo Pizza | C8: Comiendo Chivito | C9: Comiendo Ensalada César
             C10: Pidió Pizza, espera la comida | C11: Pidió Chivito, espera la comida
             C12: Pidió Milanesa con fritas, espera la comida | C13: Eligiendo menú (Mesa 1)
             C14: Eligiendo menú (Mesa 1) | C15: Eligiendo menú (Mesa 1)
  MOZOS      Mozo 1: Esperando | Mozo 2: Esperando | Mozo 3: Esperando
  COCINA     Platos: vacía
  COCINEROS  Cocinero 1: Esperando pedidos | Cocinero 2: Esperando pedidos | Cocinero 3: Cocinando Pizza
  CAJAS      Fila: vacía | Cajero 1: Esperando clientes | Cajero 2: Esperando clientes
========================================================================================================================
#00123 [  12.85s] Cocinero 1 empieza a cocinar Milanesa con fritas (Pedido #4, Mesa 4)
  MESAS      Mesa 1: Eligiendo menú [C13,C14,C15] | Mesa 2: Comiendo [C4,C5,C6] (quedan 1) | Mesa 3: Comiendo [C7,C8,C9]
             Mesa 4: Esperando la comida [C10,C11,C12]
  CLIENTES   C5: Comiendo Pizza | C7: Comiendo Pizza | C8: Comiendo Chivito | C9: Comiendo Ensalada César
             C10: Pidió Pizza, espera la comida | C11: Pidió Chivito, espera la comida
             C12: Pidió Milanesa con fritas, espera la comida | C13: Eligiendo menú (Mesa 1)
             C14: Eligiendo menú (Mesa 1) | C15: Eligiendo menú (Mesa 1)
  MOZOS      Mozo 1: Esperando | Mozo 2: Esperando | Mozo 3: Esperando
  COCINA     Platos: vacía
  COCINEROS  Cocinero 1: Cocinando Milanesa con fritas | Cocinero 2: Esperando pedidos | Cocinero 3: Cocinando Pizza
  CAJAS      Fila: vacía | Cajero 1: Esperando clientes | Cajero 2: Esperando clientes
========================================================================================================================
#00124 [  12.85s] Cocinero 2 empieza a cocinar Chivito (Pedido #4, Mesa 4)
  MESAS      Mesa 1: Eligiendo menú [C13,C14,C15] | Mesa 2: Comiendo [C4,C5,C6] (quedan 1) | Mesa 3: Comiendo [C7,C8,C9]
             Mesa 4: Esperando la comida [C10,C11,C12]
  CLIENTES   C5: Comiendo Pizza | C7: Comiendo Pizza | C8: Comiendo Chivito | C9: Comiendo Ensalada César
             C10: Pidió Pizza, espera la comida | C11: Pidió Chivito, espera la comida
             C12: Pidió Milanesa con fritas, espera la comida | C13: Eligiendo menú (Mesa 1)
             C14: Eligiendo menú (Mesa 1) | C15: Eligiendo menú (Mesa 1)
  MOZOS      Mozo 1: Esperando | Mozo 2: Esperando | Mozo 3: Esperando
  COCINA     Platos: vacía
  COCINEROS  Cocinero 1: Cocinando Milanesa con fritas | Cocinero 2: Cocinando Chivito | Cocinero 3: Cocinando Pizza
  CAJAS      Fila: vacía | Cajero 1: Esperando clientes | Cajero 2: Esperando clientes
========================================================================================================================
#00125 [  12.96s] Cliente 16 entra al restaurante (11/12 adentro)
  MESAS      Mesa 1: Eligiendo menú [C13,C14,C15] | Mesa 2: Comiendo [C4,C5,C6] (quedan 1) | Mesa 3: Comiendo [C7,C8,C9]
             Mesa 4: Esperando la comida [C10,C11,C12]
  CLIENTES   C5: Comiendo Pizza | C7: Comiendo Pizza | C8: Comiendo Chivito | C9: Comiendo Ensalada César
             C10: Pidió Pizza, espera la comida | C11: Pidió Chivito, espera la comida
             C12: Pidió Milanesa con fritas, espera la comida | C13: Eligiendo menú (Mesa 1)
             C14: Eligiendo menú (Mesa 1) | C15: Eligiendo menú (Mesa 1) | C16: En la sala de espera
  MOZOS      Mozo 1: Esperando | Mozo 2: Esperando | Mozo 3: Esperando
  COCINA     Platos: vacía
  COCINEROS  Cocinero 1: Cocinando Milanesa con fritas | Cocinero 2: Cocinando Chivito | Cocinero 3: Cocinando Pizza
  CAJAS      Fila: vacía | Cajero 1: Esperando clientes | Cajero 2: Esperando clientes
========================================================================================================================
#00126 [  13.43s] Cliente 17 entra al restaurante (12/12 adentro)
  MESAS      Mesa 1: Eligiendo menú [C13,C14,C15] | Mesa 2: Comiendo [C4,C5,C6] (quedan 1) | Mesa 3: Comiendo [C7,C8,C9]
             Mesa 4: Esperando la comida [C10,C11,C12]
  CLIENTES   C5: Comiendo Pizza | C7: Comiendo Pizza | C8: Comiendo Chivito | C9: Comiendo Ensalada César
             C10: Pidió Pizza, espera la comida | C11: Pidió Chivito, espera la comida
             C12: Pidió Milanesa con fritas, espera la comida | C13: Eligiendo menú (Mesa 1)
             C14: Eligiendo menú (Mesa 1) | C15: Eligiendo menú (Mesa 1) | C16: En la sala de espera
             C17: En la sala de espera
  MOZOS      Mozo 1: Esperando | Mozo 2: Esperando | Mozo 3: Esperando
  COCINA     Platos: vacía
  COCINEROS  Cocinero 1: Cocinando Milanesa con fritas | Cocinero 2: Cocinando Chivito | Cocinero 3: Cocinando Pizza
  CAJAS      Fila: vacía | Cajero 1: Esperando clientes | Cajero 2: Esperando clientes
========================================================================================================================
#00127 [  13.60s] Cliente 5 terminó de comer y va a la caja
  MESAS      Mesa 1: Eligiendo menú [C13,C14,C15] | Mesa 2: Comiendo [C4,C5,C6] (quedan 1) | Mesa 3: Comiendo [C7,C8,C9]
             Mesa 4: Esperando la comida [C10,C11,C12]
  CLIENTES   C5: En la fila de la caja | C7: Comiendo Pizza | C8: Comiendo Chivito | C9: Comiendo Ensalada César
             C10: Pidió Pizza, espera la comida | C11: Pidió Chivito, espera la comida
             C12: Pidió Milanesa con fritas, espera la comida | C13: Eligiendo menú (Mesa 1)
             C14: Eligiendo menú (Mesa 1) | C15: Eligiendo menú (Mesa 1) | C16: En la sala de espera
             C17: En la sala de espera
  MOZOS      Mozo 1: Esperando | Mozo 2: Esperando | Mozo 3: Esperando
  COCINA     Platos: vacía
  COCINEROS  Cocinero 1: Cocinando Milanesa con fritas | Cocinero 2: Cocinando Chivito | Cocinero 3: Cocinando Pizza
  CAJAS      Fila: vacía | Cajero 1: Esperando clientes | Cajero 2: Esperando clientes
========================================================================================================================
#00128 [  13.61s] Cajero 1 le cobra Pizza ($480) a Cliente 5
  MESAS      Mesa 1: Eligiendo menú [C13,C14,C15] | Mesa 2: Comiendo [C4,C5,C6] (quedan 1) | Mesa 3: Comiendo [C7,C8,C9]
             Mesa 4: Esperando la comida [C10,C11,C12]
  CLIENTES   C5: En la fila de la caja | C7: Comiendo Pizza | C8: Comiendo Chivito | C9: Comiendo Ensalada César
             C10: Pidió Pizza, espera la comida | C11: Pidió Chivito, espera la comida
             C12: Pidió Milanesa con fritas, espera la comida | C13: Eligiendo menú (Mesa 1)
             C14: Eligiendo menú (Mesa 1) | C15: Eligiendo menú (Mesa 1) | C16: En la sala de espera
             C17: En la sala de espera
  MOZOS      Mozo 1: Esperando | Mozo 2: Esperando | Mozo 3: Esperando
  COCINA     Platos: vacía
  COCINEROS  Cocinero 1: Cocinando Milanesa con fritas | Cocinero 2: Cocinando Chivito | Cocinero 3: Cocinando Pizza
  CAJAS      Fila: vacía | Cajero 1: Cobrando a C5 | Cajero 2: Esperando clientes
========================================================================================================================
#00129 [  13.61s] Cliente 14 elige Pizza
  MESAS      Mesa 1: Eligiendo menú [C13,C14,C15] | Mesa 2: Comiendo [C4,C5,C6] (quedan 1) | Mesa 3: Comiendo [C7,C8,C9]
             Mesa 4: Esperando la comida [C10,C11,C12]
  CLIENTES   C5: En la fila de la caja | C7: Comiendo Pizza | C8: Comiendo Chivito | C9: Comiendo Ensalada César
             C10: Pidió Pizza, espera la comida | C11: Pidió Chivito, espera la comida
             C12: Pidió Milanesa con fritas, espera la comida | C13: Eligiendo menú (Mesa 1)
             C14: Eligió Pizza, espera a su mesa | C15: Eligiendo menú (Mesa 1) | C16: En la sala de espera
             C17: En la sala de espera
  MOZOS      Mozo 1: Esperando | Mozo 2: Esperando | Mozo 3: Esperando
  COCINA     Platos: vacía
  COCINEROS  Cocinero 1: Cocinando Milanesa con fritas | Cocinero 2: Cocinando Chivito | Cocinero 3: Cocinando Pizza
  CAJAS      Fila: vacía | Cajero 1: Cobrando a C5 | Cajero 2: Esperando clientes
========================================================================================================================
#00130 [  13.66s] Cliente 15 elige Milanesa con fritas
  MESAS      Mesa 1: Eligiendo menú [C13,C14,C15] | Mesa 2: Comiendo [C4,C5,C6] (quedan 1) | Mesa 3: Comiendo [C7,C8,C9]
             Mesa 4: Esperando la comida [C10,C11,C12]
  CLIENTES   C5: En la fila de la caja | C7: Comiendo Pizza | C8: Comiendo Chivito | C9: Comiendo Ensalada César
             C10: Pidió Pizza, espera la comida | C11: Pidió Chivito, espera la comida
             C12: Pidió Milanesa con fritas, espera la comida | C13: Eligiendo menú (Mesa 1)
             C14: Eligió Pizza, espera a su mesa | C15: Eligió Milanesa con fritas, espera a su mesa
             C16: En la sala de espera | C17: En la sala de espera
  MOZOS      Mozo 1: Esperando | Mozo 2: Esperando | Mozo 3: Esperando
  COCINA     Platos: vacía
  COCINEROS  Cocinero 1: Cocinando Milanesa con fritas | Cocinero 2: Cocinando Chivito | Cocinero 3: Cocinando Pizza
  CAJAS      Fila: vacía | Cajero 1: Cobrando a C5 | Cajero 2: Esperando clientes
========================================================================================================================
#00131 [  13.99s] Cliente 13 elige Ensalada César
  MESAS      Mesa 1: Eligiendo menú [C13,C14,C15] | Mesa 2: Comiendo [C4,C5,C6] (quedan 1) | Mesa 3: Comiendo [C7,C8,C9]
             Mesa 4: Esperando la comida [C10,C11,C12]
  CLIENTES   C5: En la fila de la caja | C7: Comiendo Pizza | C8: Comiendo Chivito | C9: Comiendo Ensalada César
             C10: Pidió Pizza, espera la comida | C11: Pidió Chivito, espera la comida
             C12: Pidió Milanesa con fritas, espera la comida | C13: Eligió Ensalada César, espera a su mesa
             C14: Eligió Pizza, espera a su mesa | C15: Eligió Milanesa con fritas, espera a su mesa
             C16: En la sala de espera | C17: En la sala de espera
  MOZOS      Mozo 1: Esperando | Mozo 2: Esperando | Mozo 3: Esperando
  COCINA     Platos: vacía
  COCINEROS  Cocinero 1: Cocinando Milanesa con fritas | Cocinero 2: Cocinando Chivito | Cocinero 3: Cocinando Pizza
  CAJAS      Fila: vacía | Cajero 1: Cobrando a C5 | Cajero 2: Esperando clientes
========================================================================================================================
#00132 [  13.99s] Todos en la Mesa 1 eligieron: llaman a un mozo
  MESAS      Mesa 1: Llamando al mozo [C13,C14,C15] | Mesa 2: Comiendo [C4,C5,C6] (quedan 1)
             Mesa 3: Comiendo [C7,C8,C9] | Mesa 4: Esperando la comida [C10,C11,C12]
  CLIENTES   C5: En la fila de la caja | C7: Comiendo Pizza | C8: Comiendo Chivito | C9: Comiendo Ensalada César
             C10: Pidió Pizza, espera la comida | C11: Pidió Chivito, espera la comida
             C12: Pidió Milanesa con fritas, espera la comida | C13: Eligió Ensalada César, espera a su mesa
             C14: Eligió Pizza, espera a su mesa | C15: Eligió Milanesa con fritas, espera a su mesa
             C16: En la sala de espera | C17: En la sala de espera
  MOZOS      Mozo 1: Esperando | Mozo 2: Esperando | Mozo 3: Esperando
  COCINA     Platos: vacía
  COCINEROS  Cocinero 1: Cocinando Milanesa con fritas | Cocinero 2: Cocinando Chivito | Cocinero 3: Cocinando Pizza
  CAJAS      Fila: vacía | Cajero 1: Cobrando a C5 | Cajero 2: Esperando clientes
========================================================================================================================
#00133 [  13.99s] Mozo 3 va a la Mesa 1 a tomar el pedido
  MESAS      Mesa 1: Haciendo el pedido [C13,C14,C15] | Mesa 2: Comiendo [C4,C5,C6] (quedan 1)
             Mesa 3: Comiendo [C7,C8,C9] | Mesa 4: Esperando la comida [C10,C11,C12]
  CLIENTES   C5: En la fila de la caja | C7: Comiendo Pizza | C8: Comiendo Chivito | C9: Comiendo Ensalada César
             C10: Pidió Pizza, espera la comida | C11: Pidió Chivito, espera la comida
             C12: Pidió Milanesa con fritas, espera la comida | C13: Esperando al mozo (Ensalada César)
             C14: Esperando al mozo (Pizza) | C15: Esperando al mozo (Milanesa con fritas) | C16: En la sala de espera
             C17: En la sala de espera
  MOZOS      Mozo 1: Esperando | Mozo 2: Esperando | Mozo 3: Tomando pedido de la Mesa 1
  COCINA     Platos: vacía
  COCINEROS  Cocinero 1: Cocinando Milanesa con fritas | Cocinero 2: Cocinando Chivito | Cocinero 3: Cocinando Pizza
  CAJAS      Fila: vacía | Cajero 1: Cobrando a C5 | Cajero 2: Esperando clientes
========================================================================================================================
#00134 [  14.15s] Cliente 5 pagó y se va del restaurante. La Mesa 2 queda sucia
  MESAS      Mesa 1: Haciendo el pedido [C13,C14,C15] | Mesa 2: Sucia, esperando mozo [C4,C5,C6] (quedan 0)
             Mesa 3: Comiendo [C7,C8,C9] | Mesa 4: Esperando la comida [C10,C11,C12]
  CLIENTES   C7: Comiendo Pizza | C8: Comiendo Chivito | C9: Comiendo Ensalada César
             C10: Pidió Pizza, espera la comida | C11: Pidió Chivito, espera la comida
             C12: Pidió Milanesa con fritas, espera la comida | C13: Pidió Ensalada César, espera la comida
             C14: Pidió Pizza, espera la comida | C15: Pidió Milanesa con fritas, espera la comida
             C16: En la sala de espera | C17: En la sala de espera
  MOZOS      Mozo 1: Esperando | Mozo 2: Esperando | Mozo 3: Tomando pedido de la Mesa 1
  COCINA     Platos: vacía
  COCINEROS  Cocinero 1: Cocinando Milanesa con fritas | Cocinero 2: Cocinando Chivito | Cocinero 3: Cocinando Pizza
  CAJAS      Fila: vacía | Cajero 1: Esperando clientes | Cajero 2: Esperando clientes
========================================================================================================================
#00135 [  14.16s] Mozo 1 levanta los platos y limpia la Mesa 2
  MESAS      Mesa 1: Haciendo el pedido [C13,C14,C15] | Mesa 2: Limpiando [C4,C5,C6] (quedan 0)
             Mesa 3: Comiendo [C7,C8,C9] | Mesa 4: Esperando la comida [C10,C11,C12]
  CLIENTES   C7: Comiendo Pizza | C8: Comiendo Chivito | C9: Comiendo Ensalada César
             C10: Pidió Pizza, espera la comida | C11: Pidió Chivito, espera la comida
             C12: Pidió Milanesa con fritas, espera la comida | C13: Pidió Ensalada César, espera la comida
             C14: Pidió Pizza, espera la comida | C15: Pidió Milanesa con fritas, espera la comida
             C16: En la sala de espera | C17: En la sala de espera
  MOZOS      Mozo 1: Limpiando la Mesa 2 | Mozo 2: Esperando | Mozo 3: Tomando pedido de la Mesa 1
  COCINA     Platos: vacía
  COCINEROS  Cocinero 1: Cocinando Milanesa con fritas | Cocinero 2: Cocinando Chivito | Cocinero 3: Cocinando Pizza
  CAJAS      Fila: vacía | Cajero 1: Esperando clientes | Cajero 2: Esperando clientes
========================================================================================================================
#00136 [  14.30s] Cliente 18 entra al restaurante (12/12 adentro)
  MESAS      Mesa 1: Haciendo el pedido [C13,C14,C15] | Mesa 2: Limpiando [C4,C5,C6] (quedan 0)
             Mesa 3: Comiendo [C7,C8,C9] | Mesa 4: Esperando la comida [C10,C11,C12]
  CLIENTES   C7: Comiendo Pizza | C8: Comiendo Chivito | C9: Comiendo Ensalada César
             C10: Pidió Pizza, espera la comida | C11: Pidió Chivito, espera la comida
             C12: Pidió Milanesa con fritas, espera la comida | C13: Pidió Ensalada César, espera la comida
             C14: Pidió Pizza, espera la comida | C15: Pidió Milanesa con fritas, espera la comida
             C16: En la sala de espera | C17: En la sala de espera | C18: En la sala de espera
  MOZOS      Mozo 1: Limpiando la Mesa 2 | Mozo 2: Esperando | Mozo 3: Tomando pedido de la Mesa 1
  COCINA     Platos: vacía
  COCINEROS  Cocinero 1: Cocinando Milanesa con fritas | Cocinero 2: Cocinando Chivito | Cocinero 3: Cocinando Pizza
  CAJAS      Fila: vacía | Cajero 1: Esperando clientes | Cajero 2: Esperando clientes
========================================================================================================================
#00137 [  14.40s] Mozo 3 pasa a la cocina el Pedido #5 de la Mesa 1 -> C13: Ensalada César, C14: Pizza, C15: Milanesa con fritas
  MESAS      Mesa 1: Esperando la comida [C13,C14,C15] | Mesa 2: Limpiando [C4,C5,C6] (quedan 0)
             Mesa 3: Comiendo [C7,C8,C9] | Mesa 4: Esperando la comida [C10,C11,C12]
  CLIENTES   C7: Comiendo Pizza | C8: Comiendo Chivito | C9: Comiendo Ensalada César
             C10: Pidió Pizza, espera la comida | C11: Pidió Chivito, espera la comida
             C12: Pidió Milanesa con fritas, espera la comida | C13: Pidió Ensalada César, espera la comida
             C14: Pidió Pizza, espera la comida | C15: Pidió Milanesa con fritas, espera la comida
             C16: En la sala de espera | C17: En la sala de espera | C18: En la sala de espera
  MOZOS      Mozo 1: Limpiando la Mesa 2 | Mozo 2: Esperando | Mozo 3: Dejó el Pedido #5 en cocina
  COCINA     Platos: vacía
  COCINEROS  Cocinero 1: Cocinando Milanesa con fritas | Cocinero 2: Cocinando Chivito | Cocinero 3: Cocinando Pizza
  CAJAS      Fila: vacía | Cajero 1: Esperando clientes | Cajero 2: Esperando clientes
========================================================================================================================
#00138 [  14.58s] Se sientan Cliente 16, Cliente 17, Cliente 18 en la Mesa 2
  MESAS      Mesa 1: Esperando la comida [C13,C14,C15] | Mesa 2: Eligiendo menú [C16,C17,C18]
             Mesa 3: Comiendo [C7,C8,C9] | Mesa 4: Esperando la comida [C10,C11,C12]
  CLIENTES   C7: Comiendo Pizza | C8: Comiendo Chivito | C9: Comiendo Ensalada César
             C10: Pidió Pizza, espera la comida | C11: Pidió Chivito, espera la comida
             C12: Pidió Milanesa con fritas, espera la comida | C13: Pidió Ensalada César, espera la comida
             C14: Pidió Pizza, espera la comida | C15: Pidió Milanesa con fritas, espera la comida
             C16: En la sala de espera | C17: En la sala de espera | C18: En la sala de espera
  MOZOS      Mozo 1: Limpiando la Mesa 2 | Mozo 2: Esperando | Mozo 3: Esperando
  COCINA     Platos: por cocinar: #5 Ensalada César, #5 Pizza, #5 Milanesa con fritas
  COCINEROS  Cocinero 1: Cocinando Milanesa con fritas | Cocinero 2: Cocinando Chivito | Cocinero 3: Cocinando Pizza
  CAJAS      Fila: vacía | Cajero 1: Esperando clientes | Cajero 2: Esperando clientes
========================================================================================================================
#00139 [  14.58s] Mozo 1 terminó de limpiar: la Mesa 2 queda libre
  MESAS      Mesa 1: Esperando la comida [C13,C14,C15] | Mesa 2: Eligiendo menú [C16,C17,C18]
             Mesa 3: Comiendo [C7,C8,C9] | Mesa 4: Esperando la comida [C10,C11,C12]
  CLIENTES   C7: Comiendo Pizza | C8: Comiendo Chivito | C9: Comiendo Ensalada César
             C10: Pidió Pizza, espera la comida | C11: Pidió Chivito, espera la comida
             C12: Pidió Milanesa con fritas, espera la comida | C13: Pidió Ensalada César, espera la comida
             C14: Pidió Pizza, espera la comida | C15: Pidió Milanesa con fritas, espera la comida
             C16: En la sala de espera | C17: En la sala de espera | C18: En la sala de espera
  MOZOS      Mozo 1: Limpió la Mesa 2 | Mozo 2: Esperando | Mozo 3: Esperando
  COCINA     Platos: por cocinar: #5 Ensalada César, #5 Pizza, #5 Milanesa con fritas
  COCINEROS  Cocinero 1: Cocinando Milanesa con fritas | Cocinero 2: Cocinando Chivito | Cocinero 3: Cocinando Pizza
  CAJAS      Fila: vacía | Cajero 1: Esperando clientes | Cajero 2: Esperando clientes
========================================================================================================================
#00140 [  14.58s] Cliente 17 se sienta en la Mesa 2 y mira la carta
  MESAS      Mesa 1: Esperando la comida [C13,C14,C15] | Mesa 2: Eligiendo menú [C16,C17,C18]
             Mesa 3: Comiendo [C7,C8,C9] | Mesa 4: Esperando la comida [C10,C11,C12]
  CLIENTES   C7: Comiendo Pizza | C8: Comiendo Chivito | C9: Comiendo Ensalada César
             C10: Pidió Pizza, espera la comida | C11: Pidió Chivito, espera la comida
             C12: Pidió Milanesa con fritas, espera la comida | C13: Pidió Ensalada César, espera la comida
             C14: Pidió Pizza, espera la comida | C15: Pidió Milanesa con fritas, espera la comida
             C16: En la sala de espera | C17: Eligiendo menú (Mesa 2) | C18: En la sala de espera
  MOZOS      Mozo 1: Limpió la Mesa 2 | Mozo 2: Esperando | Mozo 3: Esperando
  COCINA     Platos: por cocinar: #5 Ensalada César, #5 Pizza, #5 Milanesa con fritas
  COCINEROS  Cocinero 1: Cocinando Milanesa con fritas | Cocinero 2: Cocinando Chivito | Cocinero 3: Cocinando Pizza
  CAJAS      Fila: vacía | Cajero 1: Esperando clientes | Cajero 2: Esperando clientes
========================================================================================================================
#00141 [  14.58s] Cliente 18 se sienta en la Mesa 2 y mira la carta
  MESAS      Mesa 1: Esperando la comida [C13,C14,C15] | Mesa 2: Eligiendo menú [C16,C17,C18]
             Mesa 3: Comiendo [C7,C8,C9] | Mesa 4: Esperando la comida [C10,C11,C12]
  CLIENTES   C7: Comiendo Pizza | C8: Comiendo Chivito | C9: Comiendo Ensalada César
             C10: Pidió Pizza, espera la comida | C11: Pidió Chivito, espera la comida
             C12: Pidió Milanesa con fritas, espera la comida | C13: Pidió Ensalada César, espera la comida
             C14: Pidió Pizza, espera la comida | C15: Pidió Milanesa con fritas, espera la comida
             C16: En la sala de espera | C17: Eligiendo menú (Mesa 2) | C18: Eligiendo menú (Mesa 2)
  MOZOS      Mozo 1: Limpió la Mesa 2 | Mozo 2: Esperando | Mozo 3: Esperando
  COCINA     Platos: por cocinar: #5 Ensalada César, #5 Pizza, #5 Milanesa con fritas
  COCINEROS  Cocinero 1: Cocinando Milanesa con fritas | Cocinero 2: Cocinando Chivito | Cocinero 3: Cocinando Pizza
  CAJAS      Fila: vacía | Cajero 1: Esperando clientes | Cajero 2: Esperando clientes
========================================================================================================================
#00142 [  14.58s] Cliente 16 se sienta en la Mesa 2 y mira la carta
  MESAS      Mesa 1: Esperando la comida [C13,C14,C15] | Mesa 2: Eligiendo menú [C16,C17,C18]
             Mesa 3: Comiendo [C7,C8,C9] | Mesa 4: Esperando la comida [C10,C11,C12]
  CLIENTES   C7: Comiendo Pizza | C8: Comiendo Chivito | C9: Comiendo Ensalada César
             C10: Pidió Pizza, espera la comida | C11: Pidió Chivito, espera la comida
             C12: Pidió Milanesa con fritas, espera la comida | C13: Pidió Ensalada César, espera la comida
             C14: Pidió Pizza, espera la comida | C15: Pidió Milanesa con fritas, espera la comida
             C16: Eligiendo menú (Mesa 2) | C17: Eligiendo menú (Mesa 2) | C18: Eligiendo menú (Mesa 2)
  MOZOS      Mozo 1: Limpió la Mesa 2 | Mozo 2: Esperando | Mozo 3: Esperando
  COCINA     Platos: por cocinar: #5 Ensalada César, #5 Pizza, #5 Milanesa con fritas
  COCINEROS  Cocinero 1: Cocinando Milanesa con fritas | Cocinero 2: Cocinando Chivito | Cocinero 3: Cocinando Pizza
  CAJAS      Fila: vacía | Cajero 1: Esperando clientes | Cajero 2: Esperando clientes
========================================================================================================================
#00143 [  14.58s] Cocinero 1 deja listo Milanesa con fritas (Pedido #4, Mesa 4)
  MESAS      Mesa 1: Esperando la comida [C13,C14,C15] | Mesa 2: Eligiendo menú [C16,C17,C18]
             Mesa 3: Comiendo [C7,C8,C9] | Mesa 4: Esperando la comida [C10,C11,C12]
  CLIENTES   C7: Comiendo Pizza | C8: Comiendo Chivito | C9: Comiendo Ensalada César
             C10: Pidió Pizza, espera la comida | C11: Pidió Chivito, espera la comida
             C12: Pidió Milanesa con fritas, espera la comida | C13: Pidió Ensalada César, espera la comida
             C14: Pidió Pizza, espera la comida | C15: Pidió Milanesa con fritas, espera la comida
             C16: Eligiendo menú (Mesa 2) | C17: Eligiendo menú (Mesa 2) | C18: Eligiendo menú (Mesa 2)
  MOZOS      Mozo 1: Esperando | Mozo 2: Esperando | Mozo 3: Esperando
  COCINA     Platos: por cocinar: #5 Ensalada César, #5 Pizza, #5 Milanesa con fritas
  COCINEROS  Cocinero 1: Dejó listo Milanesa con fritas | Cocinero 2: Cocinando Chivito | Cocinero 3: Cocinando Pizza
  CAJAS      Fila: vacía | Cajero 1: Esperando clientes | Cajero 2: Esperando clientes
========================================================================================================================
#00144 [  14.58s] Cocinero 1 empieza a cocinar Ensalada César (Pedido #5, Mesa 1)
  MESAS      Mesa 1: Esperando la comida [C13,C14,C15] | Mesa 2: Eligiendo menú [C16,C17,C18]
             Mesa 3: Comiendo [C7,C8,C9] | Mesa 4: Esperando la comida [C10,C11,C12]
  CLIENTES   C7: Comiendo Pizza | C8: Comiendo Chivito | C9: Comiendo Ensalada César
             C10: Pidió Pizza, espera la comida | C11: Pidió Chivito, espera la comida
             C12: Pidió Milanesa con fritas, espera la comida | C13: Pidió Ensalada César, espera la comida
             C14: Pidió Pizza, espera la comida | C15: Pidió Milanesa con fritas, espera la comida
             C16: Eligiendo menú (Mesa 2) | C17: Eligiendo menú (Mesa 2) | C18: Eligiendo menú (Mesa 2)
  MOZOS      Mozo 1: Esperando | Mozo 2: Esperando | Mozo 3: Esperando
  COCINA     Platos: por cocinar: #5 Pizza, #5 Milanesa con fritas
  COCINEROS  Cocinero 1: Cocinando Ensalada César | Cocinero 2: Cocinando Chivito | Cocinero 3: Cocinando Pizza
  CAJAS      Fila: vacía | Cajero 1: Esperando clientes | Cajero 2: Esperando clientes
========================================================================================================================
#00145 [  14.80s] Cliente 19 llega pero el restaurante está lleno: espera afuera
  MESAS      Mesa 1: Esperando la comida [C13,C14,C15] | Mesa 2: Eligiendo menú [C16,C17,C18]
             Mesa 3: Comiendo [C7,C8,C9] | Mesa 4: Esperando la comida [C10,C11,C12]
  CLIENTES   C7: Comiendo Pizza | C8: Comiendo Chivito | C9: Comiendo Ensalada César
             C10: Pidió Pizza, espera la comida | C11: Pidió Chivito, espera la comida
             C12: Pidió Milanesa con fritas, espera la comida | C13: Pidió Ensalada César, espera la comida
             C14: Pidió Pizza, espera la comida | C15: Pidió Milanesa con fritas, espera la comida
             C16: Eligiendo menú (Mesa 2) | C17: Eligiendo menú (Mesa 2) | C18: Eligiendo menú (Mesa 2)
             C19: Esperando afuera
  MOZOS      Mozo 1: Esperando | Mozo 2: Esperando | Mozo 3: Esperando
  COCINA     Platos: por cocinar: #5 Pizza, #5 Milanesa con fritas
  COCINEROS  Cocinero 1: Cocinando Ensalada César | Cocinero 2: Cocinando Chivito | Cocinero 3: Cocinando Pizza
  CAJAS      Fila: vacía | Cajero 1: Esperando clientes | Cajero 2: Esperando clientes
========================================================================================================================
#00146 [  15.00s] Cocinero 3 deja listo Pizza (Pedido #4, Mesa 4)
  MESAS      Mesa 1: Esperando la comida [C13,C14,C15] | Mesa 2: Eligiendo menú [C16,C17,C18]
             Mesa 3: Comiendo [C7,C8,C9] | Mesa 4: Esperando la comida [C10,C11,C12]
  CLIENTES   C7: Comiendo Pizza | C8: Comiendo Chivito | C9: Comiendo Ensalada César
             C10: Pidió Pizza, espera la comida | C11: Pidió Chivito, espera la comida
             C12: Pidió Milanesa con fritas, espera la comida | C13: Pidió Ensalada César, espera la comida
             C14: Pidió Pizza, espera la comida | C15: Pidió Milanesa con fritas, espera la comida
             C16: Eligiendo menú (Mesa 2) | C17: Eligiendo menú (Mesa 2) | C18: Eligiendo menú (Mesa 2)
             C19: Esperando afuera
  MOZOS      Mozo 1: Esperando | Mozo 2: Esperando | Mozo 3: Esperando
  COCINA     Platos: por cocinar: #5 Pizza, #5 Milanesa con fritas
  COCINEROS  Cocinero 1: Cocinando Ensalada César | Cocinero 2: Cocinando Chivito | Cocinero 3: Dejó listo Pizza
  CAJAS      Fila: vacía | Cajero 1: Esperando clientes | Cajero 2: Esperando clientes
========================================================================================================================
#00147 [  15.01s] Cocinero 3 empieza a cocinar Pizza (Pedido #5, Mesa 1)
  MESAS      Mesa 1: Esperando la comida [C13,C14,C15] | Mesa 2: Eligiendo menú [C16,C17,C18]
             Mesa 3: Comiendo [C7,C8,C9] | Mesa 4: Esperando la comida [C10,C11,C12]
  CLIENTES   C7: Comiendo Pizza | C8: Comiendo Chivito | C9: Comiendo Ensalada César
             C10: Pidió Pizza, espera la comida | C11: Pidió Chivito, espera la comida
             C12: Pidió Milanesa con fritas, espera la comida | C13: Pidió Ensalada César, espera la comida
             C14: Pidió Pizza, espera la comida | C15: Pidió Milanesa con fritas, espera la comida
             C16: Eligiendo menú (Mesa 2) | C17: Eligiendo menú (Mesa 2) | C18: Eligiendo menú (Mesa 2)
             C19: Esperando afuera
  MOZOS      Mozo 1: Esperando | Mozo 2: Esperando | Mozo 3: Esperando
  COCINA     Platos: por cocinar: #5 Milanesa con fritas
  COCINEROS  Cocinero 1: Cocinando Ensalada César | Cocinero 2: Cocinando Chivito | Cocinero 3: Cocinando Pizza
  CAJAS      Fila: vacía | Cajero 1: Esperando clientes | Cajero 2: Esperando clientes
========================================================================================================================
#00148 [  15.07s] Cocinero 2 deja listo Chivito (Pedido #4, Mesa 4)
  MESAS      Mesa 1: Esperando la comida [C13,C14,C15] | Mesa 2: Eligiendo menú [C16,C17,C18]
             Mesa 3: Comiendo [C7,C8,C9] | Mesa 4: Esperando la comida [C10,C11,C12]
  CLIENTES   C7: Comiendo Pizza | C8: Comiendo Chivito | C9: Comiendo Ensalada César
             C10: Pidió Pizza, espera la comida | C11: Pidió Chivito, espera la comida
             C12: Pidió Milanesa con fritas, espera la comida | C13: Pidió Ensalada César, espera la comida
             C14: Pidió Pizza, espera la comida | C15: Pidió Milanesa con fritas, espera la comida
             C16: Eligiendo menú (Mesa 2) | C17: Eligiendo menú (Mesa 2) | C18: Eligiendo menú (Mesa 2)
             C19: Esperando afuera
  MOZOS      Mozo 1: Esperando | Mozo 2: Esperando | Mozo 3: Esperando
  COCINA     Platos: por cocinar: #5 Milanesa con fritas
  COCINEROS  Cocinero 1: Cocinando Ensalada César | Cocinero 2: Dejó listo Chivito | Cocinero 3: Cocinando Pizza
  CAJAS      Fila: vacía | Cajero 1: Esperando clientes | Cajero 2: Esperando clientes
========================================================================================================================
#00149 [  15.07s] La cocina avisa a los mozos: Pedido #4 de la Mesa 4 está completo
  MESAS      Mesa 1: Esperando la comida [C13,C14,C15] | Mesa 2: Eligiendo menú [C16,C17,C18]
             Mesa 3: Comiendo [C7,C8,C9] | Mesa 4: Platos listos en cocina [C10,C11,C12]
  CLIENTES   C7: Comiendo Pizza | C8: Comiendo Chivito | C9: Comiendo Ensalada César
             C10: Pidió Pizza, espera la comida | C11: Pidió Chivito, espera la comida
             C12: Pidió Milanesa con fritas, espera la comida | C13: Pidió Ensalada César, espera la comida
             C14: Pidió Pizza, espera la comida | C15: Pidió Milanesa con fritas, espera la comida
             C16: Eligiendo menú (Mesa 2) | C17: Eligiendo menú (Mesa 2) | C18: Eligiendo menú (Mesa 2)
             C19: Esperando afuera
  MOZOS      Mozo 1: Esperando | Mozo 2: Esperando | Mozo 3: Esperando
  COCINA     Platos: por cocinar: #5 Milanesa con fritas
  COCINEROS  Cocinero 1: Cocinando Ensalada César | Cocinero 2: Dejó listo Chivito | Cocinero 3: Cocinando Pizza
  CAJAS      Fila: vacía | Cajero 1: Esperando clientes | Cajero 2: Esperando clientes
========================================================================================================================
#00150 [  15.07s] Cocinero 2 empieza a cocinar Milanesa con fritas (Pedido #5, Mesa 1)
  MESAS      Mesa 1: Esperando la comida [C13,C14,C15] | Mesa 2: Eligiendo menú [C16,C17,C18]
             Mesa 3: Comiendo [C7,C8,C9] | Mesa 4: Platos listos en cocina [C10,C11,C12]
  CLIENTES   C7: Comiendo Pizza | C8: Comiendo Chivito | C9: Comiendo Ensalada César
             C10: Pidió Pizza, espera la comida | C11: Pidió Chivito, espera la comida
             C12: Pidió Milanesa con fritas, espera la comida | C13: Pidió Ensalada César, espera la comida
             C14: Pidió Pizza, espera la comida | C15: Pidió Milanesa con fritas, espera la comida
             C16: Eligiendo menú (Mesa 2) | C17: Eligiendo menú (Mesa 2) | C18: Eligiendo menú (Mesa 2)
             C19: Esperando afuera
  MOZOS      Mozo 1: Esperando | Mozo 2: Esperando | Mozo 3: Esperando
  COCINA     Platos: vacía
  COCINEROS  Cocinero 1: Cocinando Ensalada César | Cocinero 2: Cocinando Milanesa con fritas
             Cocinero 3: Cocinando Pizza
  CAJAS      Fila: vacía | Cajero 1: Esperando clientes | Cajero 2: Esperando clientes
========================================================================================================================
#00151 [  15.07s] Mozo 3 retira de la cocina los platos de la Mesa 4
  MESAS      Mesa 1: Esperando la comida [C13,C14,C15] | Mesa 2: Eligiendo menú [C16,C17,C18]
             Mesa 3: Comiendo [C7,C8,C9] | Mesa 4: Platos listos en cocina [C10,C11,C12]
  CLIENTES   C7: Comiendo Pizza | C8: Comiendo Chivito | C9: Comiendo Ensalada César
             C10: Pidió Pizza, espera la comida | C11: Pidió Chivito, espera la comida
             C12: Pidió Milanesa con fritas, espera la comida | C13: Pidió Ensalada César, espera la comida
             C14: Pidió Pizza, espera la comida | C15: Pidió Milanesa con fritas, espera la comida
             C16: Eligiendo menú (Mesa 2) | C17: Eligiendo menú (Mesa 2) | C18: Eligiendo menú (Mesa 2)
             C19: Esperando afuera
  MOZOS      Mozo 1: Esperando | Mozo 2: Esperando | Mozo 3: Llevando platos a la Mesa 4
  COCINA     Platos: vacía
  COCINEROS  Cocinero 1: Cocinando Ensalada César | Cocinero 2: Cocinando Milanesa con fritas
             Cocinero 3: Cocinando Pizza
  CAJAS      Fila: vacía | Cajero 1: Esperando clientes | Cajero 2: Esperando clientes
========================================================================================================================
#00152 [  15.12s] Cliente 16 elige Ñoquis con tuco
  MESAS      Mesa 1: Esperando la comida [C13,C14,C15] | Mesa 2: Eligiendo menú [C16,C17,C18]
             Mesa 3: Comiendo [C7,C8,C9] | Mesa 4: Platos listos en cocina [C10,C11,C12]
  CLIENTES   C7: Comiendo Pizza | C8: Comiendo Chivito | C9: Comiendo Ensalada César
             C10: Pidió Pizza, espera la comida | C11: Pidió Chivito, espera la comida
             C12: Pidió Milanesa con fritas, espera la comida | C13: Pidió Ensalada César, espera la comida
             C14: Pidió Pizza, espera la comida | C15: Pidió Milanesa con fritas, espera la comida
             C16: Eligió Ñoquis con tuco, espera a su mesa | C17: Eligiendo menú (Mesa 2) | C18: Eligiendo menú (Mesa 2)
             C19: Esperando afuera
  MOZOS      Mozo 1: Esperando | Mozo 2: Esperando | Mozo 3: Llevando platos a la Mesa 4
  COCINA     Platos: vacía
  COCINEROS  Cocinero 1: Cocinando Ensalada César | Cocinero 2: Cocinando Milanesa con fritas
             Cocinero 3: Cocinando Pizza
  CAJAS      Fila: vacía | Cajero 1: Esperando clientes | Cajero 2: Esperando clientes
========================================================================================================================
#00153 [  15.40s] Cocinero 1 deja listo Ensalada César (Pedido #5, Mesa 1)
  MESAS      Mesa 1: Esperando la comida [C13,C14,C15] | Mesa 2: Eligiendo menú [C16,C17,C18]
             Mesa 3: Comiendo [C7,C8,C9] | Mesa 4: Platos listos en cocina [C10,C11,C12]
  CLIENTES   C7: Comiendo Pizza | C8: Comiendo Chivito | C9: Comiendo Ensalada César
             C10: Pidió Pizza, espera la comida | C11: Pidió Chivito, espera la comida
             C12: Pidió Milanesa con fritas, espera la comida | C13: Pidió Ensalada César, espera la comida
             C14: Pidió Pizza, espera la comida | C15: Pidió Milanesa con fritas, espera la comida
             C16: Eligió Ñoquis con tuco, espera a su mesa | C17: Eligiendo menú (Mesa 2) | C18: Eligiendo menú (Mesa 2)
             C19: Esperando afuera
  MOZOS      Mozo 1: Esperando | Mozo 2: Esperando | Mozo 3: Llevando platos a la Mesa 4
  COCINA     Platos: vacía
  COCINEROS  Cocinero 1: Dejó listo Ensalada César | Cocinero 2: Cocinando Milanesa con fritas
             Cocinero 3: Cocinando Pizza
  CAJAS      Fila: vacía | Cajero 1: Esperando clientes | Cajero 2: Esperando clientes
========================================================================================================================
#00154 [  15.55s] Mozo 3 sirve los platos en la Mesa 4
  MESAS      Mesa 1: Esperando la comida [C13,C14,C15] | Mesa 2: Eligiendo menú [C16,C17,C18]
             Mesa 3: Comiendo [C7,C8,C9] | Mesa 4: Comiendo [C10,C11,C12]
  CLIENTES   C7: Comiendo Pizza | C8: Comiendo Chivito | C9: Comiendo Ensalada César
             C10: Pidió Pizza, espera la comida | C11: Pidió Chivito, espera la comida
             C12: Pidió Milanesa con fritas, espera la comida | C13: Pidió Ensalada César, espera la comida
             C14: Pidió Pizza, espera la comida | C15: Pidió Milanesa con fritas, espera la comida
             C16: Eligió Ñoquis con tuco, espera a su mesa | C17: Eligiendo menú (Mesa 2) | C18: Eligiendo menú (Mesa 2)
             C19: Esperando afuera
  MOZOS      Mozo 1: Esperando | Mozo 2: Esperando | Mozo 3: Sirvió la Mesa 4
  COCINA     Platos: vacía
  COCINEROS  Cocinero 1: Esperando pedidos | Cocinero 2: Cocinando Milanesa con fritas | Cocinero 3: Cocinando Pizza
  CAJAS      Fila: vacía | Cajero 1: Esperando clientes | Cajero 2: Esperando clientes
========================================================================================================================
#00155 [  15.55s] Cliente 11 empieza a comer Chivito
  MESAS      Mesa 1: Esperando la comida [C13,C14,C15] | Mesa 2: Eligiendo menú [C16,C17,C18]
             Mesa 3: Comiendo [C7,C8,C9] | Mesa 4: Comiendo [C10,C11,C12]
  CLIENTES   C7: Comiendo Pizza | C8: Comiendo Chivito | C9: Comiendo Ensalada César
             C10: Pidió Pizza, espera la comida | C11: Comiendo Chivito
             C12: Pidió Milanesa con fritas, espera la comida | C13: Pidió Ensalada César, espera la comida
             C14: Pidió Pizza, espera la comida | C15: Pidió Milanesa con fritas, espera la comida
             C16: Eligió Ñoquis con tuco, espera a su mesa | C17: Eligiendo menú (Mesa 2) | C18: Eligiendo menú (Mesa 2)
             C19: Esperando afuera
  MOZOS      Mozo 1: Esperando | Mozo 2: Esperando | Mozo 3: Sirvió la Mesa 4
  COCINA     Platos: vacía
  COCINEROS  Cocinero 1: Esperando pedidos | Cocinero 2: Cocinando Milanesa con fritas | Cocinero 3: Cocinando Pizza
  CAJAS      Fila: vacía | Cajero 1: Esperando clientes | Cajero 2: Esperando clientes
========================================================================================================================
#00156 [  15.55s] Cliente 12 empieza a comer Milanesa con fritas
  MESAS      Mesa 1: Esperando la comida [C13,C14,C15] | Mesa 2: Eligiendo menú [C16,C17,C18]
             Mesa 3: Comiendo [C7,C8,C9] | Mesa 4: Comiendo [C10,C11,C12]
  CLIENTES   C7: Comiendo Pizza | C8: Comiendo Chivito | C9: Comiendo Ensalada César
             C10: Pidió Pizza, espera la comida | C11: Comiendo Chivito | C12: Comiendo Milanesa con fritas
             C13: Pidió Ensalada César, espera la comida | C14: Pidió Pizza, espera la comida
             C15: Pidió Milanesa con fritas, espera la comida | C16: Eligió Ñoquis con tuco, espera a su mesa
             C17: Eligiendo menú (Mesa 2) | C18: Eligiendo menú (Mesa 2) | C19: Esperando afuera
  MOZOS      Mozo 1: Esperando | Mozo 2: Esperando | Mozo 3: Sirvió la Mesa 4
  COCINA     Platos: vacía
  COCINEROS  Cocinero 1: Esperando pedidos | Cocinero 2: Cocinando Milanesa con fritas | Cocinero 3: Cocinando Pizza
  CAJAS      Fila: vacía | Cajero 1: Esperando clientes | Cajero 2: Esperando clientes
========================================================================================================================
#00157 [  15.55s] Cliente 10 empieza a comer Pizza
  MESAS      Mesa 1: Esperando la comida [C13,C14,C15] | Mesa 2: Eligiendo menú [C16,C17,C18]
             Mesa 3: Comiendo [C7,C8,C9] | Mesa 4: Comiendo [C10,C11,C12]
  CLIENTES   C7: Comiendo Pizza | C8: Comiendo Chivito | C9: Comiendo Ensalada César | C10: Comiendo Pizza
             C11: Comiendo Chivito | C12: Comiendo Milanesa con fritas | C13: Pidió Ensalada César, espera la comida
             C14: Pidió Pizza, espera la comida | C15: Pidió Milanesa con fritas, espera la comida
             C16: Eligió Ñoquis con tuco, espera a su mesa | C17: Eligiendo menú (Mesa 2) | C18: Eligiendo menú (Mesa 2)
             C19: Esperando afuera
  MOZOS      Mozo 1: Esperando | Mozo 2: Esperando | Mozo 3: Sirvió la Mesa 4
  COCINA     Platos: vacía
  COCINEROS  Cocinero 1: Esperando pedidos | Cocinero 2: Cocinando Milanesa con fritas | Cocinero 3: Cocinando Pizza
  CAJAS      Fila: vacía | Cajero 1: Esperando clientes | Cajero 2: Esperando clientes
========================================================================================================================
#00158 [  15.56s] Cliente 8 terminó de comer y va a la caja
  MESAS      Mesa 1: Esperando la comida [C13,C14,C15] | Mesa 2: Eligiendo menú [C16,C17,C18]
             Mesa 3: Comiendo [C7,C8,C9] | Mesa 4: Comiendo [C10,C11,C12]
  CLIENTES   C7: Comiendo Pizza | C8: En la fila de la caja | C9: Comiendo Ensalada César | C10: Comiendo Pizza
             C11: Comiendo Chivito | C12: Comiendo Milanesa con fritas | C13: Pidió Ensalada César, espera la comida
             C14: Pidió Pizza, espera la comida | C15: Pidió Milanesa con fritas, espera la comida
             C16: Eligió Ñoquis con tuco, espera a su mesa | C17: Eligiendo menú (Mesa 2) | C18: Eligiendo menú (Mesa 2)
             C19: Esperando afuera
  MOZOS      Mozo 1: Esperando | Mozo 2: Esperando | Mozo 3: Esperando
  COCINA     Platos: vacía
  COCINEROS  Cocinero 1: Esperando pedidos | Cocinero 2: Cocinando Milanesa con fritas | Cocinero 3: Cocinando Pizza
  CAJAS      Fila: vacía | Cajero 1: Esperando clientes | Cajero 2: Esperando clientes
========================================================================================================================
#00159 [  15.57s] Cajero 2 le cobra Chivito ($650) a Cliente 8
  MESAS      Mesa 1: Esperando la comida [C13,C14,C15] | Mesa 2: Eligiendo menú [C16,C17,C18]
             Mesa 3: Comiendo [C7,C8,C9] | Mesa 4: Comiendo [C10,C11,C12]
  CLIENTES   C7: Comiendo Pizza | C8: En la fila de la caja | C9: Comiendo Ensalada César | C10: Comiendo Pizza
             C11: Comiendo Chivito | C12: Comiendo Milanesa con fritas | C13: Pidió Ensalada César, espera la comida
             C14: Pidió Pizza, espera la comida | C15: Pidió Milanesa con fritas, espera la comida
             C16: Eligió Ñoquis con tuco, espera a su mesa | C17: Eligiendo menú (Mesa 2) | C18: Eligiendo menú (Mesa 2)
             C19: Esperando afuera
  MOZOS      Mozo 1: Esperando | Mozo 2: Esperando | Mozo 3: Esperando
  COCINA     Platos: vacía
  COCINEROS  Cocinero 1: Esperando pedidos | Cocinero 2: Cocinando Milanesa con fritas | Cocinero 3: Cocinando Pizza
  CAJAS      Fila: vacía | Cajero 1: Esperando clientes | Cajero 2: Cobrando a C8
========================================================================================================================
#00160 [  15.64s] Cliente 20 llega pero el restaurante está lleno: espera afuera
  MESAS      Mesa 1: Esperando la comida [C13,C14,C15] | Mesa 2: Eligiendo menú [C16,C17,C18]
             Mesa 3: Comiendo [C7,C8,C9] | Mesa 4: Comiendo [C10,C11,C12]
  CLIENTES   C7: Comiendo Pizza | C8: En la fila de la caja | C9: Comiendo Ensalada César | C10: Comiendo Pizza
             C11: Comiendo Chivito | C12: Comiendo Milanesa con fritas | C13: Pidió Ensalada César, espera la comida
             C14: Pidió Pizza, espera la comida | C15: Pidió Milanesa con fritas, espera la comida
             C16: Eligió Ñoquis con tuco, espera a su mesa | C17: Eligiendo menú (Mesa 2) | C18: Eligiendo menú (Mesa 2)
             C19: Esperando afuera | C20: Esperando afuera
  MOZOS      Mozo 1: Esperando | Mozo 2: Esperando | Mozo 3: Esperando
  COCINA     Platos: vacía
  COCINEROS  Cocinero 1: Esperando pedidos | Cocinero 2: Cocinando Milanesa con fritas | Cocinero 3: Cocinando Pizza
  CAJAS      Fila: vacía | Cajero 1: Esperando clientes | Cajero 2: Cobrando a C8
========================================================================================================================
#00161 [  15.91s] Cliente 7 terminó de comer y va a la caja
  MESAS      Mesa 1: Esperando la comida [C13,C14,C15] | Mesa 2: Eligiendo menú [C16,C17,C18]
             Mesa 3: Comiendo [C7,C8,C9] | Mesa 4: Comiendo [C10,C11,C12]
  CLIENTES   C7: En la fila de la caja | C8: En la fila de la caja | C9: Comiendo Ensalada César | C10: Comiendo Pizza
             C11: Comiendo Chivito | C12: Comiendo Milanesa con fritas | C13: Pidió Ensalada César, espera la comida
             C14: Pidió Pizza, espera la comida | C15: Pidió Milanesa con fritas, espera la comida
             C16: Eligió Ñoquis con tuco, espera a su mesa | C17: Eligiendo menú (Mesa 2) | C18: Eligiendo menú (Mesa 2)
             C19: Esperando afuera | C20: Esperando afuera
  MOZOS      Mozo 1: Esperando | Mozo 2: Esperando | Mozo 3: Esperando
  COCINA     Platos: vacía
  COCINEROS  Cocinero 1: Esperando pedidos | Cocinero 2: Cocinando Milanesa con fritas | Cocinero 3: Cocinando Pizza
  CAJAS      Fila: vacía | Cajero 1: Esperando clientes | Cajero 2: Cobrando a C8
========================================================================================================================
#00162 [  15.91s] Cajero 1 le cobra Pizza ($480) a Cliente 7
  MESAS      Mesa 1: Esperando la comida [C13,C14,C15] | Mesa 2: Eligiendo menú [C16,C17,C18]
             Mesa 3: Comiendo [C7,C8,C9] | Mesa 4: Comiendo [C10,C11,C12]
  CLIENTES   C7: En la fila de la caja | C8: En la fila de la caja | C9: Comiendo Ensalada César | C10: Comiendo Pizza
             C11: Comiendo Chivito | C12: Comiendo Milanesa con fritas | C13: Pidió Ensalada César, espera la comida
             C14: Pidió Pizza, espera la comida | C15: Pidió Milanesa con fritas, espera la comida
             C16: Eligió Ñoquis con tuco, espera a su mesa | C17: Eligiendo menú (Mesa 2) | C18: Eligiendo menú (Mesa 2)
             C19: Esperando afuera | C20: Esperando afuera
  MOZOS      Mozo 1: Esperando | Mozo 2: Esperando | Mozo 3: Esperando
  COCINA     Platos: vacía
  COCINEROS  Cocinero 1: Esperando pedidos | Cocinero 2: Cocinando Milanesa con fritas | Cocinero 3: Cocinando Pizza
  CAJAS      Fila: vacía | Cajero 1: Cobrando a C7 | Cajero 2: Cobrando a C8
========================================================================================================================
#00163 [  15.97s] Cliente 17 elige Pizza
  MESAS      Mesa 1: Esperando la comida [C13,C14,C15] | Mesa 2: Eligiendo menú [C16,C17,C18]
             Mesa 3: Comiendo [C7,C8,C9] | Mesa 4: Comiendo [C10,C11,C12]
  CLIENTES   C7: En la fila de la caja | C8: En la fila de la caja | C9: Comiendo Ensalada César | C10: Comiendo Pizza
             C11: Comiendo Chivito | C12: Comiendo Milanesa con fritas | C13: Pidió Ensalada César, espera la comida
             C14: Pidió Pizza, espera la comida | C15: Pidió Milanesa con fritas, espera la comida
             C16: Eligió Ñoquis con tuco, espera a su mesa | C17: Eligió Pizza, espera a su mesa
             C18: Eligiendo menú (Mesa 2) | C19: Esperando afuera | C20: Esperando afuera
  MOZOS      Mozo 1: Esperando | Mozo 2: Esperando | Mozo 3: Esperando
  COCINA     Platos: vacía
  COCINEROS  Cocinero 1: Esperando pedidos | Cocinero 2: Cocinando Milanesa con fritas | Cocinero 3: Cocinando Pizza
  CAJAS      Fila: vacía | Cajero 1: Cobrando a C7 | Cajero 2: Cobrando a C8
========================================================================================================================
#00164 [  16.03s] Cliente 18 elige Ensalada César
  MESAS      Mesa 1: Esperando la comida [C13,C14,C15] | Mesa 2: Eligiendo menú [C16,C17,C18]
             Mesa 3: Comiendo [C7,C8,C9] | Mesa 4: Comiendo [C10,C11,C12]
  CLIENTES   C7: En la fila de la caja | C8: En la fila de la caja | C9: Comiendo Ensalada César | C10: Comiendo Pizza
             C11: Comiendo Chivito | C12: Comiendo Milanesa con fritas | C13: Pidió Ensalada César, espera la comida
             C14: Pidió Pizza, espera la comida | C15: Pidió Milanesa con fritas, espera la comida
             C16: Eligió Ñoquis con tuco, espera a su mesa | C17: Eligió Pizza, espera a su mesa
             C18: Eligió Ensalada César, espera a su mesa | C19: Esperando afuera | C20: Esperando afuera
  MOZOS      Mozo 1: Esperando | Mozo 2: Esperando | Mozo 3: Esperando
  COCINA     Platos: vacía
  COCINEROS  Cocinero 1: Esperando pedidos | Cocinero 2: Cocinando Milanesa con fritas | Cocinero 3: Cocinando Pizza
  CAJAS      Fila: vacía | Cajero 1: Cobrando a C7 | Cajero 2: Cobrando a C8
========================================================================================================================
#00165 [  16.03s] Todos en la Mesa 2 eligieron: llaman a un mozo
  MESAS      Mesa 1: Esperando la comida [C13,C14,C15] | Mesa 2: Llamando al mozo [C16,C17,C18]
             Mesa 3: Comiendo [C7,C8,C9] | Mesa 4: Comiendo [C10,C11,C12]
  CLIENTES   C7: En la fila de la caja | C8: En la fila de la caja | C9: Comiendo Ensalada César | C10: Comiendo Pizza
             C11: Comiendo Chivito | C12: Comiendo Milanesa con fritas | C13: Pidió Ensalada César, espera la comida
             C14: Pidió Pizza, espera la comida | C15: Pidió Milanesa con fritas, espera la comida
             C16: Eligió Ñoquis con tuco, espera a su mesa | C17: Eligió Pizza, espera a su mesa
             C18: Eligió Ensalada César, espera a su mesa | C19: Esperando afuera | C20: Esperando afuera
  MOZOS      Mozo 1: Esperando | Mozo 2: Esperando | Mozo 3: Esperando
  COCINA     Platos: vacía
  COCINEROS  Cocinero 1: Esperando pedidos | Cocinero 2: Cocinando Milanesa con fritas | Cocinero 3: Cocinando Pizza
  CAJAS      Fila: vacía | Cajero 1: Cobrando a C7 | Cajero 2: Cobrando a C8
========================================================================================================================
#00166 [  16.03s] Mozo 3 va a la Mesa 2 a tomar el pedido
  MESAS      Mesa 1: Esperando la comida [C13,C14,C15] | Mesa 2: Haciendo el pedido [C16,C17,C18]
             Mesa 3: Comiendo [C7,C8,C9] | Mesa 4: Comiendo [C10,C11,C12]
  CLIENTES   C7: En la fila de la caja | C8: En la fila de la caja | C9: Comiendo Ensalada César | C10: Comiendo Pizza
             C11: Comiendo Chivito | C12: Comiendo Milanesa con fritas | C13: Pidió Ensalada César, espera la comida
             C14: Pidió Pizza, espera la comida | C15: Pidió Milanesa con fritas, espera la comida
             C16: Esperando al mozo (Ñoquis con tuco) | C17: Esperando al mozo (Pizza)
             C18: Esperando al mozo (Ensalada César) | C19: Esperando afuera | C20: Esperando afuera
  MOZOS      Mozo 1: Esperando | Mozo 2: Esperando | Mozo 3: Tomando pedido de la Mesa 2
  COCINA     Platos: vacía
  COCINEROS  Cocinero 1: Esperando pedidos | Cocinero 2: Cocinando Milanesa con fritas | Cocinero 3: Cocinando Pizza
  CAJAS      Fila: vacía | Cajero 1: Cobrando a C7 | Cajero 2: Cobrando a C8
========================================================================================================================
#00167 [  16.10s] Cliente 9 terminó de comer y va a la caja
  MESAS      Mesa 1: Esperando la comida [C13,C14,C15] | Mesa 2: Haciendo el pedido [C16,C17,C18]
             Mesa 3: Comiendo [C7,C8,C9] | Mesa 4: Comiendo [C10,C11,C12]
  CLIENTES   C7: En la fila de la caja | C8: En la fila de la caja | C9: En la fila de la caja | C10: Comiendo Pizza
             C11: Comiendo Chivito | C12: Comiendo Milanesa con fritas | C13: Pidió Ensalada César, espera la comida
             C14: Pidió Pizza, espera la comida | C15: Pidió Milanesa con fritas, espera la comida
             C16: Pidió Ñoquis con tuco, espera la comida | C17: Pidió Pizza, espera la comida
             C18: Pidió Ensalada César, espera la comida | C19: Esperando afuera | C20: Esperando afuera
  MOZOS      Mozo 1: Esperando | Mozo 2: Esperando | Mozo 3: Tomando pedido de la Mesa 2
  COCINA     Platos: vacía
  COCINEROS  Cocinero 1: Esperando pedidos | Cocinero 2: Cocinando Milanesa con fritas | Cocinero 3: Cocinando Pizza
  CAJAS      Fila: vacía | Cajero 1: Cobrando a C7 | Cajero 2: Esperando clientes
========================================================================================================================
#00168 [  16.10s] Cliente 8 pagó y se va del restaurante
  MESAS      Mesa 1: Esperando la comida [C13,C14,C15] | Mesa 2: Haciendo el pedido [C16,C17,C18]
             Mesa 3: Comiendo [C7,C8,C9] (quedan 2) | Mesa 4: Comiendo [C10,C11,C12]
  CLIENTES   C7: En la fila de la caja | C9: En la fila de la caja | C10: Comiendo Pizza | C11: Comiendo Chivito
             C12: Comiendo Milanesa con fritas | C13: Pidió Ensalada César, espera la comida
             C14: Pidió Pizza, espera la comida | C15: Pidió Milanesa con fritas, espera la comida
             C16: Pidió Ñoquis con tuco, espera la comida | C17: Pidió Pizza, espera la comida
             C18: Pidió Ensalada César, espera la comida | C19: Esperando afuera | C20: Esperando afuera
  MOZOS      Mozo 1: Esperando | Mozo 2: Esperando | Mozo 3: Tomando pedido de la Mesa 2
  COCINA     Platos: vacía
  COCINEROS  Cocinero 1: Esperando pedidos | Cocinero 2: Cocinando Milanesa con fritas | Cocinero 3: Cocinando Pizza
  CAJAS      Fila: vacía | Cajero 1: Cobrando a C7 | Cajero 2: Esperando clientes
========================================================================================================================
#00169 [  16.10s] Cliente 19 entra al restaurante (12/12 adentro)
  MESAS      Mesa 1: Esperando la comida [C13,C14,C15] | Mesa 2: Haciendo el pedido [C16,C17,C18]
             Mesa 3: Comiendo [C7,C8,C9] (quedan 2) | Mesa 4: Comiendo [C10,C11,C12]
  CLIENTES   C7: En la fila de la caja | C9: En la fila de la caja | C10: Comiendo Pizza | C11: Comiendo Chivito
             C12: Comiendo Milanesa con fritas | C13: Pidió Ensalada César, espera la comida
             C14: Pidió Pizza, espera la comida | C15: Pidió Milanesa con fritas, espera la comida
             C16: Pidió Ñoquis con tuco, espera la comida | C17: Pidió Pizza, espera la comida
             C18: Pidió Ensalada César, espera la comida | C19: En la sala de espera | C20: Esperando afuera
  MOZOS      Mozo 1: Esperando | Mozo 2: Esperando | Mozo 3: Tomando pedido de la Mesa 2
  COCINA     Platos: vacía
  COCINEROS  Cocinero 1: Esperando pedidos | Cocinero 2: Cocinando Milanesa con fritas | Cocinero 3: Cocinando Pizza
  CAJAS      Fila: vacía | Cajero 1: Cobrando a C7 | Cajero 2: Esperando clientes
========================================================================================================================
#00170 [  16.10s] Cajero 2 le cobra Ensalada César ($350) a Cliente 9
  MESAS      Mesa 1: Esperando la comida [C13,C14,C15] | Mesa 2: Haciendo el pedido [C16,C17,C18]
             Mesa 3: Comiendo [C7,C8,C9] (quedan 2) | Mesa 4: Comiendo [C10,C11,C12]
  CLIENTES   C7: En la fila de la caja | C9: En la fila de la caja | C10: Comiendo Pizza | C11: Comiendo Chivito
             C12: Comiendo Milanesa con fritas | C13: Pidió Ensalada César, espera la comida
             C14: Pidió Pizza, espera la comida | C15: Pidió Milanesa con fritas, espera la comida
             C16: Pidió Ñoquis con tuco, espera la comida | C17: Pidió Pizza, espera la comida
             C18: Pidió Ensalada César, espera la comida | C19: En la sala de espera | C20: Esperando afuera
  MOZOS      Mozo 1: Esperando | Mozo 2: Esperando | Mozo 3: Tomando pedido de la Mesa 2
  COCINA     Platos: vacía
  COCINEROS  Cocinero 1: Esperando pedidos | Cocinero 2: Cocinando Milanesa con fritas | Cocinero 3: Cocinando Pizza
  CAJAS      Fila: vacía | Cajero 1: Cobrando a C7 | Cajero 2: Cobrando a C9
========================================================================================================================
#00171 [  16.32s] Cliente 21 llega pero el restaurante está lleno: espera afuera
  MESAS      Mesa 1: Esperando la comida [C13,C14,C15] | Mesa 2: Haciendo el pedido [C16,C17,C18]
             Mesa 3: Comiendo [C7,C8,C9] (quedan 2) | Mesa 4: Comiendo [C10,C11,C12]
  CLIENTES   C7: En la fila de la caja | C9: En la fila de la caja | C10: Comiendo Pizza | C11: Comiendo Chivito
             C12: Comiendo Milanesa con fritas | C13: Pidió Ensalada César, espera la comida
             C14: Pidió Pizza, espera la comida | C15: Pidió Milanesa con fritas, espera la comida
             C16: Pidió Ñoquis con tuco, espera la comida | C17: Pidió Pizza, espera la comida
             C18: Pidió Ensalada César, espera la comida | C19: En la sala de espera | C20: Esperando afuera
             C21: Esperando afuera
  MOZOS      Mozo 1: Esperando | Mozo 2: Esperando | Mozo 3: Tomando pedido de la Mesa 2
  COCINA     Platos: vacía
  COCINEROS  Cocinero 1: Esperando pedidos | Cocinero 2: Cocinando Milanesa con fritas | Cocinero 3: Cocinando Pizza
  CAJAS      Fila: vacía | Cajero 1: Cobrando a C7 | Cajero 2: Cobrando a C9
========================================================================================================================
#00172 [  16.41s] Cliente 7 pagó y se va del restaurante
  MESAS      Mesa 1: Esperando la comida [C13,C14,C15] | Mesa 2: Haciendo el pedido [C16,C17,C18]
             Mesa 3: Comiendo [C7,C8,C9] (quedan 1) | Mesa 4: Comiendo [C10,C11,C12]
  CLIENTES   C9: En la fila de la caja | C10: Comiendo Pizza | C11: Comiendo Chivito | C12: Comiendo Milanesa con fritas
             C13: Pidió Ensalada César, espera la comida | C14: Pidió Pizza, espera la comida
             C15: Pidió Milanesa con fritas, espera la comida | C16: Pidió Ñoquis con tuco, espera la comida
             C17: Pidió Pizza, espera la comida | C18: Pidió Ensalada César, espera la comida
             C19: En la sala de espera | C20: Esperando afuera | C21: Esperando afuera
  MOZOS      Mozo 1: Esperando | Mozo 2: Esperando | Mozo 3: Tomando pedido de la Mesa 2
  COCINA     Platos: vacía
  COCINEROS  Cocinero 1: Esperando pedidos | Cocinero 2: Cocinando Milanesa con fritas | Cocinero 3: Cocinando Pizza
  CAJAS      Fila: vacía | Cajero 1: Esperando clientes | Cajero 2: Cobrando a C9
========================================================================================================================
#00173 [  16.41s] Cliente 21 entra al restaurante (12/12 adentro)
  MESAS      Mesa 1: Esperando la comida [C13,C14,C15] | Mesa 2: Haciendo el pedido [C16,C17,C18]
             Mesa 3: Comiendo [C7,C8,C9] (quedan 1) | Mesa 4: Comiendo [C10,C11,C12]
  CLIENTES   C9: En la fila de la caja | C10: Comiendo Pizza | C11: Comiendo Chivito | C12: Comiendo Milanesa con fritas
             C13: Pidió Ensalada César, espera la comida | C14: Pidió Pizza, espera la comida
             C15: Pidió Milanesa con fritas, espera la comida | C16: Pidió Ñoquis con tuco, espera la comida
             C17: Pidió Pizza, espera la comida | C18: Pidió Ensalada César, espera la comida
             C19: En la sala de espera | C20: Esperando afuera | C21: En la sala de espera
  MOZOS      Mozo 1: Esperando | Mozo 2: Esperando | Mozo 3: Tomando pedido de la Mesa 2
  COCINA     Platos: vacía
  COCINEROS  Cocinero 1: Esperando pedidos | Cocinero 2: Cocinando Milanesa con fritas | Cocinero 3: Cocinando Pizza
  CAJAS      Fila: vacía | Cajero 1: Esperando clientes | Cajero 2: Cobrando a C9
========================================================================================================================
#00174 [  16.46s] Mozo 3 pasa a la cocina el Pedido #6 de la Mesa 2 -> C16: Ñoquis con tuco, C17: Pizza, C18: Ensalada César
  MESAS      Mesa 1: Esperando la comida [C13,C14,C15] | Mesa 2: Esperando la comida [C16,C17,C18]
             Mesa 3: Comiendo [C7,C8,C9] (quedan 1) | Mesa 4: Comiendo [C10,C11,C12]
  CLIENTES   C9: En la fila de la caja | C10: Comiendo Pizza | C11: Comiendo Chivito | C12: Comiendo Milanesa con fritas
             C13: Pidió Ensalada César, espera la comida | C14: Pidió Pizza, espera la comida
             C15: Pidió Milanesa con fritas, espera la comida | C16: Pidió Ñoquis con tuco, espera la comida
             C17: Pidió Pizza, espera la comida | C18: Pidió Ensalada César, espera la comida
             C19: En la sala de espera | C20: Esperando afuera | C21: En la sala de espera
  MOZOS      Mozo 1: Esperando | Mozo 2: Esperando | Mozo 3: Dejó el Pedido #6 en cocina
  COCINA     Platos: vacía
  COCINEROS  Cocinero 1: Esperando pedidos | Cocinero 2: Cocinando Milanesa con fritas | Cocinero 3: Cocinando Pizza
  CAJAS      Fila: vacía | Cajero 1: Esperando clientes | Cajero 2: Cobrando a C9
========================================================================================================================
#00175 [  16.46s] Cocinero 1 empieza a cocinar Ñoquis con tuco (Pedido #6, Mesa 2)
  MESAS      Mesa 1: Esperando la comida [C13,C14,C15] | Mesa 2: Esperando la comida [C16,C17,C18]
             Mesa 3: Comiendo [C7,C8,C9] (quedan 1) | Mesa 4: Comiendo [C10,C11,C12]
  CLIENTES   C9: En la fila de la caja | C10: Comiendo Pizza | C11: Comiendo Chivito | C12: Comiendo Milanesa con fritas
             C13: Pidió Ensalada César, espera la comida | C14: Pidió Pizza, espera la comida
             C15: Pidió Milanesa con fritas, espera la comida | C16: Pidió Ñoquis con tuco, espera la comida
             C17: Pidió Pizza, espera la comida | C18: Pidió Ensalada César, espera la comida
             C19: En la sala de espera | C20: Esperando afuera | C21: En la sala de espera
  MOZOS      Mozo 1: Esperando | Mozo 2: Esperando | Mozo 3: Esperando
  COCINA     Platos: por cocinar: #6 Pizza, #6 Ensalada César
  COCINEROS  Cocinero 1: Cocinando Ñoquis con tuco | Cocinero 2: Cocinando Milanesa con fritas
             Cocinero 3: Cocinando Pizza
  CAJAS      Fila: vacía | Cajero 1: Esperando clientes | Cajero 2: Cobrando a C9
========================================================================================================================
#00176 [  16.69s] Cliente 9 pagó y se va del restaurante. La Mesa 3 queda sucia
  MESAS      Mesa 1: Esperando la comida [C13,C14,C15] | Mesa 2: Esperando la comida [C16,C17,C18]
             Mesa 3: Sucia, esperando mozo [C7,C8,C9] (quedan 0) | Mesa 4: Comiendo [C10,C11,C12]
  CLIENTES   C10: Comiendo Pizza | C11: Comiendo Chivito | C12: Comiendo Milanesa con fritas
             C13: Pidió Ensalada César, espera la comida | C14: Pidió Pizza, espera la comida
             C15: Pidió Milanesa con fritas, espera la comida | C16: Pidió Ñoquis con tuco, espera la comida
             C17: Pidió Pizza, espera la comida | C18: Pidió Ensalada César, espera la comida
             C19: En la sala de espera | C20: Esperando afuera | C21: En la sala de espera
  MOZOS      Mozo 1: Esperando | Mozo 2: Esperando | Mozo 3: Esperando
  COCINA     Platos: por cocinar: #6 Pizza, #6 Ensalada César
  COCINEROS  Cocinero 1: Cocinando Ñoquis con tuco | Cocinero 2: Cocinando Milanesa con fritas
             Cocinero 3: Cocinando Pizza
  CAJAS      Fila: vacía | Cajero 1: Esperando clientes | Cajero 2: Esperando clientes
========================================================================================================================
#00177 [  16.69s] Mozo 2 levanta los platos y limpia la Mesa 3
  MESAS      Mesa 1: Esperando la comida [C13,C14,C15] | Mesa 2: Esperando la comida [C16,C17,C18]
             Mesa 3: Limpiando [C7,C8,C9] (quedan 0) | Mesa 4: Comiendo [C10,C11,C12]
  CLIENTES   C10: Comiendo Pizza | C11: Comiendo Chivito | C12: Comiendo Milanesa con fritas
             C13: Pidió Ensalada César, espera la comida | C14: Pidió Pizza, espera la comida
             C15: Pidió Milanesa con fritas, espera la comida | C16: Pidió Ñoquis con tuco, espera la comida
             C17: Pidió Pizza, espera la comida | C18: Pidió Ensalada César, espera la comida
             C19: En la sala de espera | C20: Esperando afuera | C21: En la sala de espera
  MOZOS      Mozo 1: Esperando | Mozo 2: Limpiando la Mesa 3 | Mozo 3: Esperando
  COCINA     Platos: por cocinar: #6 Pizza, #6 Ensalada César
  COCINEROS  Cocinero 1: Cocinando Ñoquis con tuco | Cocinero 2: Cocinando Milanesa con fritas
             Cocinero 3: Cocinando Pizza
  CAJAS      Fila: vacía | Cajero 1: Esperando clientes | Cajero 2: Esperando clientes
========================================================================================================================
#00178 [  16.69s] Cliente 20 entra al restaurante (12/12 adentro)
  MESAS      Mesa 1: Esperando la comida [C13,C14,C15] | Mesa 2: Esperando la comida [C16,C17,C18]
             Mesa 3: Limpiando [C7,C8,C9] (quedan 0) | Mesa 4: Comiendo [C10,C11,C12]
  CLIENTES   C10: Comiendo Pizza | C11: Comiendo Chivito | C12: Comiendo Milanesa con fritas
             C13: Pidió Ensalada César, espera la comida | C14: Pidió Pizza, espera la comida
             C15: Pidió Milanesa con fritas, espera la comida | C16: Pidió Ñoquis con tuco, espera la comida
             C17: Pidió Pizza, espera la comida | C18: Pidió Ensalada César, espera la comida
             C19: En la sala de espera | C20: En la sala de espera | C21: En la sala de espera
  MOZOS      Mozo 1: Esperando | Mozo 2: Limpiando la Mesa 3 | Mozo 3: Esperando
  COCINA     Platos: por cocinar: #6 Pizza, #6 Ensalada César
  COCINEROS  Cocinero 1: Cocinando Ñoquis con tuco | Cocinero 2: Cocinando Milanesa con fritas
             Cocinero 3: Cocinando Pizza
  CAJAS      Fila: vacía | Cajero 1: Esperando clientes | Cajero 2: Esperando clientes
========================================================================================================================
#00179 [  17.24s] Cocinero 3 deja listo Pizza (Pedido #5, Mesa 1)
  MESAS      Mesa 1: Esperando la comida [C13,C14,C15] | Mesa 2: Esperando la comida [C16,C17,C18]
             Mesa 3: Limpiando [C7,C8,C9] (quedan 0) | Mesa 4: Comiendo [C10,C11,C12]
  CLIENTES   C10: Comiendo Pizza | C11: Comiendo Chivito | C12: Comiendo Milanesa con fritas
             C13: Pidió Ensalada César, espera la comida | C14: Pidió Pizza, espera la comida
             C15: Pidió Milanesa con fritas, espera la comida | C16: Pidió Ñoquis con tuco, espera la comida
             C17: Pidió Pizza, espera la comida | C18: Pidió Ensalada César, espera la comida
             C19: En la sala de espera | C20: En la sala de espera | C21: En la sala de espera
  MOZOS      Mozo 1: Esperando | Mozo 2: Limpiando la Mesa 3 | Mozo 3: Esperando
  COCINA     Platos: por cocinar: #6 Pizza, #6 Ensalada César
  COCINEROS  Cocinero 1: Cocinando Ñoquis con tuco | Cocinero 2: Cocinando Milanesa con fritas
             Cocinero 3: Dejó listo Pizza
  CAJAS      Fila: vacía | Cajero 1: Esperando clientes | Cajero 2: Esperando clientes
========================================================================================================================
#00180 [  17.24s] Cocinero 3 empieza a cocinar Pizza (Pedido #6, Mesa 2)
  MESAS      Mesa 1: Esperando la comida [C13,C14,C15] | Mesa 2: Esperando la comida [C16,C17,C18]
             Mesa 3: Limpiando [C7,C8,C9] (quedan 0) | Mesa 4: Comiendo [C10,C11,C12]
  CLIENTES   C10: Comiendo Pizza | C11: Comiendo Chivito | C12: Comiendo Milanesa con fritas
             C13: Pidió Ensalada César, espera la comida | C14: Pidió Pizza, espera la comida
             C15: Pidió Milanesa con fritas, espera la comida | C16: Pidió Ñoquis con tuco, espera la comida
             C17: Pidió Pizza, espera la comida | C18: Pidió Ensalada César, espera la comida
             C19: En la sala de espera | C20: En la sala de espera | C21: En la sala de espera
  MOZOS      Mozo 1: Esperando | Mozo 2: Limpiando la Mesa 3 | Mozo 3: Esperando
  COCINA     Platos: por cocinar: #6 Ensalada César
  COCINEROS  Cocinero 1: Cocinando Ñoquis con tuco | Cocinero 2: Cocinando Milanesa con fritas
             Cocinero 3: Cocinando Pizza
  CAJAS      Fila: vacía | Cajero 1: Esperando clientes | Cajero 2: Esperando clientes
========================================================================================================================
#00181 [  17.25s] Se sientan Cliente 19, Cliente 21, Cliente 20 en la Mesa 3
  MESAS      Mesa 1: Esperando la comida [C13,C14,C15] | Mesa 2: Esperando la comida [C16,C17,C18]
             Mesa 3: Eligiendo menú [C19,C21,C20] | Mesa 4: Comiendo [C10,C11,C12]
  CLIENTES   C10: Comiendo Pizza | C11: Comiendo Chivito | C12: Comiendo Milanesa con fritas
             C13: Pidió Ensalada César, espera la comida | C14: Pidió Pizza, espera la comida
             C15: Pidió Milanesa con fritas, espera la comida | C16: Pidió Ñoquis con tuco, espera la comida
             C17: Pidió Pizza, espera la comida | C18: Pidió Ensalada César, espera la comida
             C19: En la sala de espera | C20: En la sala de espera | C21: En la sala de espera
  MOZOS      Mozo 1: Esperando | Mozo 2: Limpiando la Mesa 3 | Mozo 3: Esperando
  COCINA     Platos: por cocinar: #6 Ensalada César
  COCINEROS  Cocinero 1: Cocinando Ñoquis con tuco | Cocinero 2: Cocinando Milanesa con fritas
             Cocinero 3: Cocinando Pizza
  CAJAS      Fila: vacía | Cajero 1: Esperando clientes | Cajero 2: Esperando clientes
========================================================================================================================
#00182 [  17.25s] Mozo 2 terminó de limpiar: la Mesa 3 queda libre
  MESAS      Mesa 1: Esperando la comida [C13,C14,C15] | Mesa 2: Esperando la comida [C16,C17,C18]
             Mesa 3: Eligiendo menú [C19,C21,C20] | Mesa 4: Comiendo [C10,C11,C12]
  CLIENTES   C10: Comiendo Pizza | C11: Comiendo Chivito | C12: Comiendo Milanesa con fritas
             C13: Pidió Ensalada César, espera la comida | C14: Pidió Pizza, espera la comida
             C15: Pidió Milanesa con fritas, espera la comida | C16: Pidió Ñoquis con tuco, espera la comida
             C17: Pidió Pizza, espera la comida | C18: Pidió Ensalada César, espera la comida
             C19: En la sala de espera | C20: En la sala de espera | C21: En la sala de espera
  MOZOS      Mozo 1: Esperando | Mozo 2: Limpió la Mesa 3 | Mozo 3: Esperando
  COCINA     Platos: por cocinar: #6 Ensalada César
  COCINEROS  Cocinero 1: Cocinando Ñoquis con tuco | Cocinero 2: Cocinando Milanesa con fritas
             Cocinero 3: Cocinando Pizza
  CAJAS      Fila: vacía | Cajero 1: Esperando clientes | Cajero 2: Esperando clientes
========================================================================================================================
#00183 [  17.25s] Cliente 21 se sienta en la Mesa 3 y mira la carta
  MESAS      Mesa 1: Esperando la comida [C13,C14,C15] | Mesa 2: Esperando la comida [C16,C17,C18]
             Mesa 3: Eligiendo menú [C19,C21,C20] | Mesa 4: Comiendo [C10,C11,C12]
  CLIENTES   C10: Comiendo Pizza | C11: Comiendo Chivito | C12: Comiendo Milanesa con fritas
             C13: Pidió Ensalada César, espera la comida | C14: Pidió Pizza, espera la comida
             C15: Pidió Milanesa con fritas, espera la comida | C16: Pidió Ñoquis con tuco, espera la comida
             C17: Pidió Pizza, espera la comida | C18: Pidió Ensalada César, espera la comida
             C19: En la sala de espera | C20: En la sala de espera | C21: Eligiendo menú (Mesa 3)
  MOZOS      Mozo 1: Esperando | Mozo 2: Esperando | Mozo 3: Esperando
  COCINA     Platos: por cocinar: #6 Ensalada César
  COCINEROS  Cocinero 1: Cocinando Ñoquis con tuco | Cocinero 2: Cocinando Milanesa con fritas
             Cocinero 3: Cocinando Pizza
  CAJAS      Fila: vacía | Cajero 1: Esperando clientes | Cajero 2: Esperando clientes
========================================================================================================================
#00184 [  17.25s] Cliente 20 se sienta en la Mesa 3 y mira la carta
  MESAS      Mesa 1: Esperando la comida [C13,C14,C15] | Mesa 2: Esperando la comida [C16,C17,C18]
             Mesa 3: Eligiendo menú [C19,C21,C20] | Mesa 4: Comiendo [C10,C11,C12]
  CLIENTES   C10: Comiendo Pizza | C11: Comiendo Chivito | C12: Comiendo Milanesa con fritas
             C13: Pidió Ensalada César, espera la comida | C14: Pidió Pizza, espera la comida
             C15: Pidió Milanesa con fritas, espera la comida | C16: Pidió Ñoquis con tuco, espera la comida
             C17: Pidió Pizza, espera la comida | C18: Pidió Ensalada César, espera la comida
             C19: En la sala de espera | C20: Eligiendo menú (Mesa 3) | C21: Eligiendo menú (Mesa 3)
  MOZOS      Mozo 1: Esperando | Mozo 2: Esperando | Mozo 3: Esperando
  COCINA     Platos: por cocinar: #6 Ensalada César
  COCINEROS  Cocinero 1: Cocinando Ñoquis con tuco | Cocinero 2: Cocinando Milanesa con fritas
             Cocinero 3: Cocinando Pizza
  CAJAS      Fila: vacía | Cajero 1: Esperando clientes | Cajero 2: Esperando clientes
========================================================================================================================
#00185 [  17.25s] Cliente 19 se sienta en la Mesa 3 y mira la carta
  MESAS      Mesa 1: Esperando la comida [C13,C14,C15] | Mesa 2: Esperando la comida [C16,C17,C18]
             Mesa 3: Eligiendo menú [C19,C21,C20] | Mesa 4: Comiendo [C10,C11,C12]
  CLIENTES   C10: Comiendo Pizza | C11: Comiendo Chivito | C12: Comiendo Milanesa con fritas
             C13: Pidió Ensalada César, espera la comida | C14: Pidió Pizza, espera la comida
             C15: Pidió Milanesa con fritas, espera la comida | C16: Pidió Ñoquis con tuco, espera la comida
             C17: Pidió Pizza, espera la comida | C18: Pidió Ensalada César, espera la comida
             C19: Eligiendo menú (Mesa 3) | C20: Eligiendo menú (Mesa 3) | C21: Eligiendo menú (Mesa 3)
  MOZOS      Mozo 1: Esperando | Mozo 2: Esperando | Mozo 3: Esperando
  COCINA     Platos: por cocinar: #6 Ensalada César
  COCINEROS  Cocinero 1: Cocinando Ñoquis con tuco | Cocinero 2: Cocinando Milanesa con fritas
             Cocinero 3: Cocinando Pizza
  CAJAS      Fila: vacía | Cajero 1: Esperando clientes | Cajero 2: Esperando clientes
========================================================================================================================
#00186 [  17.25s] Cocinero 2 deja listo Milanesa con fritas (Pedido #5, Mesa 1)
  MESAS      Mesa 1: Esperando la comida [C13,C14,C15] | Mesa 2: Esperando la comida [C16,C17,C18]
             Mesa 3: Eligiendo menú [C19,C21,C20] | Mesa 4: Comiendo [C10,C11,C12]
  CLIENTES   C10: Comiendo Pizza | C11: Comiendo Chivito | C12: Comiendo Milanesa con fritas
             C13: Pidió Ensalada César, espera la comida | C14: Pidió Pizza, espera la comida
             C15: Pidió Milanesa con fritas, espera la comida | C16: Pidió Ñoquis con tuco, espera la comida
             C17: Pidió Pizza, espera la comida | C18: Pidió Ensalada César, espera la comida
             C19: Eligiendo menú (Mesa 3) | C20: Eligiendo menú (Mesa 3) | C21: Eligiendo menú (Mesa 3)
  MOZOS      Mozo 1: Esperando | Mozo 2: Esperando | Mozo 3: Esperando
  COCINA     Platos: por cocinar: #6 Ensalada César
  COCINEROS  Cocinero 1: Cocinando Ñoquis con tuco | Cocinero 2: Dejó listo Milanesa con fritas
             Cocinero 3: Cocinando Pizza
  CAJAS      Fila: vacía | Cajero 1: Esperando clientes | Cajero 2: Esperando clientes
========================================================================================================================
#00187 [  17.25s] La cocina avisa a los mozos: Pedido #5 de la Mesa 1 está completo
  MESAS      Mesa 1: Platos listos en cocina [C13,C14,C15] | Mesa 2: Esperando la comida [C16,C17,C18]
             Mesa 3: Eligiendo menú [C19,C21,C20] | Mesa 4: Comiendo [C10,C11,C12]
  CLIENTES   C10: Comiendo Pizza | C11: Comiendo Chivito | C12: Comiendo Milanesa con fritas
             C13: Pidió Ensalada César, espera la comida | C14: Pidió Pizza, espera la comida
             C15: Pidió Milanesa con fritas, espera la comida | C16: Pidió Ñoquis con tuco, espera la comida
             C17: Pidió Pizza, espera la comida | C18: Pidió Ensalada César, espera la comida
             C19: Eligiendo menú (Mesa 3) | C20: Eligiendo menú (Mesa 3) | C21: Eligiendo menú (Mesa 3)
  MOZOS      Mozo 1: Esperando | Mozo 2: Esperando | Mozo 3: Esperando
  COCINA     Platos: por cocinar: #6 Ensalada César
  COCINEROS  Cocinero 1: Cocinando Ñoquis con tuco | Cocinero 2: Dejó listo Milanesa con fritas
             Cocinero 3: Cocinando Pizza
  CAJAS      Fila: vacía | Cajero 1: Esperando clientes | Cajero 2: Esperando clientes
========================================================================================================================
#00188 [  17.25s] Cocinero 2 empieza a cocinar Ensalada César (Pedido #6, Mesa 2)
  MESAS      Mesa 1: Platos listos en cocina [C13,C14,C15] | Mesa 2: Esperando la comida [C16,C17,C18]
             Mesa 3: Eligiendo menú [C19,C21,C20] | Mesa 4: Comiendo [C10,C11,C12]
  CLIENTES   C10: Comiendo Pizza | C11: Comiendo Chivito | C12: Comiendo Milanesa con fritas
             C13: Pidió Ensalada César, espera la comida | C14: Pidió Pizza, espera la comida
             C15: Pidió Milanesa con fritas, espera la comida | C16: Pidió Ñoquis con tuco, espera la comida
             C17: Pidió Pizza, espera la comida | C18: Pidió Ensalada César, espera la comida
             C19: Eligiendo menú (Mesa 3) | C20: Eligiendo menú (Mesa 3) | C21: Eligiendo menú (Mesa 3)
  MOZOS      Mozo 1: Esperando | Mozo 2: Esperando | Mozo 3: Esperando
  COCINA     Platos: vacía
  COCINEROS  Cocinero 1: Cocinando Ñoquis con tuco | Cocinero 2: Cocinando Ensalada César | Cocinero 3: Cocinando Pizza
  CAJAS      Fila: vacía | Cajero 1: Esperando clientes | Cajero 2: Esperando clientes
========================================================================================================================
#00189 [  17.25s] Mozo 3 retira de la cocina los platos de la Mesa 1
  MESAS      Mesa 1: Platos listos en cocina [C13,C14,C15] | Mesa 2: Esperando la comida [C16,C17,C18]
             Mesa 3: Eligiendo menú [C19,C21,C20] | Mesa 4: Comiendo [C10,C11,C12]
  CLIENTES   C10: Comiendo Pizza | C11: Comiendo Chivito | C12: Comiendo Milanesa con fritas
             C13: Pidió Ensalada César, espera la comida | C14: Pidió Pizza, espera la comida
             C15: Pidió Milanesa con fritas, espera la comida | C16: Pidió Ñoquis con tuco, espera la comida
             C17: Pidió Pizza, espera la comida | C18: Pidió Ensalada César, espera la comida
             C19: Eligiendo menú (Mesa 3) | C20: Eligiendo menú (Mesa 3) | C21: Eligiendo menú (Mesa 3)
  MOZOS      Mozo 1: Esperando | Mozo 2: Esperando | Mozo 3: Llevando platos a la Mesa 1
  COCINA     Platos: vacía
  COCINEROS  Cocinero 1: Cocinando Ñoquis con tuco | Cocinero 2: Cocinando Ensalada César | Cocinero 3: Cocinando Pizza
  CAJAS      Fila: vacía | Cajero 1: Esperando clientes | Cajero 2: Esperando clientes
========================================================================================================================
#00190 [  17.28s] Cliente 22 llega pero el restaurante está lleno: espera afuera
  MESAS      Mesa 1: Platos listos en cocina [C13,C14,C15] | Mesa 2: Esperando la comida [C16,C17,C18]
             Mesa 3: Eligiendo menú [C19,C21,C20] | Mesa 4: Comiendo [C10,C11,C12]
  CLIENTES   C10: Comiendo Pizza | C11: Comiendo Chivito | C12: Comiendo Milanesa con fritas
             C13: Pidió Ensalada César, espera la comida | C14: Pidió Pizza, espera la comida
             C15: Pidió Milanesa con fritas, espera la comida | C16: Pidió Ñoquis con tuco, espera la comida
             C17: Pidió Pizza, espera la comida | C18: Pidió Ensalada César, espera la comida
             C19: Eligiendo menú (Mesa 3) | C20: Eligiendo menú (Mesa 3) | C21: Eligiendo menú (Mesa 3)
             C22: Esperando afuera
  MOZOS      Mozo 1: Esperando | Mozo 2: Esperando | Mozo 3: Llevando platos a la Mesa 1
  COCINA     Platos: vacía
  COCINEROS  Cocinero 1: Cocinando Ñoquis con tuco | Cocinero 2: Cocinando Ensalada César | Cocinero 3: Cocinando Pizza
  CAJAS      Fila: vacía | Cajero 1: Esperando clientes | Cajero 2: Esperando clientes
========================================================================================================================
#00191 [  17.50s] Cocinero 1 deja listo Ñoquis con tuco (Pedido #6, Mesa 2)
  MESAS      Mesa 1: Platos listos en cocina [C13,C14,C15] | Mesa 2: Esperando la comida [C16,C17,C18]
             Mesa 3: Eligiendo menú [C19,C21,C20] | Mesa 4: Comiendo [C10,C11,C12]
  CLIENTES   C10: Comiendo Pizza | C11: Comiendo Chivito | C12: Comiendo Milanesa con fritas
             C13: Pidió Ensalada César, espera la comida | C14: Pidió Pizza, espera la comida
             C15: Pidió Milanesa con fritas, espera la comida | C16: Pidió Ñoquis con tuco, espera la comida
             C17: Pidió Pizza, espera la comida | C18: Pidió Ensalada César, espera la comida
             C19: Eligiendo menú (Mesa 3) | C20: Eligiendo menú (Mesa 3) | C21: Eligiendo menú (Mesa 3)
             C22: Esperando afuera
  MOZOS      Mozo 1: Esperando | Mozo 2: Esperando | Mozo 3: Llevando platos a la Mesa 1
  COCINA     Platos: vacía
  COCINEROS  Cocinero 1: Dejó listo Ñoquis con tuco | Cocinero 2: Cocinando Ensalada César | Cocinero 3: Cocinando Pizza
  CAJAS      Fila: vacía | Cajero 1: Esperando clientes | Cajero 2: Esperando clientes
========================================================================================================================
#00192 [  17.82s] Mozo 3 sirve los platos en la Mesa 1
  MESAS      Mesa 1: Comiendo [C13,C14,C15] | Mesa 2: Esperando la comida [C16,C17,C18]
             Mesa 3: Eligiendo menú [C19,C21,C20] | Mesa 4: Comiendo [C10,C11,C12]
  CLIENTES   C10: Comiendo Pizza | C11: Comiendo Chivito | C12: Comiendo Milanesa con fritas
             C13: Pidió Ensalada César, espera la comida | C14: Pidió Pizza, espera la comida
             C15: Pidió Milanesa con fritas, espera la comida | C16: Pidió Ñoquis con tuco, espera la comida
             C17: Pidió Pizza, espera la comida | C18: Pidió Ensalada César, espera la comida
             C19: Eligiendo menú (Mesa 3) | C20: Eligiendo menú (Mesa 3) | C21: Eligiendo menú (Mesa 3)
             C22: Esperando afuera
  MOZOS      Mozo 1: Esperando | Mozo 2: Esperando | Mozo 3: Sirvió la Mesa 1
  COCINA     Platos: vacía
  COCINEROS  Cocinero 1: Esperando pedidos | Cocinero 2: Cocinando Ensalada César | Cocinero 3: Cocinando Pizza
  CAJAS      Fila: vacía | Cajero 1: Esperando clientes | Cajero 2: Esperando clientes
========================================================================================================================
#00193 [  17.82s] Cliente 13 empieza a comer Ensalada César
  MESAS      Mesa 1: Comiendo [C13,C14,C15] | Mesa 2: Esperando la comida [C16,C17,C18]
             Mesa 3: Eligiendo menú [C19,C21,C20] | Mesa 4: Comiendo [C10,C11,C12]
  CLIENTES   C10: Comiendo Pizza | C11: Comiendo Chivito | C12: Comiendo Milanesa con fritas
             C13: Comiendo Ensalada César | C14: Pidió Pizza, espera la comida
             C15: Pidió Milanesa con fritas, espera la comida | C16: Pidió Ñoquis con tuco, espera la comida
             C17: Pidió Pizza, espera la comida | C18: Pidió Ensalada César, espera la comida
             C19: Eligiendo menú (Mesa 3) | C20: Eligiendo menú (Mesa 3) | C21: Eligiendo menú (Mesa 3)
             C22: Esperando afuera
  MOZOS      Mozo 1: Esperando | Mozo 2: Esperando | Mozo 3: Sirvió la Mesa 1
  COCINA     Platos: vacía
  COCINEROS  Cocinero 1: Esperando pedidos | Cocinero 2: Cocinando Ensalada César | Cocinero 3: Cocinando Pizza
  CAJAS      Fila: vacía | Cajero 1: Esperando clientes | Cajero 2: Esperando clientes
========================================================================================================================
#00194 [  17.82s] Cliente 15 empieza a comer Milanesa con fritas
  MESAS      Mesa 1: Comiendo [C13,C14,C15] | Mesa 2: Esperando la comida [C16,C17,C18]
             Mesa 3: Eligiendo menú [C19,C21,C20] | Mesa 4: Comiendo [C10,C11,C12]
  CLIENTES   C10: Comiendo Pizza | C11: Comiendo Chivito | C12: Comiendo Milanesa con fritas
             C13: Comiendo Ensalada César | C14: Pidió Pizza, espera la comida | C15: Comiendo Milanesa con fritas
             C16: Pidió Ñoquis con tuco, espera la comida | C17: Pidió Pizza, espera la comida
             C18: Pidió Ensalada César, espera la comida | C19: Eligiendo menú (Mesa 3) | C20: Eligiendo menú (Mesa 3)
             C21: Eligiendo menú (Mesa 3) | C22: Esperando afuera
  MOZOS      Mozo 1: Esperando | Mozo 2: Esperando | Mozo 3: Sirvió la Mesa 1
  COCINA     Platos: vacía
  COCINEROS  Cocinero 1: Esperando pedidos | Cocinero 2: Cocinando Ensalada César | Cocinero 3: Cocinando Pizza
  CAJAS      Fila: vacía | Cajero 1: Esperando clientes | Cajero 2: Esperando clientes
========================================================================================================================
#00195 [  17.82s] Cliente 14 empieza a comer Pizza
  MESAS      Mesa 1: Comiendo [C13,C14,C15] | Mesa 2: Esperando la comida [C16,C17,C18]
             Mesa 3: Eligiendo menú [C19,C21,C20] | Mesa 4: Comiendo [C10,C11,C12]
  CLIENTES   C10: Comiendo Pizza | C11: Comiendo Chivito | C12: Comiendo Milanesa con fritas
             C13: Comiendo Ensalada César | C14: Comiendo Pizza | C15: Comiendo Milanesa con fritas
             C16: Pidió Ñoquis con tuco, espera la comida | C17: Pidió Pizza, espera la comida
             C18: Pidió Ensalada César, espera la comida | C19: Eligiendo menú (Mesa 3) | C20: Eligiendo menú (Mesa 3)
             C21: Eligiendo menú (Mesa 3) | C22: Esperando afuera
  MOZOS      Mozo 1: Esperando | Mozo 2: Esperando | Mozo 3: Sirvió la Mesa 1
  COCINA     Platos: vacía
  COCINEROS  Cocinero 1: Esperando pedidos | Cocinero 2: Cocinando Ensalada César | Cocinero 3: Cocinando Pizza
  CAJAS      Fila: vacía | Cajero 1: Esperando clientes | Cajero 2: Esperando clientes
========================================================================================================================
#00196 [  17.96s] Cliente 21 elige Chivito
  MESAS      Mesa 1: Comiendo [C13,C14,C15] | Mesa 2: Esperando la comida [C16,C17,C18]
             Mesa 3: Eligiendo menú [C19,C21,C20] | Mesa 4: Comiendo [C10,C11,C12]
  CLIENTES   C10: Comiendo Pizza | C11: Comiendo Chivito | C12: Comiendo Milanesa con fritas
             C13: Comiendo Ensalada César | C14: Comiendo Pizza | C15: Comiendo Milanesa con fritas
             C16: Pidió Ñoquis con tuco, espera la comida | C17: Pidió Pizza, espera la comida
             C18: Pidió Ensalada César, espera la comida | C19: Eligiendo menú (Mesa 3) | C20: Eligiendo menú (Mesa 3)
             C21: Eligió Chivito, espera a su mesa | C22: Esperando afuera
  MOZOS      Mozo 1: Esperando | Mozo 2: Esperando | Mozo 3: Esperando
  COCINA     Platos: vacía
  COCINEROS  Cocinero 1: Esperando pedidos | Cocinero 2: Cocinando Ensalada César | Cocinero 3: Cocinando Pizza
  CAJAS      Fila: vacía | Cajero 1: Esperando clientes | Cajero 2: Esperando clientes
========================================================================================================================
#00197 [  18.00s] Cliente 23 llega pero el restaurante está lleno: espera afuera
  MESAS      Mesa 1: Comiendo [C13,C14,C15] | Mesa 2: Esperando la comida [C16,C17,C18]
             Mesa 3: Eligiendo menú [C19,C21,C20] | Mesa 4: Comiendo [C10,C11,C12]
  CLIENTES   C10: Comiendo Pizza | C11: Comiendo Chivito | C12: Comiendo Milanesa con fritas
             C13: Comiendo Ensalada César | C14: Comiendo Pizza | C15: Comiendo Milanesa con fritas
             C16: Pidió Ñoquis con tuco, espera la comida | C17: Pidió Pizza, espera la comida
             C18: Pidió Ensalada César, espera la comida | C19: Eligiendo menú (Mesa 3) | C20: Eligiendo menú (Mesa 3)
             C21: Eligió Chivito, espera a su mesa | C22: Esperando afuera | C23: Esperando afuera
  MOZOS      Mozo 1: Esperando | Mozo 2: Esperando | Mozo 3: Esperando
  COCINA     Platos: vacía
  COCINEROS  Cocinero 1: Esperando pedidos | Cocinero 2: Cocinando Ensalada César | Cocinero 3: Cocinando Pizza
  CAJAS      Fila: vacía | Cajero 1: Esperando clientes | Cajero 2: Esperando clientes
========================================================================================================================
#00198 [  18.05s] Cliente 10 terminó de comer y va a la caja
  MESAS      Mesa 1: Comiendo [C13,C14,C15] | Mesa 2: Esperando la comida [C16,C17,C18]
             Mesa 3: Eligiendo menú [C19,C21,C20] | Mesa 4: Comiendo [C10,C11,C12]
  CLIENTES   C10: En la fila de la caja | C11: Comiendo Chivito | C12: Comiendo Milanesa con fritas
             C13: Comiendo Ensalada César | C14: Comiendo Pizza | C15: Comiendo Milanesa con fritas
             C16: Pidió Ñoquis con tuco, espera la comida | C17: Pidió Pizza, espera la comida
             C18: Pidió Ensalada César, espera la comida | C19: Eligiendo menú (Mesa 3) | C20: Eligiendo menú (Mesa 3)
             C21: Eligió Chivito, espera a su mesa | C22: Esperando afuera | C23: Esperando afuera
  MOZOS      Mozo 1: Esperando | Mozo 2: Esperando | Mozo 3: Esperando
  COCINA     Platos: vacía
  COCINEROS  Cocinero 1: Esperando pedidos | Cocinero 2: Cocinando Ensalada César | Cocinero 3: Cocinando Pizza
  CAJAS      Fila: vacía | Cajero 1: Esperando clientes | Cajero 2: Esperando clientes
========================================================================================================================
#00199 [  18.05s] Cajero 1 le cobra Pizza ($480) a Cliente 10
  MESAS      Mesa 1: Comiendo [C13,C14,C15] | Mesa 2: Esperando la comida [C16,C17,C18]
             Mesa 3: Eligiendo menú [C19,C21,C20] | Mesa 4: Comiendo [C10,C11,C12]
  CLIENTES   C10: En la fila de la caja | C11: Comiendo Chivito | C12: Comiendo Milanesa con fritas
             C13: Comiendo Ensalada César | C14: Comiendo Pizza | C15: Comiendo Milanesa con fritas
             C16: Pidió Ñoquis con tuco, espera la comida | C17: Pidió Pizza, espera la comida
             C18: Pidió Ensalada César, espera la comida | C19: Eligiendo menú (Mesa 3) | C20: Eligiendo menú (Mesa 3)
             C21: Eligió Chivito, espera a su mesa | C22: Esperando afuera | C23: Esperando afuera
  MOZOS      Mozo 1: Esperando | Mozo 2: Esperando | Mozo 3: Esperando
  COCINA     Platos: vacía
  COCINEROS  Cocinero 1: Esperando pedidos | Cocinero 2: Cocinando Ensalada César | Cocinero 3: Cocinando Pizza
  CAJAS      Fila: vacía | Cajero 1: Cobrando a C10 | Cajero 2: Esperando clientes
========================================================================================================================
#00200 [  18.06s] Cocinero 2 deja listo Ensalada César (Pedido #6, Mesa 2)
  MESAS      Mesa 1: Comiendo [C13,C14,C15] | Mesa 2: Esperando la comida [C16,C17,C18]
             Mesa 3: Eligiendo menú [C19,C21,C20] | Mesa 4: Comiendo [C10,C11,C12]
  CLIENTES   C10: En la fila de la caja | C11: Comiendo Chivito | C12: Comiendo Milanesa con fritas
             C13: Comiendo Ensalada César | C14: Comiendo Pizza | C15: Comiendo Milanesa con fritas
             C16: Pidió Ñoquis con tuco, espera la comida | C17: Pidió Pizza, espera la comida
             C18: Pidió Ensalada César, espera la comida | C19: Eligiendo menú (Mesa 3) | C20: Eligiendo menú (Mesa 3)
             C21: Eligió Chivito, espera a su mesa | C22: Esperando afuera | C23: Esperando afuera
  MOZOS      Mozo 1: Esperando | Mozo 2: Esperando | Mozo 3: Esperando
  COCINA     Platos: vacía
  COCINEROS  Cocinero 1: Esperando pedidos | Cocinero 2: Dejó listo Ensalada César | Cocinero 3: Cocinando Pizza
  CAJAS      Fila: vacía | Cajero 1: Cobrando a C10 | Cajero 2: Esperando clientes
========================================================================================================================
#00201 [  18.10s] Cliente 19 elige Milanesa con fritas
  MESAS      Mesa 1: Comiendo [C13,C14,C15] | Mesa 2: Esperando la comida [C16,C17,C18]
             Mesa 3: Eligiendo menú [C19,C21,C20] | Mesa 4: Comiendo [C10,C11,C12]
  CLIENTES   C10: En la fila de la caja | C11: Comiendo Chivito | C12: Comiendo Milanesa con fritas
             C13: Comiendo Ensalada César | C14: Comiendo Pizza | C15: Comiendo Milanesa con fritas
             C16: Pidió Ñoquis con tuco, espera la comida | C17: Pidió Pizza, espera la comida
             C18: Pidió Ensalada César, espera la comida | C19: Eligió Milanesa con fritas, espera a su mesa
             C20: Eligiendo menú (Mesa 3) | C21: Eligió Chivito, espera a su mesa | C22: Esperando afuera
             C23: Esperando afuera
  MOZOS      Mozo 1: Esperando | Mozo 2: Esperando | Mozo 3: Esperando
  COCINA     Platos: vacía
  COCINEROS  Cocinero 1: Esperando pedidos | Cocinero 2: Esperando pedidos | Cocinero 3: Cocinando Pizza
  CAJAS      Fila: vacía | Cajero 1: Cobrando a C10 | Cajero 2: Esperando clientes
========================================================================================================================
#00202 [  18.26s] Cliente 20 elige Milanesa con fritas
  MESAS      Mesa 1: Comiendo [C13,C14,C15] | Mesa 2: Esperando la comida [C16,C17,C18]
             Mesa 3: Eligiendo menú [C19,C21,C20] | Mesa 4: Comiendo [C10,C11,C12]
  CLIENTES   C10: En la fila de la caja | C11: Comiendo Chivito | C12: Comiendo Milanesa con fritas
             C13: Comiendo Ensalada César | C14: Comiendo Pizza | C15: Comiendo Milanesa con fritas
             C16: Pidió Ñoquis con tuco, espera la comida | C17: Pidió Pizza, espera la comida
             C18: Pidió Ensalada César, espera la comida | C19: Eligió Milanesa con fritas, espera a su mesa
             C20: Eligió Milanesa con fritas, espera a su mesa | C21: Eligió Chivito, espera a su mesa
             C22: Esperando afuera | C23: Esperando afuera
  MOZOS      Mozo 1: Esperando | Mozo 2: Esperando | Mozo 3: Esperando
  COCINA     Platos: vacía
  COCINEROS  Cocinero 1: Esperando pedidos | Cocinero 2: Esperando pedidos | Cocinero 3: Cocinando Pizza
  CAJAS      Fila: vacía | Cajero 1: Cobrando a C10 | Cajero 2: Esperando clientes
========================================================================================================================
#00203 [  18.26s] Todos en la Mesa 3 eligieron: llaman a un mozo
  MESAS      Mesa 1: Comiendo [C13,C14,C15] | Mesa 2: Esperando la comida [C16,C17,C18]
             Mesa 3: Llamando al mozo [C19,C21,C20] | Mesa 4: Comiendo [C10,C11,C12]
  CLIENTES   C10: En la fila de la caja | C11: Comiendo Chivito | C12: Comiendo Milanesa con fritas
             C13: Comiendo Ensalada César | C14: Comiendo Pizza | C15: Comiendo Milanesa con fritas
             C16: Pidió Ñoquis con tuco, espera la comida | C17: Pidió Pizza, espera la comida
             C18: Pidió Ensalada César, espera la comida | C19: Eligió Milanesa con fritas, espera a su mesa
             C20: Eligió Milanesa con fritas, espera a su mesa | C21: Eligió Chivito, espera a su mesa
             C22: Esperando afuera | C23: Esperando afuera
  MOZOS      Mozo 1: Esperando | Mozo 2: Esperando | Mozo 3: Esperando
  COCINA     Platos: vacía
  COCINEROS  Cocinero 1: Esperando pedidos | Cocinero 2: Esperando pedidos | Cocinero 3: Cocinando Pizza
  CAJAS      Fila: vacía | Cajero 1: Cobrando a C10 | Cajero 2: Esperando clientes
========================================================================================================================
#00204 [  18.26s] Mozo 2 va a la Mesa 3 a tomar el pedido
  MESAS      Mesa 1: Comiendo [C13,C14,C15] | Mesa 2: Esperando la comida [C16,C17,C18]
             Mesa 3: Haciendo el pedido [C19,C21,C20] | Mesa 4: Comiendo [C10,C11,C12]
  CLIENTES   C10: En la fila de la caja | C11: Comiendo Chivito | C12: Comiendo Milanesa con fritas
             C13: Comiendo Ensalada César | C14: Comiendo Pizza | C15: Comiendo Milanesa con fritas
             C16: Pidió Ñoquis con tuco, espera la comida | C17: Pidió Pizza, espera la comida
             C18: Pidió Ensalada César, espera la comida | C19: Esperando al mozo (Milanesa con fritas)
             C20: Esperando al mozo (Milanesa con fritas) | C21: Esperando al mozo (Chivito) | C22: Esperando afuera
             C23: Esperando afuera
  MOZOS      Mozo 1: Esperando | Mozo 2: Tomando pedido de la Mesa 3 | Mozo 3: Esperando
  COCINA     Platos: vacía
  COCINEROS  Cocinero 1: Esperando pedidos | Cocinero 2: Esperando pedidos | Cocinero 3: Cocinando Pizza
  CAJAS      Fila: vacía | Cajero 1: Cobrando a C10 | Cajero 2: Esperando clientes
========================================================================================================================
#00205 [  18.39s] Cliente 12 terminó de comer y va a la caja
  MESAS      Mesa 1: Comiendo [C13,C14,C15] | Mesa 2: Esperando la comida [C16,C17,C18]
             Mesa 3: Haciendo el pedido [C19,C21,C20] | Mesa 4: Comiendo [C10,C11,C12]
  CLIENTES   C10: En la fila de la caja | C11: Comiendo Chivito | C12: En la fila de la caja
             C13: Comiendo Ensalada César | C14: Comiendo Pizza | C15: Comiendo Milanesa con fritas
             C16: Pidió Ñoquis con tuco, espera la comida | C17: Pidió Pizza, espera la comida
             C18: Pidió Ensalada César, espera la comida | C19: Pidió Milanesa con fritas, espera la comida
             C20: Pidió Milanesa con fritas, espera la comida | C21: Pidió Chivito, espera la comida
             C22: Esperando afuera | C23: Esperando afuera
  MOZOS      Mozo 1: Esperando | Mozo 2: Tomando pedido de la Mesa 3 | Mozo 3: Esperando
  COCINA     Platos: vacía
  COCINEROS  Cocinero 1: Esperando pedidos | Cocinero 2: Esperando pedidos | Cocinero 3: Cocinando Pizza
  CAJAS      Fila: vacía | Cajero 1: Cobrando a C10 | Cajero 2: Esperando clientes
========================================================================================================================
#00206 [  18.39s] Cajero 2 le cobra Milanesa con fritas ($520) a Cliente 12
  MESAS      Mesa 1: Comiendo [C13,C14,C15] | Mesa 2: Esperando la comida [C16,C17,C18]
             Mesa 3: Haciendo el pedido [C19,C21,C20] | Mesa 4: Comiendo [C10,C11,C12]
  CLIENTES   C10: En la fila de la caja | C11: Comiendo Chivito | C12: En la fila de la caja
             C13: Comiendo Ensalada César | C14: Comiendo Pizza | C15: Comiendo Milanesa con fritas
             C16: Pidió Ñoquis con tuco, espera la comida | C17: Pidió Pizza, espera la comida
             C18: Pidió Ensalada César, espera la comida | C19: Pidió Milanesa con fritas, espera la comida
             C20: Pidió Milanesa con fritas, espera la comida | C21: Pidió Chivito, espera la comida
             C22: Esperando afuera | C23: Esperando afuera
  MOZOS      Mozo 1: Esperando | Mozo 2: Tomando pedido de la Mesa 3 | Mozo 3: Esperando
  COCINA     Platos: vacía
  COCINEROS  Cocinero 1: Esperando pedidos | Cocinero 2: Esperando pedidos | Cocinero 3: Cocinando Pizza
  CAJAS      Fila: vacía | Cajero 1: Cobrando a C10 | Cajero 2: Cobrando a C12
========================================================================================================================
#00207 [  18.44s] Cliente 24 llega pero el restaurante está lleno: espera afuera
  MESAS      Mesa 1: Comiendo [C13,C14,C15] | Mesa 2: Esperando la comida [C16,C17,C18]
             Mesa 3: Haciendo el pedido [C19,C21,C20] | Mesa 4: Comiendo [C10,C11,C12]
  CLIENTES   C10: En la fila de la caja | C11: Comiendo Chivito | C12: En la fila de la caja
             C13: Comiendo Ensalada César | C14: Comiendo Pizza | C15: Comiendo Milanesa con fritas
             C16: Pidió Ñoquis con tuco, espera la comida | C17: Pidió Pizza, espera la comida
             C18: Pidió Ensalada César, espera la comida | C19: Pidió Milanesa con fritas, espera la comida
             C20: Pidió Milanesa con fritas, espera la comida | C21: Pidió Chivito, espera la comida
             C22: Esperando afuera | C23: Esperando afuera | C24: Esperando afuera
  MOZOS      Mozo 1: Esperando | Mozo 2: Tomando pedido de la Mesa 3 | Mozo 3: Esperando
  COCINA     Platos: vacía
  COCINEROS  Cocinero 1: Esperando pedidos | Cocinero 2: Esperando pedidos | Cocinero 3: Cocinando Pizza
  CAJAS      Fila: vacía | Cajero 1: Cobrando a C10 | Cajero 2: Cobrando a C12
========================================================================================================================
#00208 [  18.54s] Cliente 10 pagó y se va del restaurante
  MESAS      Mesa 1: Comiendo [C13,C14,C15] | Mesa 2: Esperando la comida [C16,C17,C18]
             Mesa 3: Haciendo el pedido [C19,C21,C20] | Mesa 4: Comiendo [C10,C11,C12] (quedan 2)
  CLIENTES   C11: Comiendo Chivito | C12: En la fila de la caja | C13: Comiendo Ensalada César | C14: Comiendo Pizza
             C15: Comiendo Milanesa con fritas | C16: Pidió Ñoquis con tuco, espera la comida
             C17: Pidió Pizza, espera la comida | C18: Pidió Ensalada César, espera la comida
             C19: Pidió Milanesa con fritas, espera la comida | C20: Pidió Milanesa con fritas, espera la comida
             C21: Pidió Chivito, espera la comida | C22: Esperando afuera | C23: Esperando afuera
             C24: Esperando afuera
  MOZOS      Mozo 1: Esperando | Mozo 2: Tomando pedido de la Mesa 3 | Mozo 3: Esperando
  COCINA     Platos: vacía
  COCINEROS  Cocinero 1: Esperando pedidos | Cocinero 2: Esperando pedidos | Cocinero 3: Cocinando Pizza
  CAJAS      Fila: vacía | Cajero 1: Esperando clientes | Cajero 2: Cobrando a C12
========================================================================================================================
#00209 [  18.54s] Cliente 23 entra al restaurante (12/12 adentro)
  MESAS      Mesa 1: Comiendo [C13,C14,C15] | Mesa 2: Esperando la comida [C16,C17,C18]
             Mesa 3: Haciendo el pedido [C19,C21,C20] | Mesa 4: Comiendo [C10,C11,C12] (quedan 2)
  CLIENTES   C11: Comiendo Chivito | C12: En la fila de la caja | C13: Comiendo Ensalada César | C14: Comiendo Pizza
             C15: Comiendo Milanesa con fritas | C16: Pidió Ñoquis con tuco, espera la comida
             C17: Pidió Pizza, espera la comida | C18: Pidió Ensalada César, espera la comida
             C19: Pidió Milanesa con fritas, espera la comida | C20: Pidió Milanesa con fritas, espera la comida
             C21: Pidió Chivito, espera la comida | C22: Esperando afuera | C23: En la sala de espera
             C24: Esperando afuera
  MOZOS      Mozo 1: Esperando | Mozo 2: Tomando pedido de la Mesa 3 | Mozo 3: Esperando
  COCINA     Platos: vacía
  COCINEROS  Cocinero 1: Esperando pedidos | Cocinero 2: Esperando pedidos | Cocinero 3: Cocinando Pizza
  CAJAS      Fila: vacía | Cajero 1: Esperando clientes | Cajero 2: Cobrando a C12
========================================================================================================================
#00210 [  18.79s] Cliente 12 pagó y se va del restaurante
  MESAS      Mesa 1: Comiendo [C13,C14,C15] | Mesa 2: Esperando la comida [C16,C17,C18]
             Mesa 3: Haciendo el pedido [C19,C21,C20] | Mesa 4: Comiendo [C10,C11,C12] (quedan 1)
  CLIENTES   C11: Comiendo Chivito | C13: Comiendo Ensalada César | C14: Comiendo Pizza
             C15: Comiendo Milanesa con fritas | C16: Pidió Ñoquis con tuco, espera la comida
             C17: Pidió Pizza, espera la comida | C18: Pidió Ensalada César, espera la comida
             C19: Pidió Milanesa con fritas, espera la comida | C20: Pidió Milanesa con fritas, espera la comida
             C21: Pidió Chivito, espera la comida | C22: Esperando afuera | C23: En la sala de espera
             C24: Esperando afuera
  MOZOS      Mozo 1: Esperando | Mozo 2: Tomando pedido de la Mesa 3 | Mozo 3: Esperando
  COCINA     Platos: vacía
  COCINEROS  Cocinero 1: Esperando pedidos | Cocinero 2: Esperando pedidos | Cocinero 3: Cocinando Pizza
  CAJAS      Fila: vacía | Cajero 1: Esperando clientes | Cajero 2: Esperando clientes
========================================================================================================================
#00211 [  18.79s] Cliente 22 entra al restaurante (12/12 adentro)
  MESAS      Mesa 1: Comiendo [C13,C14,C15] | Mesa 2: Esperando la comida [C16,C17,C18]
             Mesa 3: Haciendo el pedido [C19,C21,C20] | Mesa 4: Comiendo [C10,C11,C12] (quedan 1)
  CLIENTES   C11: Comiendo Chivito | C13: Comiendo Ensalada César | C14: Comiendo Pizza
             C15: Comiendo Milanesa con fritas | C16: Pidió Ñoquis con tuco, espera la comida
             C17: Pidió Pizza, espera la comida | C18: Pidió Ensalada César, espera la comida
             C19: Pidió Milanesa con fritas, espera la comida | C20: Pidió Milanesa con fritas, espera la comida
             C21: Pidió Chivito, espera la comida | C22: En la sala de espera | C23: En la sala de espera
             C24: Esperando afuera
  MOZOS      Mozo 1: Esperando | Mozo 2: Tomando pedido de la Mesa 3 | Mozo 3: Esperando
  COCINA     Platos: vacía
  COCINEROS  Cocinero 1: Esperando pedidos | Cocinero 2: Esperando pedidos | Cocinero 3: Cocinando Pizza
  CAJAS      Fila: vacía | Cajero 1: Esperando clientes | Cajero 2: Esperando clientes
========================================================================================================================
#00212 [  18.91s] Mozo 2 pasa a la cocina el Pedido #7 de la Mesa 3 -> C19: Milanesa con fritas, C21: Chivito, C20: Milanesa con fritas
  MESAS      Mesa 1: Comiendo [C13,C14,C15] | Mesa 2: Esperando la comida [C16,C17,C18]
             Mesa 3: Esperando la comida [C19,C21,C20] | Mesa 4: Comiendo [C10,C11,C12] (quedan 1)
  CLIENTES   C11: Comiendo Chivito | C13: Comiendo Ensalada César | C14: Comiendo Pizza
             C15: Comiendo Milanesa con fritas | C16: Pidió Ñoquis con tuco, espera la comida
             C17: Pidió Pizza, espera la comida | C18: Pidió Ensalada César, espera la comida
             C19: Pidió Milanesa con fritas, espera la comida | C20: Pidió Milanesa con fritas, espera la comida
             C21: Pidió Chivito, espera la comida | C22: En la sala de espera | C23: En la sala de espera
             C24: Esperando afuera
  MOZOS      Mozo 1: Esperando | Mozo 2: Dejó el Pedido #7 en cocina | Mozo 3: Esperando
  COCINA     Platos: vacía
  COCINEROS  Cocinero 1: Esperando pedidos | Cocinero 2: Esperando pedidos | Cocinero 3: Cocinando Pizza
  CAJAS      Fila: vacía | Cajero 1: Esperando clientes | Cajero 2: Esperando clientes
========================================================================================================================
#00213 [  18.91s] Cocinero 2 empieza a cocinar Chivito (Pedido #7, Mesa 3)
  MESAS      Mesa 1: Comiendo [C13,C14,C15] | Mesa 2: Esperando la comida [C16,C17,C18]
             Mesa 3: Esperando la comida [C19,C21,C20] | Mesa 4: Comiendo [C10,C11,C12] (quedan 1)
  CLIENTES   C11: Comiendo Chivito | C13: Comiendo Ensalada César | C14: Comiendo Pizza
             C15: Comiendo Milanesa con fritas | C16: Pidió Ñoquis con tuco, espera la comida
             C17: Pidió Pizza, espera la comida | C18: Pidió Ensalada César, espera la comida
             C19: Pidió Milanesa con fritas, espera la comida | C20: Pidió Milanesa con fritas, espera la comida
             C21: Pidió Chivito, espera la comida | C22: En la sala de espera | C23: En la sala de espera
             C24: Esperando afuera
  MOZOS      Mozo 1: Esperando | Mozo 2: Esperando | Mozo 3: Esperando
  COCINA     Platos: por cocinar: #7 Milanesa con fritas
  COCINEROS  Cocinero 1: Esperando pedidos | Cocinero 2: Cocinando Chivito | Cocinero 3: Cocinando Pizza
  CAJAS      Fila: vacía | Cajero 1: Esperando clientes | Cajero 2: Esperando clientes
========================================================================================================================
#00214 [  18.91s] Cocinero 1 empieza a cocinar Milanesa con fritas (Pedido #7, Mesa 3)
  MESAS      Mesa 1: Comiendo [C13,C14,C15] | Mesa 2: Esperando la comida [C16,C17,C18]
             Mesa 3: Esperando la comida [C19,C21,C20] | Mesa 4: Comiendo [C10,C11,C12] (quedan 1)
  CLIENTES   C11: Comiendo Chivito | C13: Comiendo Ensalada César | C14: Comiendo Pizza
             C15: Comiendo Milanesa con fritas | C16: Pidió Ñoquis con tuco, espera la comida
             C17: Pidió Pizza, espera la comida | C18: Pidió Ensalada César, espera la comida
             C19: Pidió Milanesa con fritas, espera la comida | C20: Pidió Milanesa con fritas, espera la comida
             C21: Pidió Chivito, espera la comida | C22: En la sala de espera | C23: En la sala de espera
             C24: Esperando afuera
  MOZOS      Mozo 1: Esperando | Mozo 2: Esperando | Mozo 3: Esperando
  COCINA     Platos: por cocinar: #7 Milanesa con fritas
  COCINEROS  Cocinero 1: Cocinando Milanesa con fritas | Cocinero 2: Cocinando Chivito | Cocinero 3: Cocinando Pizza
  CAJAS      Fila: vacía | Cajero 1: Esperando clientes | Cajero 2: Esperando clientes
========================================================================================================================
#00215 [  19.43s] Cocinero 3 deja listo Pizza (Pedido #6, Mesa 2)
  MESAS      Mesa 1: Comiendo [C13,C14,C15] | Mesa 2: Esperando la comida [C16,C17,C18]
             Mesa 3: Esperando la comida [C19,C21,C20] | Mesa 4: Comiendo [C10,C11,C12] (quedan 1)
  CLIENTES   C11: Comiendo Chivito | C13: Comiendo Ensalada César | C14: Comiendo Pizza
             C15: Comiendo Milanesa con fritas | C16: Pidió Ñoquis con tuco, espera la comida
             C17: Pidió Pizza, espera la comida | C18: Pidió Ensalada César, espera la comida
             C19: Pidió Milanesa con fritas, espera la comida | C20: Pidió Milanesa con fritas, espera la comida
             C21: Pidió Chivito, espera la comida | C22: En la sala de espera | C23: En la sala de espera
             C24: Esperando afuera
  MOZOS      Mozo 1: Esperando | Mozo 2: Esperando | Mozo 3: Esperando
  COCINA     Platos: por cocinar: #7 Milanesa con fritas
  COCINEROS  Cocinero 1: Cocinando Milanesa con fritas | Cocinero 2: Cocinando Chivito | Cocinero 3: Dejó listo Pizza
  CAJAS      Fila: vacía | Cajero 1: Esperando clientes | Cajero 2: Esperando clientes
========================================================================================================================
#00216 [  19.43s] La cocina avisa a los mozos: Pedido #6 de la Mesa 2 está completo
  MESAS      Mesa 1: Comiendo [C13,C14,C15] | Mesa 2: Platos listos en cocina [C16,C17,C18]
             Mesa 3: Esperando la comida [C19,C21,C20] | Mesa 4: Comiendo [C10,C11,C12] (quedan 1)
  CLIENTES   C11: Comiendo Chivito | C13: Comiendo Ensalada César | C14: Comiendo Pizza
             C15: Comiendo Milanesa con fritas | C16: Pidió Ñoquis con tuco, espera la comida
             C17: Pidió Pizza, espera la comida | C18: Pidió Ensalada César, espera la comida
             C19: Pidió Milanesa con fritas, espera la comida | C20: Pidió Milanesa con fritas, espera la comida
             C21: Pidió Chivito, espera la comida | C22: En la sala de espera | C23: En la sala de espera
             C24: Esperando afuera
  MOZOS      Mozo 1: Esperando | Mozo 2: Esperando | Mozo 3: Esperando
  COCINA     Platos: por cocinar: #7 Milanesa con fritas
  COCINEROS  Cocinero 1: Cocinando Milanesa con fritas | Cocinero 2: Cocinando Chivito | Cocinero 3: Dejó listo Pizza
  CAJAS      Fila: vacía | Cajero 1: Esperando clientes | Cajero 2: Esperando clientes
========================================================================================================================
#00217 [  19.43s] Cocinero 3 empieza a cocinar Milanesa con fritas (Pedido #7, Mesa 3)
  MESAS      Mesa 1: Comiendo [C13,C14,C15] | Mesa 2: Platos listos en cocina [C16,C17,C18]
             Mesa 3: Esperando la comida [C19,C21,C20] | Mesa 4: Comiendo [C10,C11,C12] (quedan 1)
  CLIENTES   C11: Comiendo Chivito | C13: Comiendo Ensalada César | C14: Comiendo Pizza
             C15: Comiendo Milanesa con fritas | C16: Pidió Ñoquis con tuco, espera la comida
             C17: Pidió Pizza, espera la comida | C18: Pidió Ensalada César, espera la comida
             C19: Pidió Milanesa con fritas, espera la comida | C20: Pidió Milanesa con fritas, espera la comida
             C21: Pidió Chivito, espera la comida | C22: En la sala de espera | C23: En la sala de espera
             C24: Esperando afuera
  MOZOS      Mozo 1: Esperando | Mozo 2: Esperando | Mozo 3: Esperando
  COCINA     Platos: vacía
  COCINEROS  Cocinero 1: Cocinando Milanesa con fritas | Cocinero 2: Cocinando Chivito
             Cocinero 3: Cocinando Milanesa con fritas
  CAJAS      Fila: vacía | Cajero 1: Esperando clientes | Cajero 2: Esperando clientes
========================================================================================================================
#00218 [  19.43s] Mozo 2 retira de la cocina los platos de la Mesa 2
  MESAS      Mesa 1: Comiendo [C13,C14,C15] | Mesa 2: Platos listos en cocina [C16,C17,C18]
             Mesa 3: Esperando la comida [C19,C21,C20] | Mesa 4: Comiendo [C10,C11,C12] (quedan 1)
  CLIENTES   C11: Comiendo Chivito | C13: Comiendo Ensalada César | C14: Comiendo Pizza
             C15: Comiendo Milanesa con fritas | C16: Pidió Ñoquis con tuco, espera la comida
             C17: Pidió Pizza, espera la comida | C18: Pidió Ensalada César, espera la comida
             C19: Pidió Milanesa con fritas, espera la comida | C20: Pidió Milanesa con fritas, espera la comida
             C21: Pidió Chivito, espera la comida | C22: En la sala de espera | C23: En la sala de espera
             C24: Esperando afuera
  MOZOS      Mozo 1: Esperando | Mozo 2: Llevando platos a la Mesa 2 | Mozo 3: Esperando
  COCINA     Platos: vacía
  COCINEROS  Cocinero 1: Cocinando Milanesa con fritas | Cocinero 2: Cocinando Chivito
             Cocinero 3: Cocinando Milanesa con fritas
  CAJAS      Fila: vacía | Cajero 1: Esperando clientes | Cajero 2: Esperando clientes
========================================================================================================================
#00219 [  19.43s] Cliente 11 terminó de comer y va a la caja
  MESAS      Mesa 1: Comiendo [C13,C14,C15] | Mesa 2: Platos listos en cocina [C16,C17,C18]
             Mesa 3: Esperando la comida [C19,C21,C20] | Mesa 4: Comiendo [C10,C11,C12] (quedan 1)
  CLIENTES   C11: En la fila de la caja | C13: Comiendo Ensalada César | C14: Comiendo Pizza
             C15: Comiendo Milanesa con fritas | C16: Pidió Ñoquis con tuco, espera la comida
             C17: Pidió Pizza, espera la comida | C18: Pidió Ensalada César, espera la comida
             C19: Pidió Milanesa con fritas, espera la comida | C20: Pidió Milanesa con fritas, espera la comida
             C21: Pidió Chivito, espera la comida | C22: En la sala de espera | C23: En la sala de espera
             C24: Esperando afuera
  MOZOS      Mozo 1: Esperando | Mozo 2: Llevando platos a la Mesa 2 | Mozo 3: Esperando
  COCINA     Platos: vacía
  COCINEROS  Cocinero 1: Cocinando Milanesa con fritas | Cocinero 2: Cocinando Chivito
             Cocinero 3: Cocinando Milanesa con fritas
  CAJAS      Fila: vacía | Cajero 1: Esperando clientes | Cajero 2: Esperando clientes
========================================================================================================================
#00220 [  19.43s] Cajero 1 le cobra Chivito ($650) a Cliente 11
  MESAS      Mesa 1: Comiendo [C13,C14,C15] | Mesa 2: Platos listos en cocina [C16,C17,C18]
             Mesa 3: Esperando la comida [C19,C21,C20] | Mesa 4: Comiendo [C10,C11,C12] (quedan 1)
  CLIENTES   C11: En la fila de la caja | C13: Comiendo Ensalada César | C14: Comiendo Pizza
             C15: Comiendo Milanesa con fritas | C16: Pidió Ñoquis con tuco, espera la comida
             C17: Pidió Pizza, espera la comida | C18: Pidió Ensalada César, espera la comida
             C19: Pidió Milanesa con fritas, espera la comida | C20: Pidió Milanesa con fritas, espera la comida
             C21: Pidió Chivito, espera la comida | C22: En la sala de espera | C23: En la sala de espera
             C24: Esperando afuera
  MOZOS      Mozo 1: Esperando | Mozo 2: Llevando platos a la Mesa 2 | Mozo 3: Esperando
  COCINA     Platos: vacía
  COCINEROS  Cocinero 1: Cocinando Milanesa con fritas | Cocinero 2: Cocinando Chivito
             Cocinero 3: Cocinando Milanesa con fritas
  CAJAS      Fila: vacía | Cajero 1: Cobrando a C11 | Cajero 2: Esperando clientes
========================================================================================================================
#00221 [  19.63s] Cliente 25 llega pero el restaurante está lleno: espera afuera
  MESAS      Mesa 1: Comiendo [C13,C14,C15] | Mesa 2: Platos listos en cocina [C16,C17,C18]
             Mesa 3: Esperando la comida [C19,C21,C20] | Mesa 4: Comiendo [C10,C11,C12] (quedan 1)
  CLIENTES   C11: En la fila de la caja | C13: Comiendo Ensalada César | C14: Comiendo Pizza
             C15: Comiendo Milanesa con fritas | C16: Pidió Ñoquis con tuco, espera la comida
             C17: Pidió Pizza, espera la comida | C18: Pidió Ensalada César, espera la comida
             C19: Pidió Milanesa con fritas, espera la comida | C20: Pidió Milanesa con fritas, espera la comida
             C21: Pidió Chivito, espera la comida | C22: En la sala de espera | C23: En la sala de espera
             C24: Esperando afuera | C25: Esperando afuera
  MOZOS      Mozo 1: Esperando | Mozo 2: Llevando platos a la Mesa 2 | Mozo 3: Esperando
  COCINA     Platos: vacía
  COCINEROS  Cocinero 1: Cocinando Milanesa con fritas | Cocinero 2: Cocinando Chivito
             Cocinero 3: Cocinando Milanesa con fritas
  CAJAS      Fila: vacía | Cajero 1: Cobrando a C11 | Cajero 2: Esperando clientes
========================================================================================================================
#00222 [  19.81s] Cliente 11 pagó y se va del restaurante. La Mesa 4 queda sucia
  MESAS      Mesa 1: Comiendo [C13,C14,C15] | Mesa 2: Platos listos en cocina [C16,C17,C18]
             Mesa 3: Esperando la comida [C19,C21,C20] | Mesa 4: Sucia, esperando mozo [C10,C11,C12] (quedan 0)
  CLIENTES   C13: Comiendo Ensalada César | C14: Comiendo Pizza | C15: Comiendo Milanesa con fritas
             C16: Pidió Ñoquis con tuco, espera la comida | C17: Pidió Pizza, espera la comida
             C18: Pidió Ensalada César, espera la comida | C19: Pidió Milanesa con fritas, espera la comida
             C20: Pidió Milanesa con fritas, espera la comida | C21: Pidió Chivito, espera la comida
             C22: En la sala de espera | C23: En la sala de espera | C24: Esperando afuera | C25: Esperando afuera
  MOZOS      Mozo 1: Esperando | Mozo 2: Llevando platos a la Mesa 2 | Mozo 3: Esperando
  COCINA     Platos: vacía
  COCINEROS  Cocinero 1: Cocinando Milanesa con fritas | Cocinero 2: Cocinando Chivito
             Cocinero 3: Cocinando Milanesa con fritas
  CAJAS      Fila: vacía | Cajero 1: Esperando clientes | Cajero 2: Esperando clientes
========================================================================================================================
#00223 [  19.81s] Cliente 25 entra al restaurante (12/12 adentro)
  MESAS      Mesa 1: Comiendo [C13,C14,C15] | Mesa 2: Platos listos en cocina [C16,C17,C18]
             Mesa 3: Esperando la comida [C19,C21,C20] | Mesa 4: Sucia, esperando mozo [C10,C11,C12] (quedan 0)
  CLIENTES   C13: Comiendo Ensalada César | C14: Comiendo Pizza | C15: Comiendo Milanesa con fritas
             C16: Pidió Ñoquis con tuco, espera la comida | C17: Pidió Pizza, espera la comida
             C18: Pidió Ensalada César, espera la comida | C19: Pidió Milanesa con fritas, espera la comida
             C20: Pidió Milanesa con fritas, espera la comida | C21: Pidió Chivito, espera la comida
             C22: En la sala de espera | C23: En la sala de espera | C24: Esperando afuera | C25: En la sala de espera
  MOZOS      Mozo 1: Esperando | Mozo 2: Llevando platos a la Mesa 2 | Mozo 3: Esperando
  COCINA     Platos: vacía
  COCINEROS  Cocinero 1: Cocinando Milanesa con fritas | Cocinero 2: Cocinando Chivito
             Cocinero 3: Cocinando Milanesa con fritas
  CAJAS      Fila: vacía | Cajero 1: Esperando clientes | Cajero 2: Esperando clientes
========================================================================================================================
#00224 [  19.81s] Mozo 3 levanta los platos y limpia la Mesa 4
  MESAS      Mesa 1: Comiendo [C13,C14,C15] | Mesa 2: Platos listos en cocina [C16,C17,C18]
             Mesa 3: Esperando la comida [C19,C21,C20] | Mesa 4: Limpiando [C10,C11,C12] (quedan 0)
  CLIENTES   C13: Comiendo Ensalada César | C14: Comiendo Pizza | C15: Comiendo Milanesa con fritas
             C16: Pidió Ñoquis con tuco, espera la comida | C17: Pidió Pizza, espera la comida
             C18: Pidió Ensalada César, espera la comida | C19: Pidió Milanesa con fritas, espera la comida
             C20: Pidió Milanesa con fritas, espera la comida | C21: Pidió Chivito, espera la comida
             C22: En la sala de espera | C23: En la sala de espera | C24: Esperando afuera | C25: En la sala de espera
  MOZOS      Mozo 1: Esperando | Mozo 2: Llevando platos a la Mesa 2 | Mozo 3: Limpiando la Mesa 4
  COCINA     Platos: vacía
  COCINEROS  Cocinero 1: Cocinando Milanesa con fritas | Cocinero 2: Cocinando Chivito
             Cocinero 3: Cocinando Milanesa con fritas
  CAJAS      Fila: vacía | Cajero 1: Esperando clientes | Cajero 2: Esperando clientes
========================================================================================================================
#00225 [  20.09s] Mozo 2 sirve los platos en la Mesa 2
  MESAS      Mesa 1: Comiendo [C13,C14,C15] | Mesa 2: Comiendo [C16,C17,C18] | Mesa 3: Esperando la comida [C19,C21,C20]
             Mesa 4: Limpiando [C10,C11,C12] (quedan 0)
  CLIENTES   C13: Comiendo Ensalada César | C14: Comiendo Pizza | C15: Comiendo Milanesa con fritas
             C16: Pidió Ñoquis con tuco, espera la comida | C17: Pidió Pizza, espera la comida
             C18: Pidió Ensalada César, espera la comida | C19: Pidió Milanesa con fritas, espera la comida
             C20: Pidió Milanesa con fritas, espera la comida | C21: Pidió Chivito, espera la comida
             C22: En la sala de espera | C23: En la sala de espera | C24: Esperando afuera | C25: En la sala de espera
  MOZOS      Mozo 1: Esperando | Mozo 2: Sirvió la Mesa 2 | Mozo 3: Limpiando la Mesa 4
  COCINA     Platos: vacía
  COCINEROS  Cocinero 1: Cocinando Milanesa con fritas | Cocinero 2: Cocinando Chivito
             Cocinero 3: Cocinando Milanesa con fritas
  CAJAS      Fila: vacía | Cajero 1: Esperando clientes | Cajero 2: Esperando clientes
========================================================================================================================
#00226 [  20.09s] Cliente 16 empieza a comer Ñoquis con tuco
  MESAS      Mesa 1: Comiendo [C13,C14,C15] | Mesa 2: Comiendo [C16,C17,C18] | Mesa 3: Esperando la comida [C19,C21,C20]
             Mesa 4: Limpiando [C10,C11,C12] (quedan 0)
  CLIENTES   C13: Comiendo Ensalada César | C14: Comiendo Pizza | C15: Comiendo Milanesa con fritas
             C16: Comiendo Ñoquis con tuco | C17: Pidió Pizza, espera la comida
             C18: Pidió Ensalada César, espera la comida | C19: Pidió Milanesa con fritas, espera la comida
             C20: Pidió Milanesa con fritas, espera la comida | C21: Pidió Chivito, espera la comida
             C22: En la sala de espera | C23: En la sala de espera | C24: Esperando afuera | C25: En la sala de espera
  MOZOS      Mozo 1: Esperando | Mozo 2: Sirvió la Mesa 2 | Mozo 3: Limpiando la Mesa 4
  COCINA     Platos: vacía
  COCINEROS  Cocinero 1: Cocinando Milanesa con fritas | Cocinero 2: Cocinando Chivito
             Cocinero 3: Cocinando Milanesa con fritas
  CAJAS      Fila: vacía | Cajero 1: Esperando clientes | Cajero 2: Esperando clientes
========================================================================================================================
#00227 [  20.09s] Cliente 18 empieza a comer Ensalada César
  MESAS      Mesa 1: Comiendo [C13,C14,C15] | Mesa 2: Comiendo [C16,C17,C18] | Mesa 3: Esperando la comida [C19,C21,C20]
             Mesa 4: Limpiando [C10,C11,C12] (quedan 0)
  CLIENTES   C13: Comiendo Ensalada César | C14: Comiendo Pizza | C15: Comiendo Milanesa con fritas
             C16: Comiendo Ñoquis con tuco | C17: Pidió Pizza, espera la comida | C18: Comiendo Ensalada César
             C19: Pidió Milanesa con fritas, espera la comida | C20: Pidió Milanesa con fritas, espera la comida
             C21: Pidió Chivito, espera la comida | C22: En la sala de espera | C23: En la sala de espera
             C24: Esperando afuera | C25: En la sala de espera
  MOZOS      Mozo 1: Esperando | Mozo 2: Sirvió la Mesa 2 | Mozo 3: Limpiando la Mesa 4
  COCINA     Platos: vacía
  COCINEROS  Cocinero 1: Cocinando Milanesa con fritas | Cocinero 2: Cocinando Chivito
             Cocinero 3: Cocinando Milanesa con fritas
  CAJAS      Fila: vacía | Cajero 1: Esperando clientes | Cajero 2: Esperando clientes
========================================================================================================================
#00228 [  20.09s] Cliente 17 empieza a comer Pizza
  MESAS      Mesa 1: Comiendo [C13,C14,C15] | Mesa 2: Comiendo [C16,C17,C18] | Mesa 3: Esperando la comida [C19,C21,C20]
             Mesa 4: Limpiando [C10,C11,C12] (quedan 0)
  CLIENTES   C13: Comiendo Ensalada César | C14: Comiendo Pizza | C15: Comiendo Milanesa con fritas
             C16: Comiendo Ñoquis con tuco | C17: Comiendo Pizza | C18: Comiendo Ensalada César
             C19: Pidió Milanesa con fritas, espera la comida | C20: Pidió Milanesa con fritas, espera la comida
             C21: Pidió Chivito, espera la comida | C22: En la sala de espera | C23: En la sala de espera
             C24: Esperando afuera | C25: En la sala de espera
  MOZOS      Mozo 1: Esperando | Mozo 2: Sirvió la Mesa 2 | Mozo 3: Limpiando la Mesa 4
  COCINA     Platos: vacía
  COCINEROS  Cocinero 1: Cocinando Milanesa con fritas | Cocinero 2: Cocinando Chivito
             Cocinero 3: Cocinando Milanesa con fritas
  CAJAS      Fila: vacía | Cajero 1: Esperando clientes | Cajero 2: Esperando clientes
========================================================================================================================
#00229 [  20.23s] Cocinero 1 deja listo Milanesa con fritas (Pedido #7, Mesa 3)
  MESAS      Mesa 1: Comiendo [C13,C14,C15] | Mesa 2: Comiendo [C16,C17,C18] | Mesa 3: Esperando la comida [C19,C21,C20]
             Mesa 4: Limpiando [C10,C11,C12] (quedan 0)
  CLIENTES   C13: Comiendo Ensalada César | C14: Comiendo Pizza | C15: Comiendo Milanesa con fritas
             C16: Comiendo Ñoquis con tuco | C17: Comiendo Pizza | C18: Comiendo Ensalada César
             C19: Pidió Milanesa con fritas, espera la comida | C20: Pidió Milanesa con fritas, espera la comida
             C21: Pidió Chivito, espera la comida | C22: En la sala de espera | C23: En la sala de espera
             C24: Esperando afuera | C25: En la sala de espera
  MOZOS      Mozo 1: Esperando | Mozo 2: Esperando | Mozo 3: Limpiando la Mesa 4
  COCINA     Platos: vacía
  COCINEROS  Cocinero 1: Dejó listo Milanesa con fritas | Cocinero 2: Cocinando Chivito
             Cocinero 3: Cocinando Milanesa con fritas
  CAJAS      Fila: vacía | Cajero 1: Esperando clientes | Cajero 2: Esperando clientes
========================================================================================================================
#00230 [  20.24s] Cliente 15 terminó de comer y va a la caja
  MESAS      Mesa 1: Comiendo [C13,C14,C15] | Mesa 2: Comiendo [C16,C17,C18] | Mesa 3: Esperando la comida [C19,C21,C20]
             Mesa 4: Limpiando [C10,C11,C12] (quedan 0)
  CLIENTES   C13: Comiendo Ensalada César | C14: Comiendo Pizza | C15: En la fila de la caja
             C16: Comiendo Ñoquis con tuco | C17: Comiendo Pizza | C18: Comiendo Ensalada César
             C19: Pidió Milanesa con fritas, espera la comida | C20: Pidió Milanesa con fritas, espera la comida
             C21: Pidió Chivito, espera la comida | C22: En la sala de espera | C23: En la sala de espera
             C24: Esperando afuera | C25: En la sala de espera
  MOZOS      Mozo 1: Esperando | Mozo 2: Esperando | Mozo 3: Limpiando la Mesa 4
  COCINA     Platos: vacía
  COCINEROS  Cocinero 1: Esperando pedidos | Cocinero 2: Cocinando Chivito | Cocinero 3: Cocinando Milanesa con fritas
  CAJAS      Fila: vacía | Cajero 1: Esperando clientes | Cajero 2: Esperando clientes
========================================================================================================================
#00231 [  20.25s] Cajero 2 le cobra Milanesa con fritas ($520) a Cliente 15
  MESAS      Mesa 1: Comiendo [C13,C14,C15] | Mesa 2: Comiendo [C16,C17,C18] | Mesa 3: Esperando la comida [C19,C21,C20]
             Mesa 4: Limpiando [C10,C11,C12] (quedan 0)
  CLIENTES   C13: Comiendo Ensalada César | C14: Comiendo Pizza | C15: En la fila de la caja
             C16: Comiendo Ñoquis con tuco | C17: Comiendo Pizza | C18: Comiendo Ensalada César
             C19: Pidió Milanesa con fritas, espera la comida | C20: Pidió Milanesa con fritas, espera la comida
             C21: Pidió Chivito, espera la comida | C22: En la sala de espera | C23: En la sala de espera
             C24: Esperando afuera | C25: En la sala de espera
  MOZOS      Mozo 1: Esperando | Mozo 2: Esperando | Mozo 3: Limpiando la Mesa 4
  COCINA     Platos: vacía
  COCINEROS  Cocinero 1: Esperando pedidos | Cocinero 2: Cocinando Chivito | Cocinero 3: Cocinando Milanesa con fritas
  CAJAS      Fila: vacía | Cajero 1: Esperando clientes | Cajero 2: Cobrando a C15
========================================================================================================================
#00232 [  20.30s] Se sientan Cliente 23, Cliente 22, Cliente 25 en la Mesa 4
  MESAS      Mesa 1: Comiendo [C13,C14,C15] | Mesa 2: Comiendo [C16,C17,C18] | Mesa 3: Esperando la comida [C19,C21,C20]
             Mesa 4: Eligiendo menú [C23,C22,C25]
  CLIENTES   C13: Comiendo Ensalada César | C14: Comiendo Pizza | C15: En la fila de la caja
             C16: Comiendo Ñoquis con tuco | C17: Comiendo Pizza | C18: Comiendo Ensalada César
             C19: Pidió Milanesa con fritas, espera la comida | C20: Pidió Milanesa con fritas, espera la comida
             C21: Pidió Chivito, espera la comida | C22: En la sala de espera | C23: En la sala de espera
             C24: Esperando afuera | C25: En la sala de espera
  MOZOS      Mozo 1: Esperando | Mozo 2: Esperando | Mozo 3: Limpiando la Mesa 4
  COCINA     Platos: vacía
  COCINEROS  Cocinero 1: Esperando pedidos | Cocinero 2: Cocinando Chivito | Cocinero 3: Cocinando Milanesa con fritas
  CAJAS      Fila: vacía | Cajero 1: Esperando clientes | Cajero 2: Cobrando a C15
========================================================================================================================
#00233 [  20.30s] Mozo 3 terminó de limpiar: la Mesa 4 queda libre
  MESAS      Mesa 1: Comiendo [C13,C14,C15] | Mesa 2: Comiendo [C16,C17,C18] | Mesa 3: Esperando la comida [C19,C21,C20]
             Mesa 4: Eligiendo menú [C23,C22,C25]
  CLIENTES   C13: Comiendo Ensalada César | C14: Comiendo Pizza | C15: En la fila de la caja
             C16: Comiendo Ñoquis con tuco | C17: Comiendo Pizza | C18: Comiendo Ensalada César
             C19: Pidió Milanesa con fritas, espera la comida | C20: Pidió Milanesa con fritas, espera la comida
             C21: Pidió Chivito, espera la comida | C22: En la sala de espera | C23: En la sala de espera
             C24: Esperando afuera | C25: En la sala de espera
  MOZOS      Mozo 1: Esperando | Mozo 2: Esperando | Mozo 3: Limpió la Mesa 4
  COCINA     Platos: vacía
  COCINEROS  Cocinero 1: Esperando pedidos | Cocinero 2: Cocinando Chivito | Cocinero 3: Cocinando Milanesa con fritas
  CAJAS      Fila: vacía | Cajero 1: Esperando clientes | Cajero 2: Cobrando a C15
========================================================================================================================
#00234 [  20.31s] Cliente 23 se sienta en la Mesa 4 y mira la carta
  MESAS      Mesa 1: Comiendo [C13,C14,C15] | Mesa 2: Comiendo [C16,C17,C18] | Mesa 3: Esperando la comida [C19,C21,C20]
             Mesa 4: Eligiendo menú [C23,C22,C25]
  CLIENTES   C13: Comiendo Ensalada César | C14: Comiendo Pizza | C15: En la fila de la caja
             C16: Comiendo Ñoquis con tuco | C17: Comiendo Pizza | C18: Comiendo Ensalada César
             C19: Pidió Milanesa con fritas, espera la comida | C20: Pidió Milanesa con fritas, espera la comida
             C21: Pidió Chivito, espera la comida | C22: En la sala de espera | C23: Eligiendo menú (Mesa 4)
             C24: Esperando afuera | C25: En la sala de espera
  MOZOS      Mozo 1: Esperando | Mozo 2: Esperando | Mozo 3: Limpió la Mesa 4
  COCINA     Platos: vacía
  COCINEROS  Cocinero 1: Esperando pedidos | Cocinero 2: Cocinando Chivito | Cocinero 3: Cocinando Milanesa con fritas
  CAJAS      Fila: vacía | Cajero 1: Esperando clientes | Cajero 2: Cobrando a C15
========================================================================================================================
#00235 [  20.31s] Cliente 22 se sienta en la Mesa 4 y mira la carta
  MESAS      Mesa 1: Comiendo [C13,C14,C15] | Mesa 2: Comiendo [C16,C17,C18] | Mesa 3: Esperando la comida [C19,C21,C20]
             Mesa 4: Eligiendo menú [C23,C22,C25]
  CLIENTES   C13: Comiendo Ensalada César | C14: Comiendo Pizza | C15: En la fila de la caja
             C16: Comiendo Ñoquis con tuco | C17: Comiendo Pizza | C18: Comiendo Ensalada César
             C19: Pidió Milanesa con fritas, espera la comida | C20: Pidió Milanesa con fritas, espera la comida
             C21: Pidió Chivito, espera la comida | C22: Eligiendo menú (Mesa 4) | C23: Eligiendo menú (Mesa 4)
             C24: Esperando afuera | C25: En la sala de espera
  MOZOS      Mozo 1: Esperando | Mozo 2: Esperando | Mozo 3: Limpió la Mesa 4
  COCINA     Platos: vacía
  COCINEROS  Cocinero 1: Esperando pedidos | Cocinero 2: Cocinando Chivito | Cocinero 3: Cocinando Milanesa con fritas
  CAJAS      Fila: vacía | Cajero 1: Esperando clientes | Cajero 2: Cobrando a C15
========================================================================================================================
#00236 [  20.31s] Cliente 25 se sienta en la Mesa 4 y mira la carta
  MESAS      Mesa 1: Comiendo [C13,C14,C15] | Mesa 2: Comiendo [C16,C17,C18] | Mesa 3: Esperando la comida [C19,C21,C20]
             Mesa 4: Eligiendo menú [C23,C22,C25]
  CLIENTES   C13: Comiendo Ensalada César | C14: Comiendo Pizza | C15: En la fila de la caja
             C16: Comiendo Ñoquis con tuco | C17: Comiendo Pizza | C18: Comiendo Ensalada César
             C19: Pidió Milanesa con fritas, espera la comida | C20: Pidió Milanesa con fritas, espera la comida
             C21: Pidió Chivito, espera la comida | C22: Eligiendo menú (Mesa 4) | C23: Eligiendo menú (Mesa 4)
             C24: Esperando afuera | C25: Eligiendo menú (Mesa 4)
  MOZOS      Mozo 1: Esperando | Mozo 2: Esperando | Mozo 3: Limpió la Mesa 4
  COCINA     Platos: vacía
  COCINEROS  Cocinero 1: Esperando pedidos | Cocinero 2: Cocinando Chivito | Cocinero 3: Cocinando Milanesa con fritas
  CAJAS      Fila: vacía | Cajero 1: Esperando clientes | Cajero 2: Cobrando a C15
========================================================================================================================
#00237 [  20.72s] Cliente 26 llega pero el restaurante está lleno: espera afuera
  MESAS      Mesa 1: Comiendo [C13,C14,C15] | Mesa 2: Comiendo [C16,C17,C18] | Mesa 3: Esperando la comida [C19,C21,C20]
             Mesa 4: Eligiendo menú [C23,C22,C25]
  CLIENTES   C13: Comiendo Ensalada César | C14: Comiendo Pizza | C15: En la fila de la caja
             C16: Comiendo Ñoquis con tuco | C17: Comiendo Pizza | C18: Comiendo Ensalada César
             C19: Pidió Milanesa con fritas, espera la comida | C20: Pidió Milanesa con fritas, espera la comida
             C21: Pidió Chivito, espera la comida | C22: Eligiendo menú (Mesa 4) | C23: Eligiendo menú (Mesa 4)
             C24: Esperando afuera | C25: Eligiendo menú (Mesa 4) | C26: Esperando afuera
  MOZOS      Mozo 1: Esperando | Mozo 2: Esperando | Mozo 3: Esperando
  COCINA     Platos: vacía
  COCINEROS  Cocinero 1: Esperando pedidos | Cocinero 2: Cocinando Chivito | Cocinero 3: Cocinando Milanesa con fritas
  CAJAS      Fila: vacía | Cajero 1: Esperando clientes | Cajero 2: Cobrando a C15
========================================================================================================================
#00238 [  20.81s] Cocinero 2 deja listo Chivito (Pedido #7, Mesa 3)
  MESAS      Mesa 1: Comiendo [C13,C14,C15] | Mesa 2: Comiendo [C16,C17,C18] | Mesa 3: Esperando la comida [C19,C21,C20]
             Mesa 4: Eligiendo menú [C23,C22,C25]
  CLIENTES   C13: Comiendo Ensalada César | C14: Comiendo Pizza | C15: En la fila de la caja
             C16: Comiendo Ñoquis con tuco | C17: Comiendo Pizza | C18: Comiendo Ensalada César
             C19: Pidió Milanesa con fritas, espera la comida | C20: Pidió Milanesa con fritas, espera la comida
             C21: Pidió Chivito, espera la comida | C22: Eligiendo menú (Mesa 4) | C23: Eligiendo menú (Mesa 4)
             C24: Esperando afuera | C25: Eligiendo menú (Mesa 4) | C26: Esperando afuera
  MOZOS      Mozo 1: Esperando | Mozo 2: Esperando | Mozo 3: Esperando
  COCINA     Platos: vacía
  COCINEROS  Cocinero 1: Esperando pedidos | Cocinero 2: Dejó listo Chivito | Cocinero 3: Cocinando Milanesa con fritas
  CAJAS      Fila: vacía | Cajero 1: Esperando clientes | Cajero 2: Cobrando a C15
========================================================================================================================
#00239 [  20.84s] Cliente 15 pagó y se va del restaurante
  MESAS      Mesa 1: Comiendo [C13,C14,C15] (quedan 2) | Mesa 2: Comiendo [C16,C17,C18]
             Mesa 3: Esperando la comida [C19,C21,C20] | Mesa 4: Eligiendo menú [C23,C22,C25]
  CLIENTES   C13: Comiendo Ensalada César | C14: Comiendo Pizza | C16: Comiendo Ñoquis con tuco | C17: Comiendo Pizza
             C18: Comiendo Ensalada César | C19: Pidió Milanesa con fritas, espera la comida
             C20: Pidió Milanesa con fritas, espera la comida | C21: Pidió Chivito, espera la comida
             C22: Eligiendo menú (Mesa 4) | C23: Eligiendo menú (Mesa 4) | C24: Esperando afuera
             C25: Eligiendo menú (Mesa 4) | C26: Esperando afuera
  MOZOS      Mozo 1: Esperando | Mozo 2: Esperando | Mozo 3: Esperando
  COCINA     Platos: vacía
  COCINEROS  Cocinero 1: Esperando pedidos | Cocinero 2: Esperando pedidos | Cocinero 3: Cocinando Milanesa con fritas
  CAJAS      Fila: vacía | Cajero 1: Esperando clientes | Cajero 2: Esperando clientes
========================================================================================================================
#00240 [  20.85s] Cliente 26 entra al restaurante (12/12 adentro)
  MESAS      Mesa 1: Comiendo [C13,C14,C15] (quedan 2) | Mesa 2: Comiendo [C16,C17,C18]
             Mesa 3: Esperando la comida [C19,C21,C20] | Mesa 4: Eligiendo menú [C23,C22,C25]
  CLIENTES   C13: Comiendo Ensalada César | C14: Comiendo Pizza | C16: Comiendo Ñoquis con tuco | C17: Comiendo Pizza
             C18: Comiendo Ensalada César | C19: Pidió Milanesa con fritas, espera la comida
             C20: Pidió Milanesa con fritas, espera la comida | C21: Pidió Chivito, espera la comida
             C22: Eligiendo menú (Mesa 4) | C23: Eligiendo menú (Mesa 4) | C24: Esperando afuera
             C25: Eligiendo menú (Mesa 4) | C26: En la sala de espera
  MOZOS      Mozo 1: Esperando | Mozo 2: Esperando | Mozo 3: Esperando
  COCINA     Platos: vacía
  COCINEROS  Cocinero 1: Esperando pedidos | Cocinero 2: Esperando pedidos | Cocinero 3: Cocinando Milanesa con fritas
  CAJAS      Fila: vacía | Cajero 1: Esperando clientes | Cajero 2: Esperando clientes
========================================================================================================================
#00241 [  20.85s] Cliente 23 elige Hamburguesa
  MESAS      Mesa 1: Comiendo [C13,C14,C15] (quedan 2) | Mesa 2: Comiendo [C16,C17,C18]
             Mesa 3: Esperando la comida [C19,C21,C20] | Mesa 4: Eligiendo menú [C23,C22,C25]
  CLIENTES   C13: Comiendo Ensalada César | C14: Comiendo Pizza | C16: Comiendo Ñoquis con tuco | C17: Comiendo Pizza
             C18: Comiendo Ensalada César | C19: Pidió Milanesa con fritas, espera la comida
             C20: Pidió Milanesa con fritas, espera la comida | C21: Pidió Chivito, espera la comida
             C22: Eligiendo menú (Mesa 4) | C23: Eligió Hamburguesa, espera a su mesa | C24: Esperando afuera
             C25: Eligiendo menú (Mesa 4) | C26: En la sala de espera
  MOZOS      Mozo 1: Esperando | Mozo 2: Esperando | Mozo 3: Esperando
  COCINA     Platos: vacía
  COCINEROS  Cocinero 1: Esperando pedidos | Cocinero 2: Esperando pedidos | Cocinero 3: Cocinando Milanesa con fritas
  CAJAS      Fila: vacía | Cajero 1: Esperando clientes | Cajero 2: Esperando clientes
========================================================================================================================
#00242 [  21.00s] Cocinero 3 deja listo Milanesa con fritas (Pedido #7, Mesa 3)
  MESAS      Mesa 1: Comiendo [C13,C14,C15] (quedan 2) | Mesa 2: Comiendo [C16,C17,C18]
             Mesa 3: Esperando la comida [C19,C21,C20] | Mesa 4: Eligiendo menú [C23,C22,C25]
  CLIENTES   C13: Comiendo Ensalada César | C14: Comiendo Pizza | C16: Comiendo Ñoquis con tuco | C17: Comiendo Pizza
             C18: Comiendo Ensalada César | C19: Pidió Milanesa con fritas, espera la comida
             C20: Pidió Milanesa con fritas, espera la comida | C21: Pidió Chivito, espera la comida
             C22: Eligiendo menú (Mesa 4) | C23: Eligió Hamburguesa, espera a su mesa | C24: Esperando afuera
             C25: Eligiendo menú (Mesa 4) | C26: En la sala de espera
  MOZOS      Mozo 1: Esperando | Mozo 2: Esperando | Mozo 3: Esperando
  COCINA     Platos: vacía
  COCINEROS  Cocinero 1: Esperando pedidos | Cocinero 2: Esperando pedidos | Cocinero 3: Dejó listo Milanesa con fritas
  CAJAS      Fila: vacía | Cajero 1: Esperando clientes | Cajero 2: Esperando clientes
========================================================================================================================
#00243 [  21.00s] La cocina avisa a los mozos: Pedido #7 de la Mesa 3 está completo
  MESAS      Mesa 1: Comiendo [C13,C14,C15] (quedan 2) | Mesa 2: Comiendo [C16,C17,C18]
             Mesa 3: Platos listos en cocina [C19,C21,C20] | Mesa 4: Eligiendo menú [C23,C22,C25]
  CLIENTES   C13: Comiendo Ensalada César | C14: Comiendo Pizza | C16: Comiendo Ñoquis con tuco | C17: Comiendo Pizza
             C18: Comiendo Ensalada César | C19: Pidió Milanesa con fritas, espera la comida
             C20: Pidió Milanesa con fritas, espera la comida | C21: Pidió Chivito, espera la comida
             C22: Eligiendo menú (Mesa 4) | C23: Eligió Hamburguesa, espera a su mesa | C24: Esperando afuera
             C25: Eligiendo menú (Mesa 4) | C26: En la sala de espera
  MOZOS      Mozo 1: Esperando | Mozo 2: Esperando | Mozo 3: Esperando
  COCINA     Platos: vacía
  COCINEROS  Cocinero 1: Esperando pedidos | Cocinero 2: Esperando pedidos | Cocinero 3: Dejó listo Milanesa con fritas
  CAJAS      Fila: vacía | Cajero 1: Esperando clientes | Cajero 2: Esperando clientes
========================================================================================================================
#00244 [  21.00s] Mozo 2 retira de la cocina los platos de la Mesa 3
  MESAS      Mesa 1: Comiendo [C13,C14,C15] (quedan 2) | Mesa 2: Comiendo [C16,C17,C18]
             Mesa 3: Platos listos en cocina [C19,C21,C20] | Mesa 4: Eligiendo menú [C23,C22,C25]
  CLIENTES   C13: Comiendo Ensalada César | C14: Comiendo Pizza | C16: Comiendo Ñoquis con tuco | C17: Comiendo Pizza
             C18: Comiendo Ensalada César | C19: Pidió Milanesa con fritas, espera la comida
             C20: Pidió Milanesa con fritas, espera la comida | C21: Pidió Chivito, espera la comida
             C22: Eligiendo menú (Mesa 4) | C23: Eligió Hamburguesa, espera a su mesa | C24: Esperando afuera
             C25: Eligiendo menú (Mesa 4) | C26: En la sala de espera
  MOZOS      Mozo 1: Esperando | Mozo 2: Llevando platos a la Mesa 3 | Mozo 3: Esperando
  COCINA     Platos: vacía
  COCINEROS  Cocinero 1: Esperando pedidos | Cocinero 2: Esperando pedidos | Cocinero 3: Esperando pedidos
  CAJAS      Fila: vacía | Cajero 1: Esperando clientes | Cajero 2: Esperando clientes
========================================================================================================================
#00245 [  21.09s] Cliente 13 terminó de comer y va a la caja
  MESAS      Mesa 1: Comiendo [C13,C14,C15] (quedan 2) | Mesa 2: Comiendo [C16,C17,C18]
             Mesa 3: Platos listos en cocina [C19,C21,C20] | Mesa 4: Eligiendo menú [C23,C22,C25]
  CLIENTES   C13: En la fila de la caja | C14: Comiendo Pizza | C16: Comiendo Ñoquis con tuco | C17: Comiendo Pizza
             C18: Comiendo Ensalada César | C19: Pidió Milanesa con fritas, espera la comida
             C20: Pidió Milanesa con fritas, espera la comida | C21: Pidió Chivito, espera la comida
             C22: Eligiendo menú (Mesa 4) | C23: Eligió Hamburguesa, espera a su mesa | C24: Esperando afuera
             C25: Eligiendo menú (Mesa 4) | C26: En la sala de espera
  MOZOS      Mozo 1: Esperando | Mozo 2: Llevando platos a la Mesa 3 | Mozo 3: Esperando
  COCINA     Platos: vacía
  COCINEROS  Cocinero 1: Esperando pedidos | Cocinero 2: Esperando pedidos | Cocinero 3: Esperando pedidos
  CAJAS      Fila: vacía | Cajero 1: Esperando clientes | Cajero 2: Esperando clientes
========================================================================================================================
#00246 [  21.09s] Cajero 1 le cobra Ensalada César ($350) a Cliente 13
  MESAS      Mesa 1: Comiendo [C13,C14,C15] (quedan 2) | Mesa 2: Comiendo [C16,C17,C18]
             Mesa 3: Platos listos en cocina [C19,C21,C20] | Mesa 4: Eligiendo menú [C23,C22,C25]
  CLIENTES   C13: En la fila de la caja | C14: Comiendo Pizza | C16: Comiendo Ñoquis con tuco | C17: Comiendo Pizza
             C18: Comiendo Ensalada César | C19: Pidió Milanesa con fritas, espera la comida
             C20: Pidió Milanesa con fritas, espera la comida | C21: Pidió Chivito, espera la comida
             C22: Eligiendo menú (Mesa 4) | C23: Eligió Hamburguesa, espera a su mesa | C24: Esperando afuera
             C25: Eligiendo menú (Mesa 4) | C26: En la sala de espera
  MOZOS      Mozo 1: Esperando | Mozo 2: Llevando platos a la Mesa 3 | Mozo 3: Esperando
  COCINA     Platos: vacía
  COCINEROS  Cocinero 1: Esperando pedidos | Cocinero 2: Esperando pedidos | Cocinero 3: Esperando pedidos
  CAJAS      Fila: vacía | Cajero 1: Cobrando a C13 | Cajero 2: Esperando clientes
========================================================================================================================
#00247 [  21.47s] Cliente 25 elige Pizza
  MESAS      Mesa 1: Comiendo [C13,C14,C15] (quedan 2) | Mesa 2: Comiendo [C16,C17,C18]
             Mesa 3: Platos listos en cocina [C19,C21,C20] | Mesa 4: Eligiendo menú [C23,C22,C25]
  CLIENTES   C13: En la fila de la caja | C14: Comiendo Pizza | C16: Comiendo Ñoquis con tuco | C17: Comiendo Pizza
             C18: Comiendo Ensalada César | C19: Pidió Milanesa con fritas, espera la comida
             C20: Pidió Milanesa con fritas, espera la comida | C21: Pidió Chivito, espera la comida
             C22: Eligiendo menú (Mesa 4) | C23: Eligió Hamburguesa, espera a su mesa | C24: Esperando afuera
             C25: Eligió Pizza, espera a su mesa | C26: En la sala de espera
  MOZOS      Mozo 1: Esperando | Mozo 2: Llevando platos a la Mesa 3 | Mozo 3: Esperando
  COCINA     Platos: vacía
  COCINEROS  Cocinero 1: Esperando pedidos | Cocinero 2: Esperando pedidos | Cocinero 3: Esperando pedidos
  CAJAS      Fila: vacía | Cajero 1: Cobrando a C13 | Cajero 2: Esperando clientes
========================================================================================================================
#00248 [  21.48s] Cliente 13 pagó y se va del restaurante
  MESAS      Mesa 1: Comiendo [C13,C14,C15] (quedan 1) | Mesa 2: Comiendo [C16,C17,C18]
             Mesa 3: Platos listos en cocina [C19,C21,C20] | Mesa 4: Eligiendo menú [C23,C22,C25]
  CLIENTES   C14: Comiendo Pizza | C16: Comiendo Ñoquis con tuco | C17: Comiendo Pizza | C18: Comiendo Ensalada César
             C19: Pidió Milanesa con fritas, espera la comida | C20: Pidió Milanesa con fritas, espera la comida
             C21: Pidió Chivito, espera la comida | C22: Eligiendo menú (Mesa 4)
             C23: Eligió Hamburguesa, espera a su mesa | C24: Esperando afuera | C25: Eligió Pizza, espera a su mesa
             C26: En la sala de espera
  MOZOS      Mozo 1: Esperando | Mozo 2: Llevando platos a la Mesa 3 | Mozo 3: Esperando
  COCINA     Platos: vacía
  COCINEROS  Cocinero 1: Esperando pedidos | Cocinero 2: Esperando pedidos | Cocinero 3: Esperando pedidos
  CAJAS      Fila: vacía | Cajero 1: Esperando clientes | Cajero 2: Esperando clientes
========================================================================================================================
#00249 [  21.48s] Cliente 24 entra al restaurante (12/12 adentro)
  MESAS      Mesa 1: Comiendo [C13,C14,C15] (quedan 1) | Mesa 2: Comiendo [C16,C17,C18]
             Mesa 3: Platos listos en cocina [C19,C21,C20] | Mesa 4: Eligiendo menú [C23,C22,C25]
  CLIENTES   C14: Comiendo Pizza | C16: Comiendo Ñoquis con tuco | C17: Comiendo Pizza | C18: Comiendo Ensalada César
             C19: Pidió Milanesa con fritas, espera la comida | C20: Pidió Milanesa con fritas, espera la comida
             C21: Pidió Chivito, espera la comida | C22: Eligiendo menú (Mesa 4)
             C23: Eligió Hamburguesa, espera a su mesa | C24: En la sala de espera | C25: Eligió Pizza, espera a su mesa
             C26: En la sala de espera
  MOZOS      Mozo 1: Esperando | Mozo 2: Llevando platos a la Mesa 3 | Mozo 3: Esperando
  COCINA     Platos: vacía
  COCINEROS  Cocinero 1: Esperando pedidos | Cocinero 2: Esperando pedidos | Cocinero 3: Esperando pedidos
  CAJAS      Fila: vacía | Cajero 1: Esperando clientes | Cajero 2: Esperando clientes
========================================================================================================================
#00250 [  21.53s] Cliente 22 elige Milanesa con fritas
  MESAS      Mesa 1: Comiendo [C13,C14,C15] (quedan 1) | Mesa 2: Comiendo [C16,C17,C18]
             Mesa 3: Platos listos en cocina [C19,C21,C20] | Mesa 4: Eligiendo menú [C23,C22,C25]
  CLIENTES   C14: Comiendo Pizza | C16: Comiendo Ñoquis con tuco | C17: Comiendo Pizza | C18: Comiendo Ensalada César
             C19: Pidió Milanesa con fritas, espera la comida | C20: Pidió Milanesa con fritas, espera la comida
             C21: Pidió Chivito, espera la comida | C22: Eligió Milanesa con fritas, espera a su mesa
             C23: Eligió Hamburguesa, espera a su mesa | C24: En la sala de espera | C25: Eligió Pizza, espera a su mesa
             C26: En la sala de espera
  MOZOS      Mozo 1: Esperando | Mozo 2: Llevando platos a la Mesa 3 | Mozo 3: Esperando
  COCINA     Platos: vacía
  COCINEROS  Cocinero 1: Esperando pedidos | Cocinero 2: Esperando pedidos | Cocinero 3: Esperando pedidos
  CAJAS      Fila: vacía | Cajero 1: Esperando clientes | Cajero 2: Esperando clientes
========================================================================================================================
#00251 [  21.54s] Todos en la Mesa 4 eligieron: llaman a un mozo
  MESAS      Mesa 1: Comiendo [C13,C14,C15] (quedan 1) | Mesa 2: Comiendo [C16,C17,C18]
             Mesa 3: Platos listos en cocina [C19,C21,C20] | Mesa 4: Llamando al mozo [C23,C22,C25]
  CLIENTES   C14: Comiendo Pizza | C16: Comiendo Ñoquis con tuco | C17: Comiendo Pizza | C18: Comiendo Ensalada César
             C19: Pidió Milanesa con fritas, espera la comida | C20: Pidió Milanesa con fritas, espera la comida
             C21: Pidió Chivito, espera la comida | C22: Eligió Milanesa con fritas, espera a su mesa
             C23: Eligió Hamburguesa, espera a su mesa | C24: En la sala de espera | C25: Eligió Pizza, espera a su mesa
             C26: En la sala de espera
  MOZOS      Mozo 1: Esperando | Mozo 2: Llevando platos a la Mesa 3 | Mozo 3: Esperando
  COCINA     Platos: vacía
  COCINEROS  Cocinero 1: Esperando pedidos | Cocinero 2: Esperando pedidos | Cocinero 3: Esperando pedidos
  CAJAS      Fila: vacía | Cajero 1: Esperando clientes | Cajero 2: Esperando clientes
========================================================================================================================
#00252 [  21.54s] Mozo 1 va a la Mesa 4 a tomar el pedido
  MESAS      Mesa 1: Comiendo [C13,C14,C15] (quedan 1) | Mesa 2: Comiendo [C16,C17,C18]
             Mesa 3: Platos listos en cocina [C19,C21,C20] | Mesa 4: Haciendo el pedido [C23,C22,C25]
  CLIENTES   C14: Comiendo Pizza | C16: Comiendo Ñoquis con tuco | C17: Comiendo Pizza | C18: Comiendo Ensalada César
             C19: Pidió Milanesa con fritas, espera la comida | C20: Pidió Milanesa con fritas, espera la comida
             C21: Pidió Chivito, espera la comida | C22: Esperando al mozo (Milanesa con fritas)
             C23: Esperando al mozo (Hamburguesa) | C24: En la sala de espera | C25: Esperando al mozo (Pizza)
             C26: En la sala de espera
  MOZOS      Mozo 1: Tomando pedido de la Mesa 4 | Mozo 2: Llevando platos a la Mesa 3 | Mozo 3: Esperando
  COCINA     Platos: vacía
  COCINEROS  Cocinero 1: Esperando pedidos | Cocinero 2: Esperando pedidos | Cocinero 3: Esperando pedidos
  CAJAS      Fila: vacía | Cajero 1: Esperando clientes | Cajero 2: Esperando clientes
========================================================================================================================
#00253 [  21.63s] Cliente 27 llega pero el restaurante está lleno: espera afuera
  MESAS      Mesa 1: Comiendo [C13,C14,C15] (quedan 1) | Mesa 2: Comiendo [C16,C17,C18]
             Mesa 3: Platos listos en cocina [C19,C21,C20] | Mesa 4: Haciendo el pedido [C23,C22,C25]
  CLIENTES   C14: Comiendo Pizza | C16: Comiendo Ñoquis con tuco | C17: Comiendo Pizza | C18: Comiendo Ensalada César
             C19: Pidió Milanesa con fritas, espera la comida | C20: Pidió Milanesa con fritas, espera la comida
             C21: Pidió Chivito, espera la comida | C22: Pidió Milanesa con fritas, espera la comida
             C23: Pidió Hamburguesa, espera la comida | C24: En la sala de espera | C25: Pidió Pizza, espera la comida
             C26: En la sala de espera | C27: Esperando afuera
  MOZOS      Mozo 1: Tomando pedido de la Mesa 4 | Mozo 2: Llevando platos a la Mesa 3 | Mozo 3: Esperando
  COCINA     Platos: vacía
  COCINEROS  Cocinero 1: Esperando pedidos | Cocinero 2: Esperando pedidos | Cocinero 3: Esperando pedidos
  CAJAS      Fila: vacía | Cajero 1: Esperando clientes | Cajero 2: Esperando clientes
========================================================================================================================
#00254 [  21.67s] Cliente 14 terminó de comer y va a la caja
  MESAS      Mesa 1: Comiendo [C13,C14,C15] (quedan 1) | Mesa 2: Comiendo [C16,C17,C18]
             Mesa 3: Platos listos en cocina [C19,C21,C20] | Mesa 4: Haciendo el pedido [C23,C22,C25]
  CLIENTES   C14: En la fila de la caja | C16: Comiendo Ñoquis con tuco | C17: Comiendo Pizza
             C18: Comiendo Ensalada César | C19: Pidió Milanesa con fritas, espera la comida
             C20: Pidió Milanesa con fritas, espera la comida | C21: Pidió Chivito, espera la comida
             C22: Pidió Milanesa con fritas, espera la comida | C23: Pidió Hamburguesa, espera la comida
             C24: En la sala de espera | C25: Pidió Pizza, espera la comida | C26: En la sala de espera
             C27: Esperando afuera
  MOZOS      Mozo 1: Tomando pedido de la Mesa 4 | Mozo 2: Llevando platos a la Mesa 3 | Mozo 3: Esperando
  COCINA     Platos: vacía
  COCINEROS  Cocinero 1: Esperando pedidos | Cocinero 2: Esperando pedidos | Cocinero 3: Esperando pedidos
  CAJAS      Fila: vacía | Cajero 1: Esperando clientes | Cajero 2: Esperando clientes
========================================================================================================================
#00255 [  21.67s] Cajero 2 le cobra Pizza ($480) a Cliente 14
  MESAS      Mesa 1: Comiendo [C13,C14,C15] (quedan 1) | Mesa 2: Comiendo [C16,C17,C18]
             Mesa 3: Platos listos en cocina [C19,C21,C20] | Mesa 4: Haciendo el pedido [C23,C22,C25]
  CLIENTES   C14: En la fila de la caja | C16: Comiendo Ñoquis con tuco | C17: Comiendo Pizza
             C18: Comiendo Ensalada César | C19: Pidió Milanesa con fritas, espera la comida
             C20: Pidió Milanesa con fritas, espera la comida | C21: Pidió Chivito, espera la comida
             C22: Pidió Milanesa con fritas, espera la comida | C23: Pidió Hamburguesa, espera la comida
             C24: En la sala de espera | C25: Pidió Pizza, espera la comida | C26: En la sala de espera
             C27: Esperando afuera
  MOZOS      Mozo 1: Tomando pedido de la Mesa 4 | Mozo 2: Llevando platos a la Mesa 3 | Mozo 3: Esperando
  COCINA     Platos: vacía
  COCINEROS  Cocinero 1: Esperando pedidos | Cocinero 2: Esperando pedidos | Cocinero 3: Esperando pedidos
  CAJAS      Fila: vacía | Cajero 1: Esperando clientes | Cajero 2: Cobrando a C14
========================================================================================================================
#00256 [  21.75s] Mozo 2 sirve los platos en la Mesa 3
  MESAS      Mesa 1: Comiendo [C13,C14,C15] (quedan 1) | Mesa 2: Comiendo [C16,C17,C18] | Mesa 3: Comiendo [C19,C21,C20]
             Mesa 4: Haciendo el pedido [C23,C22,C25]
  CLIENTES   C14: En la fila de la caja | C16: Comiendo Ñoquis con tuco | C17: Comiendo Pizza
             C18: Comiendo Ensalada César | C19: Pidió Milanesa con fritas, espera la comida
             C20: Pidió Milanesa con fritas, espera la comida | C21: Pidió Chivito, espera la comida
             C22: Pidió Milanesa con fritas, espera la comida | C23: Pidió Hamburguesa, espera la comida
             C24: En la sala de espera | C25: Pidió Pizza, espera la comida | C26: En la sala de espera
             C27: Esperando afuera
  MOZOS      Mozo 1: Tomando pedido de la Mesa 4 | Mozo 2: Sirvió la Mesa 3 | Mozo 3: Esperando
  COCINA     Platos: vacía
  COCINEROS  Cocinero 1: Esperando pedidos | Cocinero 2: Esperando pedidos | Cocinero 3: Esperando pedidos
  CAJAS      Fila: vacía | Cajero 1: Esperando clientes | Cajero 2: Cobrando a C14
========================================================================================================================
#00257 [  21.75s] Cliente 19 empieza a comer Milanesa con fritas
  MESAS      Mesa 1: Comiendo [C13,C14,C15] (quedan 1) | Mesa 2: Comiendo [C16,C17,C18] | Mesa 3: Comiendo [C19,C21,C20]
             Mesa 4: Haciendo el pedido [C23,C22,C25]
  CLIENTES   C14: En la fila de la caja | C16: Comiendo Ñoquis con tuco | C17: Comiendo Pizza
             C18: Comiendo Ensalada César | C19: Comiendo Milanesa con fritas
             C20: Pidió Milanesa con fritas, espera la comida | C21: Pidió Chivito, espera la comida
             C22: Pidió Milanesa con fritas, espera la comida | C23: Pidió Hamburguesa, espera la comida
             C24: En la sala de espera | C25: Pidió Pizza, espera la comida | C26: En la sala de espera
             C27: Esperando afuera
  MOZOS      Mozo 1: Tomando pedido de la Mesa 4 | Mozo 2: Sirvió la Mesa 3 | Mozo 3: Esperando
  COCINA     Platos: vacía
  COCINEROS  Cocinero 1: Esperando pedidos | Cocinero 2: Esperando pedidos | Cocinero 3: Esperando pedidos
  CAJAS      Fila: vacía | Cajero 1: Esperando clientes | Cajero 2: Cobrando a C14
========================================================================================================================
#00258 [  21.75s] Cliente 20 empieza a comer Milanesa con fritas
  MESAS      Mesa 1: Comiendo [C13,C14,C15] (quedan 1) | Mesa 2: Comiendo [C16,C17,C18] | Mesa 3: Comiendo [C19,C21,C20]
             Mesa 4: Haciendo el pedido [C23,C22,C25]
  CLIENTES   C14: En la fila de la caja | C16: Comiendo Ñoquis con tuco | C17: Comiendo Pizza
             C18: Comiendo Ensalada César | C19: Comiendo Milanesa con fritas | C20: Comiendo Milanesa con fritas
             C21: Pidió Chivito, espera la comida | C22: Pidió Milanesa con fritas, espera la comida
             C23: Pidió Hamburguesa, espera la comida | C24: En la sala de espera | C25: Pidió Pizza, espera la comida
             C26: En la sala de espera | C27: Esperando afuera
  MOZOS      Mozo 1: Tomando pedido de la Mesa 4 | Mozo 2: Sirvió la Mesa 3 | Mozo 3: Esperando
  COCINA     Platos: vacía
  COCINEROS  Cocinero 1: Esperando pedidos | Cocinero 2: Esperando pedidos | Cocinero 3: Esperando pedidos
  CAJAS      Fila: vacía | Cajero 1: Esperando clientes | Cajero 2: Cobrando a C14
========================================================================================================================
#00259 [  21.75s] Cliente 21 empieza a comer Chivito
  MESAS      Mesa 1: Comiendo [C13,C14,C15] (quedan 1) | Mesa 2: Comiendo [C16,C17,C18] | Mesa 3: Comiendo [C19,C21,C20]
             Mesa 4: Haciendo el pedido [C23,C22,C25]
  CLIENTES   C14: En la fila de la caja | C16: Comiendo Ñoquis con tuco | C17: Comiendo Pizza
             C18: Comiendo Ensalada César | C19: Comiendo Milanesa con fritas | C20: Comiendo Milanesa con fritas
             C21: Comiendo Chivito | C22: Pidió Milanesa con fritas, espera la comida
             C23: Pidió Hamburguesa, espera la comida | C24: En la sala de espera | C25: Pidió Pizza, espera la comida
             C26: En la sala de espera | C27: Esperando afuera
  MOZOS      Mozo 1: Tomando pedido de la Mesa 4 | Mozo 2: Sirvió la Mesa 3 | Mozo 3: Esperando
  COCINA     Platos: vacía
  COCINEROS  Cocinero 1: Esperando pedidos | Cocinero 2: Esperando pedidos | Cocinero 3: Esperando pedidos
  CAJAS      Fila: vacía | Cajero 1: Esperando clientes | Cajero 2: Cobrando a C14
========================================================================================================================
#00260 [  22.10s] Mozo 1 pasa a la cocina el Pedido #8 de la Mesa 4 -> C23: Hamburguesa, C22: Milanesa con fritas, C25: Pizza
  MESAS      Mesa 1: Comiendo [C13,C14,C15] (quedan 1) | Mesa 2: Comiendo [C16,C17,C18] | Mesa 3: Comiendo [C19,C21,C20]
             Mesa 4: Esperando la comida [C23,C22,C25]
  CLIENTES   C14: En la fila de la caja | C16: Comiendo Ñoquis con tuco | C17: Comiendo Pizza
             C18: Comiendo Ensalada César | C19: Comiendo Milanesa con fritas | C20: Comiendo Milanesa con fritas
             C21: Comiendo Chivito | C22: Pidió Milanesa con fritas, espera la comida
             C23: Pidió Hamburguesa, espera la comida | C24: En la sala de espera | C25: Pidió Pizza, espera la comida
             C26: En la sala de espera | C27: Esperando afuera
  MOZOS      Mozo 1: Dejó el Pedido #8 en cocina | Mozo 2: Esperando | Mozo 3: Esperando
  COCINA     Platos: vacía
  COCINEROS  Cocinero 1: Esperando pedidos | Cocinero 2: Esperando pedidos | Cocinero 3: Esperando pedidos
  CAJAS      Fila: vacía | Cajero 1: Esperando clientes | Cajero 2: Cobrando a C14
========================================================================================================================
#00261 [  22.11s] Cocinero 3 empieza a cocinar Pizza (Pedido #8, Mesa 4)
  MESAS      Mesa 1: Comiendo [C13,C14,C15] (quedan 1) | Mesa 2: Comiendo [C16,C17,C18] | Mesa 3: Comiendo [C19,C21,C20]
             Mesa 4: Esperando la comida [C23,C22,C25]
  CLIENTES   C14: En la fila de la caja | C16: Comiendo Ñoquis con tuco | C17: Comiendo Pizza
             C18: Comiendo Ensalada César | C19: Comiendo Milanesa con fritas | C20: Comiendo Milanesa con fritas
             C21: Comiendo Chivito | C22: Pidió Milanesa con fritas, espera la comida
             C23: Pidió Hamburguesa, espera la comida | C24: En la sala de espera | C25: Pidió Pizza, espera la comida
             C26: En la sala de espera | C27: Esperando afuera
  MOZOS      Mozo 1: Esperando | Mozo 2: Esperando | Mozo 3: Esperando
  COCINA     Platos: vacía
  COCINEROS  Cocinero 1: Esperando pedidos | Cocinero 2: Esperando pedidos | Cocinero 3: Cocinando Pizza
  CAJAS      Fila: vacía | Cajero 1: Esperando clientes | Cajero 2: Cobrando a C14
========================================================================================================================
#00262 [  22.11s] Cocinero 2 empieza a cocinar Milanesa con fritas (Pedido #8, Mesa 4)
  MESAS      Mesa 1: Comiendo [C13,C14,C15] (quedan 1) | Mesa 2: Comiendo [C16,C17,C18] | Mesa 3: Comiendo [C19,C21,C20]
             Mesa 4: Esperando la comida [C23,C22,C25]
  CLIENTES   C14: En la fila de la caja | C16: Comiendo Ñoquis con tuco | C17: Comiendo Pizza
             C18: Comiendo Ensalada César | C19: Comiendo Milanesa con fritas | C20: Comiendo Milanesa con fritas
             C21: Comiendo Chivito | C22: Pidió Milanesa con fritas, espera la comida
             C23: Pidió Hamburguesa, espera la comida | C24: En la sala de espera | C25: Pidió Pizza, espera la comida
             C26: En la sala de espera | C27: Esperando afuera
  MOZOS      Mozo 1: Esperando | Mozo 2: Esperando | Mozo 3: Esperando
  COCINA     Platos: vacía
  COCINEROS  Cocinero 1: Esperando pedidos | Cocinero 2: Cocinando Milanesa con fritas | Cocinero 3: Cocinando Pizza
  CAJAS      Fila: vacía | Cajero 1: Esperando clientes | Cajero 2: Cobrando a C14
========================================================================================================================
#00263 [  22.11s] Cocinero 1 empieza a cocinar Hamburguesa (Pedido #8, Mesa 4)
  MESAS      Mesa 1: Comiendo [C13,C14,C15] (quedan 1) | Mesa 2: Comiendo [C16,C17,C18] | Mesa 3: Comiendo [C19,C21,C20]
             Mesa 4: Esperando la comida [C23,C22,C25]
  CLIENTES   C14: En la fila de la caja | C16: Comiendo Ñoquis con tuco | C17: Comiendo Pizza
             C18: Comiendo Ensalada César | C19: Comiendo Milanesa con fritas | C20: Comiendo Milanesa con fritas
             C21: Comiendo Chivito | C22: Pidió Milanesa con fritas, espera la comida
             C23: Pidió Hamburguesa, espera la comida | C24: En la sala de espera | C25: Pidió Pizza, espera la comida
             C26: En la sala de espera | C27: Esperando afuera
  MOZOS      Mozo 1: Esperando | Mozo 2: Esperando | Mozo 3: Esperando
  COCINA     Platos: vacía
  COCINEROS  Cocinero 1: Cocinando Hamburguesa | Cocinero 2: Cocinando Milanesa con fritas | Cocinero 3: Cocinando Pizza
  CAJAS      Fila: vacía | Cajero 1: Esperando clientes | Cajero 2: Cobrando a C14
========================================================================================================================
#00264 [  22.19s] Cliente 14 pagó y se va del restaurante. La Mesa 1 queda sucia
  MESAS      Mesa 1: Sucia, esperando mozo [C13,C14,C15] (quedan 0) | Mesa 2: Comiendo [C16,C17,C18]
             Mesa 3: Comiendo [C19,C21,C20] | Mesa 4: Esperando la comida [C23,C22,C25]
  CLIENTES   C16: Comiendo Ñoquis con tuco | C17: Comiendo Pizza | C18: Comiendo Ensalada César
             C19: Comiendo Milanesa con fritas | C20: Comiendo Milanesa con fritas | C21: Comiendo Chivito
             C22: Pidió Milanesa con fritas, espera la comida | C23: Pidió Hamburguesa, espera la comida
             C24: En la sala de espera | C25: Pidió Pizza, espera la comida | C26: En la sala de espera
             C27: Esperando afuera
  MOZOS      Mozo 1: Esperando | Mozo 2: Esperando | Mozo 3: Esperando
  COCINA     Platos: vacía
  COCINEROS  Cocinero 1: Cocinando Hamburguesa | Cocinero 2: Cocinando Milanesa con fritas | Cocinero 3: Cocinando Pizza
  CAJAS      Fila: vacía | Cajero 1: Esperando clientes | Cajero 2: Esperando clientes
========================================================================================================================
#00265 [  22.19s] Mozo 3 levanta los platos y limpia la Mesa 1
  MESAS      Mesa 1: Limpiando [C13,C14,C15] (quedan 0) | Mesa 2: Comiendo [C16,C17,C18]
             Mesa 3: Comiendo [C19,C21,C20] | Mesa 4: Esperando la comida [C23,C22,C25]
  CLIENTES   C16: Comiendo Ñoquis con tuco | C17: Comiendo Pizza | C18: Comiendo Ensalada César
             C19: Comiendo Milanesa con fritas | C20: Comiendo Milanesa con fritas | C21: Comiendo Chivito
             C22: Pidió Milanesa con fritas, espera la comida | C23: Pidió Hamburguesa, espera la comida
             C24: En la sala de espera | C25: Pidió Pizza, espera la comida | C26: En la sala de espera
             C27: Esperando afuera
  MOZOS      Mozo 1: Esperando | Mozo 2: Esperando | Mozo 3: Limpiando la Mesa 1
  COCINA     Platos: vacía
  COCINEROS  Cocinero 1: Cocinando Hamburguesa | Cocinero 2: Cocinando Milanesa con fritas | Cocinero 3: Cocinando Pizza
  CAJAS      Fila: vacía | Cajero 1: Esperando clientes | Cajero 2: Esperando clientes
========================================================================================================================
#00266 [  22.19s] Cliente 27 entra al restaurante (12/12 adentro)
  MESAS      Mesa 1: Limpiando [C13,C14,C15] (quedan 0) | Mesa 2: Comiendo [C16,C17,C18]
             Mesa 3: Comiendo [C19,C21,C20] | Mesa 4: Esperando la comida [C23,C22,C25]
  CLIENTES   C16: Comiendo Ñoquis con tuco | C17: Comiendo Pizza | C18: Comiendo Ensalada César
             C19: Comiendo Milanesa con fritas | C20: Comiendo Milanesa con fritas | C21: Comiendo Chivito
             C22: Pidió Milanesa con fritas, espera la comida | C23: Pidió Hamburguesa, espera la comida
             C24: En la sala de espera | C25: Pidió Pizza, espera la comida | C26: En la sala de espera
             C27: En la sala de espera
  MOZOS      Mozo 1: Esperando | Mozo 2: Esperando | Mozo 3: Limpiando la Mesa 1
  COCINA     Platos: vacía
  COCINEROS  Cocinero 1: Cocinando Hamburguesa | Cocinero 2: Cocinando Milanesa con fritas | Cocinero 3: Cocinando Pizza
  CAJAS      Fila: vacía | Cajero 1: Esperando clientes | Cajero 2: Esperando clientes
========================================================================================================================
#00267 [  22.55s] Cliente 28 llega pero el restaurante está lleno: espera afuera
  MESAS      Mesa 1: Limpiando [C13,C14,C15] (quedan 0) | Mesa 2: Comiendo [C16,C17,C18]
             Mesa 3: Comiendo [C19,C21,C20] | Mesa 4: Esperando la comida [C23,C22,C25]
  CLIENTES   C16: Comiendo Ñoquis con tuco | C17: Comiendo Pizza | C18: Comiendo Ensalada César
             C19: Comiendo Milanesa con fritas | C20: Comiendo Milanesa con fritas | C21: Comiendo Chivito
             C22: Pidió Milanesa con fritas, espera la comida | C23: Pidió Hamburguesa, espera la comida
             C24: En la sala de espera | C25: Pidió Pizza, espera la comida | C26: En la sala de espera
             C27: En la sala de espera | C28: Esperando afuera
  MOZOS      Mozo 1: Esperando | Mozo 2: Esperando | Mozo 3: Limpiando la Mesa 1
  COCINA     Platos: vacía
  COCINEROS  Cocinero 1: Cocinando Hamburguesa | Cocinero 2: Cocinando Milanesa con fritas | Cocinero 3: Cocinando Pizza
  CAJAS      Fila: vacía | Cajero 1: Esperando clientes | Cajero 2: Esperando clientes
========================================================================================================================
#00268 [  22.88s] Se sientan Cliente 26, Cliente 24, Cliente 27 en la Mesa 1
  MESAS      Mesa 1: Eligiendo menú [C26,C24,C27] | Mesa 2: Comiendo [C16,C17,C18] | Mesa 3: Comiendo [C19,C21,C20]
             Mesa 4: Esperando la comida [C23,C22,C25]
  CLIENTES   C16: Comiendo Ñoquis con tuco | C17: Comiendo Pizza | C18: Comiendo Ensalada César
             C19: Comiendo Milanesa con fritas | C20: Comiendo Milanesa con fritas | C21: Comiendo Chivito
             C22: Pidió Milanesa con fritas, espera la comida | C23: Pidió Hamburguesa, espera la comida
             C24: En la sala de espera | C25: Pidió Pizza, espera la comida | C26: En la sala de espera
             C27: En la sala de espera | C28: Esperando afuera
  MOZOS      Mozo 1: Esperando | Mozo 2: Esperando | Mozo 3: Limpiando la Mesa 1
  COCINA     Platos: vacía
  COCINEROS  Cocinero 1: Cocinando Hamburguesa | Cocinero 2: Cocinando Milanesa con fritas | Cocinero 3: Cocinando Pizza
  CAJAS      Fila: vacía | Cajero 1: Esperando clientes | Cajero 2: Esperando clientes
========================================================================================================================
#00269 [  22.88s] Mozo 3 terminó de limpiar: la Mesa 1 queda libre
  MESAS      Mesa 1: Eligiendo menú [C26,C24,C27] | Mesa 2: Comiendo [C16,C17,C18] | Mesa 3: Comiendo [C19,C21,C20]
             Mesa 4: Esperando la comida [C23,C22,C25]
  CLIENTES   C16: Comiendo Ñoquis con tuco | C17: Comiendo Pizza | C18: Comiendo Ensalada César
             C19: Comiendo Milanesa con fritas | C20: Comiendo Milanesa con fritas | C21: Comiendo Chivito
             C22: Pidió Milanesa con fritas, espera la comida | C23: Pidió Hamburguesa, espera la comida
             C24: En la sala de espera | C25: Pidió Pizza, espera la comida | C26: En la sala de espera
             C27: En la sala de espera | C28: Esperando afuera
  MOZOS      Mozo 1: Esperando | Mozo 2: Esperando | Mozo 3: Limpió la Mesa 1
  COCINA     Platos: vacía
  COCINEROS  Cocinero 1: Cocinando Hamburguesa | Cocinero 2: Cocinando Milanesa con fritas | Cocinero 3: Cocinando Pizza
  CAJAS      Fila: vacía | Cajero 1: Esperando clientes | Cajero 2: Esperando clientes
========================================================================================================================
#00270 [  22.88s] Cliente 26 se sienta en la Mesa 1 y mira la carta
  MESAS      Mesa 1: Eligiendo menú [C26,C24,C27] | Mesa 2: Comiendo [C16,C17,C18] | Mesa 3: Comiendo [C19,C21,C20]
             Mesa 4: Esperando la comida [C23,C22,C25]
  CLIENTES   C16: Comiendo Ñoquis con tuco | C17: Comiendo Pizza | C18: Comiendo Ensalada César
             C19: Comiendo Milanesa con fritas | C20: Comiendo Milanesa con fritas | C21: Comiendo Chivito
             C22: Pidió Milanesa con fritas, espera la comida | C23: Pidió Hamburguesa, espera la comida
             C24: En la sala de espera | C25: Pidió Pizza, espera la comida | C26: Eligiendo menú (Mesa 1)
             C27: En la sala de espera | C28: Esperando afuera
  MOZOS      Mozo 1: Esperando | Mozo 2: Esperando | Mozo 3: Limpió la Mesa 1
  COCINA     Platos: vacía
  COCINEROS  Cocinero 1: Cocinando Hamburguesa | Cocinero 2: Cocinando Milanesa con fritas | Cocinero 3: Cocinando Pizza
  CAJAS      Fila: vacía | Cajero 1: Esperando clientes | Cajero 2: Esperando clientes
========================================================================================================================
#00271 [  22.88s] Cliente 24 se sienta en la Mesa 1 y mira la carta
  MESAS      Mesa 1: Eligiendo menú [C26,C24,C27] | Mesa 2: Comiendo [C16,C17,C18] | Mesa 3: Comiendo [C19,C21,C20]
             Mesa 4: Esperando la comida [C23,C22,C25]
  CLIENTES   C16: Comiendo Ñoquis con tuco | C17: Comiendo Pizza | C18: Comiendo Ensalada César
             C19: Comiendo Milanesa con fritas | C20: Comiendo Milanesa con fritas | C21: Comiendo Chivito
             C22: Pidió Milanesa con fritas, espera la comida | C23: Pidió Hamburguesa, espera la comida
             C24: Eligiendo menú (Mesa 1) | C25: Pidió Pizza, espera la comida | C26: Eligiendo menú (Mesa 1)
             C27: En la sala de espera | C28: Esperando afuera
  MOZOS      Mozo 1: Esperando | Mozo 2: Esperando | Mozo 3: Limpió la Mesa 1
  COCINA     Platos: vacía
  COCINEROS  Cocinero 1: Cocinando Hamburguesa | Cocinero 2: Cocinando Milanesa con fritas | Cocinero 3: Cocinando Pizza
  CAJAS      Fila: vacía | Cajero 1: Esperando clientes | Cajero 2: Esperando clientes
========================================================================================================================
#00272 [  22.88s] Cliente 27 se sienta en la Mesa 1 y mira la carta
  MESAS      Mesa 1: Eligiendo menú [C26,C24,C27] | Mesa 2: Comiendo [C16,C17,C18] | Mesa 3: Comiendo [C19,C21,C20]
             Mesa 4: Esperando la comida [C23,C22,C25]
  CLIENTES   C16: Comiendo Ñoquis con tuco | C17: Comiendo Pizza | C18: Comiendo Ensalada César
             C19: Comiendo Milanesa con fritas | C20: Comiendo Milanesa con fritas | C21: Comiendo Chivito
             C22: Pidió Milanesa con fritas, espera la comida | C23: Pidió Hamburguesa, espera la comida
             C24: Eligiendo menú (Mesa 1) | C25: Pidió Pizza, espera la comida | C26: Eligiendo menú (Mesa 1)
             C27: Eligiendo menú (Mesa 1) | C28: Esperando afuera
  MOZOS      Mozo 1: Esperando | Mozo 2: Esperando | Mozo 3: Limpió la Mesa 1
  COCINA     Platos: vacía
  COCINEROS  Cocinero 1: Cocinando Hamburguesa | Cocinero 2: Cocinando Milanesa con fritas | Cocinero 3: Cocinando Pizza
  CAJAS      Fila: vacía | Cajero 1: Esperando clientes | Cajero 2: Esperando clientes
========================================================================================================================
#00273 [  23.29s] Cliente 17 terminó de comer y va a la caja
  MESAS      Mesa 1: Eligiendo menú [C26,C24,C27] | Mesa 2: Comiendo [C16,C17,C18] | Mesa 3: Comiendo [C19,C21,C20]
             Mesa 4: Esperando la comida [C23,C22,C25]
  CLIENTES   C16: Comiendo Ñoquis con tuco | C17: En la fila de la caja | C18: Comiendo Ensalada César
             C19: Comiendo Milanesa con fritas | C20: Comiendo Milanesa con fritas | C21: Comiendo Chivito
             C22: Pidió Milanesa con fritas, espera la comida | C23: Pidió Hamburguesa, espera la comida
             C24: Eligiendo menú (Mesa 1) | C25: Pidió Pizza, espera la comida | C26: Eligiendo menú (Mesa 1)
             C27: Eligiendo menú (Mesa 1) | C28: Esperando afuera
  MOZOS      Mozo 1: Esperando | Mozo 2: Esperando | Mozo 3: Esperando
  COCINA     Platos: vacía
  COCINEROS  Cocinero 1: Cocinando Hamburguesa | Cocinero 2: Cocinando Milanesa con fritas | Cocinero 3: Cocinando Pizza
  CAJAS      Fila: vacía | Cajero 1: Esperando clientes | Cajero 2: Esperando clientes
========================================================================================================================
#00274 [  23.29s] Cajero 1 le cobra Pizza ($480) a Cliente 17
  MESAS      Mesa 1: Eligiendo menú [C26,C24,C27] | Mesa 2: Comiendo [C16,C17,C18] | Mesa 3: Comiendo [C19,C21,C20]
             Mesa 4: Esperando la comida [C23,C22,C25]
  CLIENTES   C16: Comiendo Ñoquis con tuco | C17: En la fila de la caja | C18: Comiendo Ensalada César
             C19: Comiendo Milanesa con fritas | C20: Comiendo Milanesa con fritas | C21: Comiendo Chivito
             C22: Pidió Milanesa con fritas, espera la comida | C23: Pidió Hamburguesa, espera la comida
             C24: Eligiendo menú (Mesa 1) | C25: Pidió Pizza, espera la comida | C26: Eligiendo menú (Mesa 1)
             C27: Eligiendo menú (Mesa 1) | C28: Esperando afuera
  MOZOS      Mozo 1: Esperando | Mozo 2: Esperando | Mozo 3: Esperando
  COCINA     Platos: vacía
  COCINEROS  Cocinero 1: Cocinando Hamburguesa | Cocinero 2: Cocinando Milanesa con fritas | Cocinero 3: Cocinando Pizza
  CAJAS      Fila: vacía | Cajero 1: Cobrando a C17 | Cajero 2: Esperando clientes
========================================================================================================================
#00275 [  23.41s] Cocinero 1 deja listo Hamburguesa (Pedido #8, Mesa 4)
  MESAS      Mesa 1: Eligiendo menú [C26,C24,C27] | Mesa 2: Comiendo [C16,C17,C18] | Mesa 3: Comiendo [C19,C21,C20]
             Mesa 4: Esperando la comida [C23,C22,C25]
  CLIENTES   C16: Comiendo Ñoquis con tuco | C17: En la fila de la caja | C18: Comiendo Ensalada César
             C19: Comiendo Milanesa con fritas | C20: Comiendo Milanesa con fritas | C21: Comiendo Chivito
             C22: Pidió Milanesa con fritas, espera la comida | C23: Pidió Hamburguesa, espera la comida
             C24: Eligiendo menú (Mesa 1) | C25: Pidió Pizza, espera la comida | C26: Eligiendo menú (Mesa 1)
             C27: Eligiendo menú (Mesa 1) | C28: Esperando afuera
  MOZOS      Mozo 1: Esperando | Mozo 2: Esperando | Mozo 3: Esperando
  COCINA     Platos: vacía
  COCINEROS  Cocinero 1: Dejó listo Hamburguesa | Cocinero 2: Cocinando Milanesa con fritas
             Cocinero 3: Cocinando Pizza
  CAJAS      Fila: vacía | Cajero 1: Cobrando a C17 | Cajero 2: Esperando clientes
========================================================================================================================
#00276 [  23.53s] Cliente 29 llega pero el restaurante está lleno: espera afuera
  MESAS      Mesa 1: Eligiendo menú [C26,C24,C27] | Mesa 2: Comiendo [C16,C17,C18] | Mesa 3: Comiendo [C19,C21,C20]
             Mesa 4: Esperando la comida [C23,C22,C25]
  CLIENTES   C16: Comiendo Ñoquis con tuco | C17: En la fila de la caja | C18: Comiendo Ensalada César
             C19: Comiendo Milanesa con fritas | C20: Comiendo Milanesa con fritas | C21: Comiendo Chivito
             C22: Pidió Milanesa con fritas, espera la comida | C23: Pidió Hamburguesa, espera la comida
             C24: Eligiendo menú (Mesa 1) | C25: Pidió Pizza, espera la comida | C26: Eligiendo menú (Mesa 1)
             C27: Eligiendo menú (Mesa 1) | C28: Esperando afuera | C29: Esperando afuera
  MOZOS      Mozo 1: Esperando | Mozo 2: Esperando | Mozo 3: Esperando
  COCINA     Platos: vacía
  COCINEROS  Cocinero 1: Esperando pedidos | Cocinero 2: Cocinando Milanesa con fritas | Cocinero 3: Cocinando Pizza
  CAJAS      Fila: vacía | Cajero 1: Cobrando a C17 | Cajero 2: Esperando clientes
========================================================================================================================
#00277 [  23.76s] Cliente 16 terminó de comer y va a la caja
  MESAS      Mesa 1: Eligiendo menú [C26,C24,C27] | Mesa 2: Comiendo [C16,C17,C18] | Mesa 3: Comiendo [C19,C21,C20]
             Mesa 4: Esperando la comida [C23,C22,C25]
  CLIENTES   C16: En la fila de la caja | C17: En la fila de la caja | C18: Comiendo Ensalada César
             C19: Comiendo Milanesa con fritas | C20: Comiendo Milanesa con fritas | C21: Comiendo Chivito
             C22: Pidió Milanesa con fritas, espera la comida | C23: Pidió Hamburguesa, espera la comida
             C24: Eligiendo menú (Mesa 1) | C25: Pidió Pizza, espera la comida | C26: Eligiendo menú (Mesa 1)
             C27: Eligiendo menú (Mesa 1) | C28: Esperando afuera | C29: Esperando afuera
  MOZOS      Mozo 1: Esperando | Mozo 2: Esperando | Mozo 3: Esperando
  COCINA     Platos: vacía
  COCINEROS  Cocinero 1: Esperando pedidos | Cocinero 2: Cocinando Milanesa con fritas | Cocinero 3: Cocinando Pizza
  CAJAS      Fila: vacía | Cajero 1: Cobrando a C17 | Cajero 2: Esperando clientes
========================================================================================================================
#00278 [  23.76s] Cajero 2 le cobra Ñoquis con tuco ($420) a Cliente 16
  MESAS      Mesa 1: Eligiendo menú [C26,C24,C27] | Mesa 2: Comiendo [C16,C17,C18] | Mesa 3: Comiendo [C19,C21,C20]
             Mesa 4: Esperando la comida [C23,C22,C25]
  CLIENTES   C16: En la fila de la caja | C17: En la fila de la caja | C18: Comiendo Ensalada César
             C19: Comiendo Milanesa con fritas | C20: Comiendo Milanesa con fritas | C21: Comiendo Chivito
             C22: Pidió Milanesa con fritas, espera la comida | C23: Pidió Hamburguesa, espera la comida
             C24: Eligiendo menú (Mesa 1) | C25: Pidió Pizza, espera la comida | C26: Eligiendo menú (Mesa 1)
             C27: Eligiendo menú (Mesa 1) | C28: Esperando afuera | C29: Esperando afuera
  MOZOS      Mozo 1: Esperando | Mozo 2: Esperando | Mozo 3: Esperando
  COCINA     Platos: vacía
  COCINEROS  Cocinero 1: Esperando pedidos | Cocinero 2: Cocinando Milanesa con fritas | Cocinero 3: Cocinando Pizza
  CAJAS      Fila: vacía | Cajero 1: Cobrando a C17 | Cajero 2: Cobrando a C16
========================================================================================================================
#00279 [  23.76s] Cliente 17 pagó y se va del restaurante
  MESAS      Mesa 1: Eligiendo menú [C26,C24,C27] | Mesa 2: Comiendo [C16,C17,C18] (quedan 2)
             Mesa 3: Comiendo [C19,C21,C20] | Mesa 4: Esperando la comida [C23,C22,C25]
  CLIENTES   C16: En la fila de la caja | C18: Comiendo Ensalada César | C19: Comiendo Milanesa con fritas
             C20: Comiendo Milanesa con fritas | C21: Comiendo Chivito
             C22: Pidió Milanesa con fritas, espera la comida | C23: Pidió Hamburguesa, espera la comida
             C24: Eligiendo menú (Mesa 1) | C25: Pidió Pizza, espera la comida | C26: Eligiendo menú (Mesa 1)
             C27: Eligiendo menú (Mesa 1) | C28: Esperando afuera | C29: Esperando afuera
  MOZOS      Mozo 1: Esperando | Mozo 2: Esperando | Mozo 3: Esperando
  COCINA     Platos: vacía
  COCINEROS  Cocinero 1: Esperando pedidos | Cocinero 2: Cocinando Milanesa con fritas | Cocinero 3: Cocinando Pizza
  CAJAS      Fila: vacía | Cajero 1: Esperando clientes | Cajero 2: Cobrando a C16
========================================================================================================================
#00280 [  23.76s] Cliente 29 entra al restaurante (12/12 adentro)
  MESAS      Mesa 1: Eligiendo menú [C26,C24,C27] | Mesa 2: Comiendo [C16,C17,C18] (quedan 2)
             Mesa 3: Comiendo [C19,C21,C20] | Mesa 4: Esperando la comida [C23,C22,C25]
  CLIENTES   C16: En la fila de la caja | C18: Comiendo Ensalada César | C19: Comiendo Milanesa con fritas
             C20: Comiendo Milanesa con fritas | C21: Comiendo Chivito
             C22: Pidió Milanesa con fritas, espera la comida | C23: Pidió Hamburguesa, espera la comida
             C24: Eligiendo menú (Mesa 1) | C25: Pidió Pizza, espera la comida | C26: Eligiendo menú (Mesa 1)
             C27: Eligiendo menú (Mesa 1) | C28: Esperando afuera | C29: En la sala de espera
  MOZOS      Mozo 1: Esperando | Mozo 2: Esperando | Mozo 3: Esperando
  COCINA     Platos: vacía
  COCINEROS  Cocinero 1: Esperando pedidos | Cocinero 2: Cocinando Milanesa con fritas | Cocinero 3: Cocinando Pizza
  CAJAS      Fila: vacía | Cajero 1: Esperando clientes | Cajero 2: Cobrando a C16
========================================================================================================================
#00281 [  23.79s] Cocinero 2 deja listo Milanesa con fritas (Pedido #8, Mesa 4)
  MESAS      Mesa 1: Eligiendo menú [C26,C24,C27] | Mesa 2: Comiendo [C16,C17,C18] (quedan 2)
             Mesa 3: Comiendo [C19,C21,C20] | Mesa 4: Esperando la comida [C23,C22,C25]
  CLIENTES   C16: En la fila de la caja | C18: Comiendo Ensalada César | C19: Comiendo Milanesa con fritas
             C20: Comiendo Milanesa con fritas | C21: Comiendo Chivito
             C22: Pidió Milanesa con fritas, espera la comida | C23: Pidió Hamburguesa, espera la comida
             C24: Eligiendo menú (Mesa 1) | C25: Pidió Pizza, espera la comida | C26: Eligiendo menú (Mesa 1)
             C27: Eligiendo menú (Mesa 1) | C28: Esperando afuera | C29: En la sala de espera
  MOZOS      Mozo 1: Esperando | Mozo 2: Esperando | Mozo 3: Esperando
  COCINA     Platos: vacía
  COCINEROS  Cocinero 1: Esperando pedidos | Cocinero 2: Dejó listo Milanesa con fritas | Cocinero 3: Cocinando Pizza
  CAJAS      Fila: vacía | Cajero 1: Esperando clientes | Cajero 2: Cobrando a C16
========================================================================================================================
#00282 [  23.80s] Cliente 21 terminó de comer y va a la caja
  MESAS      Mesa 1: Eligiendo menú [C26,C24,C27] | Mesa 2: Comiendo [C16,C17,C18] (quedan 2)
             Mesa 3: Comiendo [C19,C21,C20] | Mesa 4: Esperando la comida [C23,C22,C25]
  CLIENTES   C16: En la fila de la caja | C18: Comiendo Ensalada César | C19: Comiendo Milanesa con fritas
             C20: Comiendo Milanesa con fritas | C21: En la fila de la caja
             C22: Pidió Milanesa con fritas, espera la comida | C23: Pidió Hamburguesa, espera la comida
             C24: Eligiendo menú (Mesa 1) | C25: Pidió Pizza, espera la comida | C26: Eligiendo menú (Mesa 1)
             C27: Eligiendo menú (Mesa 1) | C28: Esperando afuera | C29: En la sala de espera
  MOZOS      Mozo 1: Esperando | Mozo 2: Esperando | Mozo 3: Esperando
  COCINA     Platos: vacía
  COCINEROS  Cocinero 1: Esperando pedidos | Cocinero 2: Esperando pedidos | Cocinero 3: Cocinando Pizza
  CAJAS      Fila: vacía | Cajero 1: Esperando clientes | Cajero 2: Cobrando a C16
========================================================================================================================
#00283 [  23.80s] Cajero 1 le cobra Chivito ($650) a Cliente 21
  MESAS      Mesa 1: Eligiendo menú [C26,C24,C27] | Mesa 2: Comiendo [C16,C17,C18] (quedan 2)
             Mesa 3: Comiendo [C19,C21,C20] | Mesa 4: Esperando la comida [C23,C22,C25]
  CLIENTES   C16: En la fila de la caja | C18: Comiendo Ensalada César | C19: Comiendo Milanesa con fritas
             C20: Comiendo Milanesa con fritas | C21: En la fila de la caja
             C22: Pidió Milanesa con fritas, espera la comida | C23: Pidió Hamburguesa, espera la comida
             C24: Eligiendo menú (Mesa 1) | C25: Pidió Pizza, espera la comida | C26: Eligiendo menú (Mesa 1)
             C27: Eligiendo menú (Mesa 1) | C28: Esperando afuera | C29: En la sala de espera
  MOZOS      Mozo 1: Esperando | Mozo 2: Esperando | Mozo 3: Esperando
  COCINA     Platos: vacía
  COCINEROS  Cocinero 1: Esperando pedidos | Cocinero 2: Esperando pedidos | Cocinero 3: Cocinando Pizza
  CAJAS      Fila: vacía | Cajero 1: Cobrando a C21 | Cajero 2: Cobrando a C16
========================================================================================================================
#00284 [  23.83s] Cliente 26 elige Ensalada César
  MESAS      Mesa 1: Eligiendo menú [C26,C24,C27] | Mesa 2: Comiendo [C16,C17,C18] (quedan 2)
             Mesa 3: Comiendo [C19,C21,C20] | Mesa 4: Esperando la comida [C23,C22,C25]
  CLIENTES   C16: En la fila de la caja | C18: Comiendo Ensalada César | C19: Comiendo Milanesa con fritas
             C20: Comiendo Milanesa con fritas | C21: En la fila de la caja
             C22: Pidió Milanesa con fritas, espera la comida | C23: Pidió Hamburguesa, espera la comida
             C24: Eligiendo menú (Mesa 1) | C25: Pidió Pizza, espera la comida
             C26: Eligió Ensalada César, espera a su mesa | C27: Eligiendo menú (Mesa 1) | C28: Esperando afuera
             C29: En la sala de espera
  MOZOS      Mozo 1: Esperando | Mozo 2: Esperando | Mozo 3: Esperando
  COCINA     Platos: vacía
  COCINEROS  Cocinero 1: Esperando pedidos | Cocinero 2: Esperando pedidos | Cocinero 3: Cocinando Pizza
  CAJAS      Fila: vacía | Cajero 1: Cobrando a C21 | Cajero 2: Cobrando a C16
========================================================================================================================
#00285 [  23.95s] Cliente 30 llega pero el restaurante está lleno: espera afuera
  MESAS      Mesa 1: Eligiendo menú [C26,C24,C27] | Mesa 2: Comiendo [C16,C17,C18] (quedan 2)
             Mesa 3: Comiendo [C19,C21,C20] | Mesa 4: Esperando la comida [C23,C22,C25]
  CLIENTES   C16: En la fila de la caja | C18: Comiendo Ensalada César | C19: Comiendo Milanesa con fritas
             C20: Comiendo Milanesa con fritas | C21: En la fila de la caja
             C22: Pidió Milanesa con fritas, espera la comida | C23: Pidió Hamburguesa, espera la comida
             C24: Eligiendo menú (Mesa 1) | C25: Pidió Pizza, espera la comida
             C26: Eligió Ensalada César, espera a su mesa | C27: Eligiendo menú (Mesa 1) | C28: Esperando afuera
             C29: En la sala de espera | C30: Esperando afuera
  MOZOS      Mozo 1: Esperando | Mozo 2: Esperando | Mozo 3: Esperando
  COCINA     Platos: vacía
  COCINEROS  Cocinero 1: Esperando pedidos | Cocinero 2: Esperando pedidos | Cocinero 3: Cocinando Pizza
  CAJAS      Fila: vacía | Cajero 1: Cobrando a C21 | Cajero 2: Cobrando a C16
========================================================================================================================
#00286 [  24.06s] Cliente 18 terminó de comer y va a la caja
  MESAS      Mesa 1: Eligiendo menú [C26,C24,C27] | Mesa 2: Comiendo [C16,C17,C18] (quedan 2)
             Mesa 3: Comiendo [C19,C21,C20] | Mesa 4: Esperando la comida [C23,C22,C25]
  CLIENTES   C16: En la fila de la caja | C18: En la fila de la caja | C19: Comiendo Milanesa con fritas
             C20: Comiendo Milanesa con fritas | C21: En la fila de la caja
             C22: Pidió Milanesa con fritas, espera la comida | C23: Pidió Hamburguesa, espera la comida
             C24: Eligiendo menú (Mesa 1) | C25: Pidió Pizza, espera la comida
             C26: Eligió Ensalada César, espera a su mesa | C27: Eligiendo menú (Mesa 1) | C28: Esperando afuera
             C29: En la sala de espera | C30: Esperando afuera
  MOZOS      Mozo 1: Esperando | Mozo 2: Esperando | Mozo 3: Esperando
  COCINA     Platos: vacía
  COCINEROS  Cocinero 1: Esperando pedidos | Cocinero 2: Esperando pedidos | Cocinero 3: Cocinando Pizza
  CAJAS      Fila: vacía | Cajero 1: Cobrando a C21 | Cajero 2: Cobrando a C16
========================================================================================================================
#00287 [  24.06s] Cliente 27 elige Ñoquis con tuco
  MESAS      Mesa 1: Eligiendo menú [C26,C24,C27] | Mesa 2: Comiendo [C16,C17,C18] (quedan 2)
             Mesa 3: Comiendo [C19,C21,C20] | Mesa 4: Esperando la comida [C23,C22,C25]
  CLIENTES   C16: En la fila de la caja | C18: En la fila de la caja | C19: Comiendo Milanesa con fritas
             C20: Comiendo Milanesa con fritas | C21: En la fila de la caja
             C22: Pidió Milanesa con fritas, espera la comida | C23: Pidió Hamburguesa, espera la comida
             C24: Eligiendo menú (Mesa 1) | C25: Pidió Pizza, espera la comida
             C26: Eligió Ensalada César, espera a su mesa | C27: Eligió Ñoquis con tuco, espera a su mesa
             C28: Esperando afuera | C29: En la sala de espera | C30: Esperando afuera
  MOZOS      Mozo 1: Esperando | Mozo 2: Esperando | Mozo 3: Esperando
  COCINA     Platos: vacía
  COCINEROS  Cocinero 1: Esperando pedidos | Cocinero 2: Esperando pedidos | Cocinero 3: Cocinando Pizza
  CAJAS      Fila: vacía | Cajero 1: Cobrando a C21 | Cajero 2: Cobrando a C16
========================================================================================================================
#00288 [  24.08s] Cliente 16 pagó y se va del restaurante
  MESAS      Mesa 1: Eligiendo menú [C26,C24,C27] | Mesa 2: Comiendo [C16,C17,C18] (quedan 1)
             Mesa 3: Comiendo [C19,C21,C20] | Mesa 4: Esperando la comida [C23,C22,C25]
  CLIENTES   C18: En la fila de la caja | C19: Comiendo Milanesa con fritas | C20: Comiendo Milanesa con fritas
             C21: En la fila de la caja | C22: Pidió Milanesa con fritas, espera la comida
             C23: Pidió Hamburguesa, espera la comida | C24: Eligiendo menú (Mesa 1)
             C25: Pidió Pizza, espera la comida | C26: Eligió Ensalada César, espera a su mesa
             C27: Eligió Ñoquis con tuco, espera a su mesa | C28: Esperando afuera | C29: En la sala de espera
             C30: Esperando afuera
  MOZOS      Mozo 1: Esperando | Mozo 2: Esperando | Mozo 3: Esperando
  COCINA     Platos: vacía
  COCINEROS  Cocinero 1: Esperando pedidos | Cocinero 2: Esperando pedidos | Cocinero 3: Cocinando Pizza
  CAJAS      Fila: vacía | Cajero 1: Cobrando a C21 | Cajero 2: Esperando clientes
========================================================================================================================
#00289 [  24.08s] Cajero 2 le cobra Ensalada César ($350) a Cliente 18
  MESAS      Mesa 1: Eligiendo menú [C26,C24,C27] | Mesa 2: Comiendo [C16,C17,C18] (quedan 1)
             Mesa 3: Comiendo [C19,C21,C20] | Mesa 4: Esperando la comida [C23,C22,C25]
  CLIENTES   C18: En la fila de la caja | C19: Comiendo Milanesa con fritas | C20: Comiendo Milanesa con fritas
             C21: En la fila de la caja | C22: Pidió Milanesa con fritas, espera la comida
             C23: Pidió Hamburguesa, espera la comida | C24: Eligiendo menú (Mesa 1)
             C25: Pidió Pizza, espera la comida | C26: Eligió Ensalada César, espera a su mesa
             C27: Eligió Ñoquis con tuco, espera a su mesa | C28: Esperando afuera | C29: En la sala de espera
             C30: Esperando afuera
  MOZOS      Mozo 1: Esperando | Mozo 2: Esperando | Mozo 3: Esperando
  COCINA     Platos: vacía
  COCINEROS  Cocinero 1: Esperando pedidos | Cocinero 2: Esperando pedidos | Cocinero 3: Cocinando Pizza
  CAJAS      Fila: vacía | Cajero 1: Cobrando a C21 | Cajero 2: Cobrando a C18
========================================================================================================================
#00290 [  24.08s] Cliente 30 entra al restaurante (12/12 adentro)
  MESAS      Mesa 1: Eligiendo menú [C26,C24,C27] | Mesa 2: Comiendo [C16,C17,C18] (quedan 1)
             Mesa 3: Comiendo [C19,C21,C20] | Mesa 4: Esperando la comida [C23,C22,C25]
  CLIENTES   C18: En la fila de la caja | C19: Comiendo Milanesa con fritas | C20: Comiendo Milanesa con fritas
             C21: En la fila de la caja | C22: Pidió Milanesa con fritas, espera la comida
             C23: Pidió Hamburguesa, espera la comida | C24: Eligiendo menú (Mesa 1)
             C25: Pidió Pizza, espera la comida | C26: Eligió Ensalada César, espera a su mesa
             C27: Eligió Ñoquis con tuco, espera a su mesa | C28: Esperando afuera | C29: En la sala de espera
             C30: En la sala de espera
  MOZOS      Mozo 1: Esperando | Mozo 2: Esperando | Mozo 3: Esperando
  COCINA     Platos: vacía
  COCINEROS  Cocinero 1: Esperando pedidos | Cocinero 2: Esperando pedidos | Cocinero 3: Cocinando Pizza
  CAJAS      Fila: vacía | Cajero 1: Cobrando a C21 | Cajero 2: Cobrando a C18
========================================================================================================================
#00291 [  24.18s] Cliente 24 elige Milanesa con fritas
  MESAS      Mesa 1: Eligiendo menú [C26,C24,C27] | Mesa 2: Comiendo [C16,C17,C18] (quedan 1)
             Mesa 3: Comiendo [C19,C21,C20] | Mesa 4: Esperando la comida [C23,C22,C25]
  CLIENTES   C18: En la fila de la caja | C19: Comiendo Milanesa con fritas | C20: Comiendo Milanesa con fritas
             C21: En la fila de la caja | C22: Pidió Milanesa con fritas, espera la comida
             C23: Pidió Hamburguesa, espera la comida | C24: Eligió Milanesa con fritas, espera a su mesa
             C25: Pidió Pizza, espera la comida | C26: Eligió Ensalada César, espera a su mesa
             C27: Eligió Ñoquis con tuco, espera a su mesa | C28: Esperando afuera | C29: En la sala de espera
             C30: En la sala de espera
  MOZOS      Mozo 1: Esperando | Mozo 2: Esperando | Mozo 3: Esperando
  COCINA     Platos: vacía
  COCINEROS  Cocinero 1: Esperando pedidos | Cocinero 2: Esperando pedidos | Cocinero 3: Cocinando Pizza
  CAJAS      Fila: vacía | Cajero 1: Cobrando a C21 | Cajero 2: Cobrando a C18
========================================================================================================================
#00292 [  24.18s] Todos en la Mesa 1 eligieron: llaman a un mozo
  MESAS      Mesa 1: Llamando al mozo [C26,C24,C27] | Mesa 2: Comiendo [C16,C17,C18] (quedan 1)
             Mesa 3: Comiendo [C19,C21,C20] | Mesa 4: Esperando la comida [C23,C22,C25]
  CLIENTES   C18: En la fila de la caja | C19: Comiendo Milanesa con fritas | C20: Comiendo Milanesa con fritas
             C21: En la fila de la caja | C22: Pidió Milanesa con fritas, espera la comida
             C23: Pidió Hamburguesa, espera la comida | C24: Eligió Milanesa con fritas, espera a su mesa
             C25: Pidió Pizza, espera la comida | C26: Eligió Ensalada César, espera a su mesa
             C27: Eligió Ñoquis con tuco, espera a su mesa | C28: Esperando afuera | C29: En la sala de espera
             C30: En la sala de espera
  MOZOS      Mozo 1: Esperando | Mozo 2: Esperando | Mozo 3: Esperando
  COCINA     Platos: vacía
  COCINEROS  Cocinero 1: Esperando pedidos | Cocinero 2: Esperando pedidos | Cocinero 3: Cocinando Pizza
  CAJAS      Fila: vacía | Cajero 1: Cobrando a C21 | Cajero 2: Cobrando a C18
========================================================================================================================
#00293 [  24.18s] Mozo 1 va a la Mesa 1 a tomar el pedido
  MESAS      Mesa 1: Haciendo el pedido [C26,C24,C27] | Mesa 2: Comiendo [C16,C17,C18] (quedan 1)
             Mesa 3: Comiendo [C19,C21,C20] | Mesa 4: Esperando la comida [C23,C22,C25]
  CLIENTES   C18: En la fila de la caja | C19: Comiendo Milanesa con fritas | C20: Comiendo Milanesa con fritas
             C21: En la fila de la caja | C22: Pidió Milanesa con fritas, espera la comida
             C23: Pidió Hamburguesa, espera la comida | C24: Esperando al mozo (Milanesa con fritas)
             C25: Pidió Pizza, espera la comida | C26: Esperando al mozo (Ensalada César)
             C27: Esperando al mozo (Ñoquis con tuco) | C28: Esperando afuera | C29: En la sala de espera
             C30: En la sala de espera
  MOZOS      Mozo 1: Tomando pedido de la Mesa 1 | Mozo 2: Esperando | Mozo 3: Esperando
  COCINA     Platos: vacía
  COCINEROS  Cocinero 1: Esperando pedidos | Cocinero 2: Esperando pedidos | Cocinero 3: Cocinando Pizza
  CAJAS      Fila: vacía | Cajero 1: Cobrando a C21 | Cajero 2: Cobrando a C18
========================================================================================================================
#00294 [  24.20s] Cliente 21 pagó y se va del restaurante
  MESAS      Mesa 1: Haciendo el pedido [C26,C24,C27] | Mesa 2: Comiendo [C16,C17,C18] (quedan 1)
             Mesa 3: Comiendo [C19,C21,C20] (quedan 2) | Mesa 4: Esperando la comida [C23,C22,C25]
  CLIENTES   C18: En la fila de la caja | C19: Comiendo Milanesa con fritas | C20: Comiendo Milanesa con fritas
             C22: Pidió Milanesa con fritas, espera la comida | C23: Pidió Hamburguesa, espera la comida
             C24: Pidió Milanesa con fritas, espera la comida | C25: Pidió Pizza, espera la comida
             C26: Pidió Ensalada César, espera la comida | C27: Pidió Ñoquis con tuco, espera la comida
             C28: Esperando afuera | C29: En la sala de espera | C30: En la sala de espera
  MOZOS      Mozo 1: Tomando pedido de la Mesa 1 | Mozo 2: Esperando | Mozo 3: Esperando
  COCINA     Platos: vacía
  COCINEROS  Cocinero 1: Esperando pedidos | Cocinero 2: Esperando pedidos | Cocinero 3: Cocinando Pizza
  CAJAS      Fila: vacía | Cajero 1: Esperando clientes | Cajero 2: Cobrando a C18
========================================================================================================================
#00295 [  24.20s] Cliente 28 entra al restaurante (12/12 adentro)
  MESAS      Mesa 1: Haciendo el pedido [C26,C24,C27] | Mesa 2: Comiendo [C16,C17,C18] (quedan 1)
             Mesa 3: Comiendo [C19,C21,C20] (quedan 2) | Mesa 4: Esperando la comida [C23,C22,C25]
  CLIENTES   C18: En la fila de la caja | C19: Comiendo Milanesa con fritas | C20: Comiendo Milanesa con fritas
             C22: Pidió Milanesa con fritas, espera la comida | C23: Pidió Hamburguesa, espera la comida
             C24: Pidió Milanesa con fritas, espera la comida | C25: Pidió Pizza, espera la comida
             C26: Pidió Ensalada César, espera la comida | C27: Pidió Ñoquis con tuco, espera la comida
             C28: En la sala de espera | C29: En la sala de espera | C30: En la sala de espera
  MOZOS      Mozo 1: Tomando pedido de la Mesa 1 | Mozo 2: Esperando | Mozo 3: Esperando
  COCINA     Platos: vacía
  COCINEROS  Cocinero 1: Esperando pedidos | Cocinero 2: Esperando pedidos | Cocinero 3: Cocinando Pizza
  CAJAS      Fila: vacía | Cajero 1: Esperando clientes | Cajero 2: Cobrando a C18
========================================================================================================================
#00296 [  24.25s] Cliente 20 terminó de comer y va a la caja
  MESAS      Mesa 1: Haciendo el pedido [C26,C24,C27] | Mesa 2: Comiendo [C16,C17,C18] (quedan 1)
             Mesa 3: Comiendo [C19,C21,C20] (quedan 2) | Mesa 4: Esperando la comida [C23,C22,C25]
  CLIENTES   C18: En la fila de la caja | C19: Comiendo Milanesa con fritas | C20: En la fila de la caja
             C22: Pidió Milanesa con fritas, espera la comida | C23: Pidió Hamburguesa, espera la comida
             C24: Pidió Milanesa con fritas, espera la comida | C25: Pidió Pizza, espera la comida
             C26: Pidió Ensalada César, espera la comida | C27: Pidió Ñoquis con tuco, espera la comida
             C28: En la sala de espera | C29: En la sala de espera | C30: En la sala de espera
  MOZOS      Mozo 1: Tomando pedido de la Mesa 1 | Mozo 2: Esperando | Mozo 3: Esperando
  COCINA     Platos: vacía
  COCINEROS  Cocinero 1: Esperando pedidos | Cocinero 2: Esperando pedidos | Cocinero 3: Cocinando Pizza
  CAJAS      Fila: vacía | Cajero 1: Esperando clientes | Cajero 2: Cobrando a C18
========================================================================================================================
#00297 [  24.26s] Cajero 1 le cobra Milanesa con fritas ($520) a Cliente 20
  MESAS      Mesa 1: Haciendo el pedido [C26,C24,C27] | Mesa 2: Comiendo [C16,C17,C18] (quedan 1)
             Mesa 3: Comiendo [C19,C21,C20] (quedan 2) | Mesa 4: Esperando la comida [C23,C22,C25]
  CLIENTES   C18: En la fila de la caja | C19: Comiendo Milanesa con fritas | C20: En la fila de la caja
             C22: Pidió Milanesa con fritas, espera la comida | C23: Pidió Hamburguesa, espera la comida
             C24: Pidió Milanesa con fritas, espera la comida | C25: Pidió Pizza, espera la comida
             C26: Pidió Ensalada César, espera la comida | C27: Pidió Ñoquis con tuco, espera la comida
             C28: En la sala de espera | C29: En la sala de espera | C30: En la sala de espera
  MOZOS      Mozo 1: Tomando pedido de la Mesa 1 | Mozo 2: Esperando | Mozo 3: Esperando
  COCINA     Platos: vacía
  COCINEROS  Cocinero 1: Esperando pedidos | Cocinero 2: Esperando pedidos | Cocinero 3: Cocinando Pizza
  CAJAS      Fila: vacía | Cajero 1: Cobrando a C20 | Cajero 2: Cobrando a C18
========================================================================================================================
#00298 [  24.45s] Cliente 31 llega pero el restaurante está lleno: espera afuera
  MESAS      Mesa 1: Haciendo el pedido [C26,C24,C27] | Mesa 2: Comiendo [C16,C17,C18] (quedan 1)
             Mesa 3: Comiendo [C19,C21,C20] (quedan 2) | Mesa 4: Esperando la comida [C23,C22,C25]
  CLIENTES   C18: En la fila de la caja | C19: Comiendo Milanesa con fritas | C20: En la fila de la caja
             C22: Pidió Milanesa con fritas, espera la comida | C23: Pidió Hamburguesa, espera la comida
             C24: Pidió Milanesa con fritas, espera la comida | C25: Pidió Pizza, espera la comida
             C26: Pidió Ensalada César, espera la comida | C27: Pidió Ñoquis con tuco, espera la comida
             C28: En la sala de espera | C29: En la sala de espera | C30: En la sala de espera | C31: Esperando afuera
  MOZOS      Mozo 1: Tomando pedido de la Mesa 1 | Mozo 2: Esperando | Mozo 3: Esperando
  COCINA     Platos: vacía
  COCINEROS  Cocinero 1: Esperando pedidos | Cocinero 2: Esperando pedidos | Cocinero 3: Cocinando Pizza
  CAJAS      Fila: vacía | Cajero 1: Cobrando a C20 | Cajero 2: Cobrando a C18
========================================================================================================================
#00299 [  24.52s] Cocinero 3 deja listo Pizza (Pedido #8, Mesa 4)
  MESAS      Mesa 1: Haciendo el pedido [C26,C24,C27] | Mesa 2: Comiendo [C16,C17,C18] (quedan 1)
             Mesa 3: Comiendo [C19,C21,C20] (quedan 2) | Mesa 4: Esperando la comida [C23,C22,C25]
  CLIENTES   C18: En la fila de la caja | C19: Comiendo Milanesa con fritas | C20: En la fila de la caja
             C22: Pidió Milanesa con fritas, espera la comida | C23: Pidió Hamburguesa, espera la comida
             C24: Pidió Milanesa con fritas, espera la comida | C25: Pidió Pizza, espera la comida
             C26: Pidió Ensalada César, espera la comida | C27: Pidió Ñoquis con tuco, espera la comida
             C28: En la sala de espera | C29: En la sala de espera | C30: En la sala de espera | C31: Esperando afuera
  MOZOS      Mozo 1: Tomando pedido de la Mesa 1 | Mozo 2: Esperando | Mozo 3: Esperando
  COCINA     Platos: vacía
  COCINEROS  Cocinero 1: Esperando pedidos | Cocinero 2: Esperando pedidos | Cocinero 3: Dejó listo Pizza
  CAJAS      Fila: vacía | Cajero 1: Cobrando a C20 | Cajero 2: Cobrando a C18
========================================================================================================================
#00300 [  24.52s] La cocina avisa a los mozos: Pedido #8 de la Mesa 4 está completo
  MESAS      Mesa 1: Haciendo el pedido [C26,C24,C27] | Mesa 2: Comiendo [C16,C17,C18] (quedan 1)
             Mesa 3: Comiendo [C19,C21,C20] (quedan 2) | Mesa 4: Platos listos en cocina [C23,C22,C25]
  CLIENTES   C18: En la fila de la caja | C19: Comiendo Milanesa con fritas | C20: En la fila de la caja
             C22: Pidió Milanesa con fritas, espera la comida | C23: Pidió Hamburguesa, espera la comida
             C24: Pidió Milanesa con fritas, espera la comida | C25: Pidió Pizza, espera la comida
             C26: Pidió Ensalada César, espera la comida | C27: Pidió Ñoquis con tuco, espera la comida
             C28: En la sala de espera | C29: En la sala de espera | C30: En la sala de espera | C31: Esperando afuera
  MOZOS      Mozo 1: Tomando pedido de la Mesa 1 | Mozo 2: Esperando | Mozo 3: Esperando
  COCINA     Platos: vacía
  COCINEROS  Cocinero 1: Esperando pedidos | Cocinero 2: Esperando pedidos | Cocinero 3: Dejó listo Pizza
  CAJAS      Fila: vacía | Cajero 1: Cobrando a C20 | Cajero 2: Cobrando a C18
========================================================================================================================
#00301 [  24.52s] Mozo 3 retira de la cocina los platos de la Mesa 4
  MESAS      Mesa 1: Haciendo el pedido [C26,C24,C27] | Mesa 2: Comiendo [C16,C17,C18] (quedan 1)
             Mesa 3: Comiendo [C19,C21,C20] (quedan 2) | Mesa 4: Platos listos en cocina [C23,C22,C25]
  CLIENTES   C18: En la fila de la caja | C19: Comiendo Milanesa con fritas | C20: En la fila de la caja
             C22: Pidió Milanesa con fritas, espera la comida | C23: Pidió Hamburguesa, espera la comida
             C24: Pidió Milanesa con fritas, espera la comida | C25: Pidió Pizza, espera la comida
             C26: Pidió Ensalada César, espera la comida | C27: Pidió Ñoquis con tuco, espera la comida
             C28: En la sala de espera | C29: En la sala de espera | C30: En la sala de espera | C31: Esperando afuera
  MOZOS      Mozo 1: Tomando pedido de la Mesa 1 | Mozo 2: Esperando | Mozo 3: Llevando platos a la Mesa 4
  COCINA     Platos: vacía
  COCINEROS  Cocinero 1: Esperando pedidos | Cocinero 2: Esperando pedidos | Cocinero 3: Esperando pedidos
  CAJAS      Fila: vacía | Cajero 1: Cobrando a C20 | Cajero 2: Cobrando a C18
========================================================================================================================
#00302 [  24.68s] Cliente 20 pagó y se va del restaurante
  MESAS      Mesa 1: Haciendo el pedido [C26,C24,C27] | Mesa 2: Comiendo [C16,C17,C18] (quedan 1)
             Mesa 3: Comiendo [C19,C21,C20] (quedan 1) | Mesa 4: Platos listos en cocina [C23,C22,C25]
  CLIENTES   C18: En la fila de la caja | C19: Comiendo Milanesa con fritas
             C22: Pidió Milanesa con fritas, espera la comida | C23: Pidió Hamburguesa, espera la comida
             C24: Pidió Milanesa con fritas, espera la comida | C25: Pidió Pizza, espera la comida
             C26: Pidió Ensalada César, espera la comida | C27: Pidió Ñoquis con tuco, espera la comida
             C28: En la sala de espera | C29: En la sala de espera | C30: En la sala de espera | C31: Esperando afuera
  MOZOS      Mozo 1: Tomando pedido de la Mesa 1 | Mozo 2: Esperando | Mozo 3: Llevando platos a la Mesa 4
  COCINA     Platos: vacía
  COCINEROS  Cocinero 1: Esperando pedidos | Cocinero 2: Esperando pedidos | Cocinero 3: Esperando pedidos
  CAJAS      Fila: vacía | Cajero 1: Esperando clientes | Cajero 2: Cobrando a C18
========================================================================================================================
#00303 [  24.68s] Cliente 31 entra al restaurante (12/12 adentro)
  MESAS      Mesa 1: Haciendo el pedido [C26,C24,C27] | Mesa 2: Comiendo [C16,C17,C18] (quedan 1)
             Mesa 3: Comiendo [C19,C21,C20] (quedan 1) | Mesa 4: Platos listos en cocina [C23,C22,C25]
  CLIENTES   C18: En la fila de la caja | C19: Comiendo Milanesa con fritas
             C22: Pidió Milanesa con fritas, espera la comida | C23: Pidió Hamburguesa, espera la comida
             C24: Pidió Milanesa con fritas, espera la comida | C25: Pidió Pizza, espera la comida
             C26: Pidió Ensalada César, espera la comida | C27: Pidió Ñoquis con tuco, espera la comida
             C28: En la sala de espera | C29: En la sala de espera | C30: En la sala de espera
             C31: En la sala de espera
  MOZOS      Mozo 1: Tomando pedido de la Mesa 1 | Mozo 2: Esperando | Mozo 3: Llevando platos a la Mesa 4
  COCINA     Platos: vacía
  COCINEROS  Cocinero 1: Esperando pedidos | Cocinero 2: Esperando pedidos | Cocinero 3: Esperando pedidos
  CAJAS      Fila: vacía | Cajero 1: Esperando clientes | Cajero 2: Cobrando a C18
========================================================================================================================
#00304 [  24.73s] Mozo 1 pasa a la cocina el Pedido #9 de la Mesa 1 -> C26: Ensalada César, C24: Milanesa con fritas, C27: Ñoquis con tuco
  MESAS      Mesa 1: Esperando la comida [C26,C24,C27] | Mesa 2: Comiendo [C16,C17,C18] (quedan 1)
             Mesa 3: Comiendo [C19,C21,C20] (quedan 1) | Mesa 4: Platos listos en cocina [C23,C22,C25]
  CLIENTES   C18: En la fila de la caja | C19: Comiendo Milanesa con fritas
             C22: Pidió Milanesa con fritas, espera la comida | C23: Pidió Hamburguesa, espera la comida
             C24: Pidió Milanesa con fritas, espera la comida | C25: Pidió Pizza, espera la comida
             C26: Pidió Ensalada César, espera la comida | C27: Pidió Ñoquis con tuco, espera la comida
             C28: En la sala de espera | C29: En la sala de espera | C30: En la sala de espera
             C31: En la sala de espera
  MOZOS      Mozo 1: Dejó el Pedido #9 en cocina | Mozo 2: Esperando | Mozo 3: Llevando platos a la Mesa 4
  COCINA     Platos: vacía
  COCINEROS  Cocinero 1: Esperando pedidos | Cocinero 2: Esperando pedidos | Cocinero 3: Esperando pedidos
  CAJAS      Fila: vacía | Cajero 1: Esperando clientes | Cajero 2: Cobrando a C18
========================================================================================================================
#00305 [  24.74s] Cocinero 2 empieza a cocinar Milanesa con fritas (Pedido #9, Mesa 1)
  MESAS      Mesa 1: Esperando la comida [C26,C24,C27] | Mesa 2: Comiendo [C16,C17,C18] (quedan 1)
             Mesa 3: Comiendo [C19,C21,C20] (quedan 1) | Mesa 4: Platos listos en cocina [C23,C22,C25]
  CLIENTES   C18: En la fila de la caja | C19: Comiendo Milanesa con fritas
             C22: Pidió Milanesa con fritas, espera la comida | C23: Pidió Hamburguesa, espera la comida
             C24: Pidió Milanesa con fritas, espera la comida | C25: Pidió Pizza, espera la comida
             C26: Pidió Ensalada César, espera la comida | C27: Pidió Ñoquis con tuco, espera la comida
             C28: En la sala de espera | C29: En la sala de espera | C30: En la sala de espera
             C31: En la sala de espera
  MOZOS      Mozo 1: Esperando | Mozo 2: Esperando | Mozo 3: Llevando platos a la Mesa 4
  COCINA     Platos: vacía
  COCINEROS  Cocinero 1: Esperando pedidos | Cocinero 2: Cocinando Milanesa con fritas | Cocinero 3: Esperando pedidos
  CAJAS      Fila: vacía | Cajero 1: Esperando clientes | Cajero 2: Cobrando a C18
========================================================================================================================
#00306 [  24.74s] Cocinero 1 empieza a cocinar Ensalada César (Pedido #9, Mesa 1)
  MESAS      Mesa 1: Esperando la comida [C26,C24,C27] | Mesa 2: Comiendo [C16,C17,C18] (quedan 1)
             Mesa 3: Comiendo [C19,C21,C20] (quedan 1) | Mesa 4: Platos listos en cocina [C23,C22,C25]
  CLIENTES   C18: En la fila de la caja | C19: Comiendo Milanesa con fritas
             C22: Pidió Milanesa con fritas, espera la comida | C23: Pidió Hamburguesa, espera la comida
             C24: Pidió Milanesa con fritas, espera la comida | C25: Pidió Pizza, espera la comida
             C26: Pidió Ensalada César, espera la comida | C27: Pidió Ñoquis con tuco, espera la comida
             C28: En la sala de espera | C29: En la sala de espera | C30: En la sala de espera
             C31: En la sala de espera
  MOZOS      Mozo 1: Esperando | Mozo 2: Esperando | Mozo 3: Llevando platos a la Mesa 4
  COCINA     Platos: vacía
  COCINEROS  Cocinero 1: Cocinando Ensalada César | Cocinero 2: Cocinando Milanesa con fritas
             Cocinero 3: Esperando pedidos
  CAJAS      Fila: vacía | Cajero 1: Esperando clientes | Cajero 2: Cobrando a C18
========================================================================================================================
#00307 [  24.74s] Cocinero 3 empieza a cocinar Ñoquis con tuco (Pedido #9, Mesa 1)
  MESAS      Mesa 1: Esperando la comida [C26,C24,C27] | Mesa 2: Comiendo [C16,C17,C18] (quedan 1)
             Mesa 3: Comiendo [C19,C21,C20] (quedan 1) | Mesa 4: Platos listos en cocina [C23,C22,C25]
  CLIENTES   C18: En la fila de la caja | C19: Comiendo Milanesa con fritas
             C22: Pidió Milanesa con fritas, espera la comida | C23: Pidió Hamburguesa, espera la comida
             C24: Pidió Milanesa con fritas, espera la comida | C25: Pidió Pizza, espera la comida
             C26: Pidió Ensalada César, espera la comida | C27: Pidió Ñoquis con tuco, espera la comida
             C28: En la sala de espera | C29: En la sala de espera | C30: En la sala de espera
             C31: En la sala de espera
  MOZOS      Mozo 1: Esperando | Mozo 2: Esperando | Mozo 3: Llevando platos a la Mesa 4
  COCINA     Platos: vacía
  COCINEROS  Cocinero 1: Cocinando Ensalada César | Cocinero 2: Cocinando Milanesa con fritas
             Cocinero 3: Cocinando Ñoquis con tuco
  CAJAS      Fila: vacía | Cajero 1: Esperando clientes | Cajero 2: Cobrando a C18
========================================================================================================================
#00308 [  24.76s] Cliente 18 pagó y se va del restaurante. La Mesa 2 queda sucia
  MESAS      Mesa 1: Esperando la comida [C26,C24,C27] | Mesa 2: Sucia, esperando mozo [C16,C17,C18] (quedan 0)
             Mesa 3: Comiendo [C19,C21,C20] (quedan 1) | Mesa 4: Platos listos en cocina [C23,C22,C25]
  CLIENTES   C19: Comiendo Milanesa con fritas | C22: Pidió Milanesa con fritas, espera la comida
             C23: Pidió Hamburguesa, espera la comida | C24: Pidió Milanesa con fritas, espera la comida
             C25: Pidió Pizza, espera la comida | C26: Pidió Ensalada César, espera la comida
             C27: Pidió Ñoquis con tuco, espera la comida | C28: En la sala de espera | C29: En la sala de espera
             C30: En la sala de espera | C31: En la sala de espera
  MOZOS      Mozo 1: Esperando | Mozo 2: Esperando | Mozo 3: Llevando platos a la Mesa 4
  COCINA     Platos: vacía
  COCINEROS  Cocinero 1: Cocinando Ensalada César | Cocinero 2: Cocinando Milanesa con fritas
             Cocinero 3: Cocinando Ñoquis con tuco
  CAJAS      Fila: vacía | Cajero 1: Esperando clientes | Cajero 2: Esperando clientes
========================================================================================================================
#00309 [  24.76s] Mozo 1 levanta los platos y limpia la Mesa 2
  MESAS      Mesa 1: Esperando la comida [C26,C24,C27] | Mesa 2: Limpiando [C16,C17,C18] (quedan 0)
             Mesa 3: Comiendo [C19,C21,C20] (quedan 1) | Mesa 4: Platos listos en cocina [C23,C22,C25]
  CLIENTES   C19: Comiendo Milanesa con fritas | C22: Pidió Milanesa con fritas, espera la comida
             C23: Pidió Hamburguesa, espera la comida | C24: Pidió Milanesa con fritas, espera la comida
             C25: Pidió Pizza, espera la comida | C26: Pidió Ensalada César, espera la comida
             C27: Pidió Ñoquis con tuco, espera la comida | C28: En la sala de espera | C29: En la sala de espera
             C30: En la sala de espera | C31: En la sala de espera
  MOZOS      Mozo 1: Limpiando la Mesa 2 | Mozo 2: Esperando | Mozo 3: Llevando platos a la Mesa 4
  COCINA     Platos: vacía
  COCINEROS  Cocinero 1: Cocinando Ensalada César | Cocinero 2: Cocinando Milanesa con fritas
             Cocinero 3: Cocinando Ñoquis con tuco
  CAJAS      Fila: vacía | Cajero 1: Esperando clientes | Cajero 2: Esperando clientes
========================================================================================================================
#00310 [  24.77s] Cliente 19 terminó de comer y va a la caja
  MESAS      Mesa 1: Esperando la comida [C26,C24,C27] | Mesa 2: Limpiando [C16,C17,C18] (quedan 0)
             Mesa 3: Comiendo [C19,C21,C20] (quedan 1) | Mesa 4: Platos listos en cocina [C23,C22,C25]
  CLIENTES   C19: En la fila de la caja | C22: Pidió Milanesa con fritas, espera la comida
             C23: Pidió Hamburguesa, espera la comida | C24: Pidió Milanesa con fritas, espera la comida
             C25: Pidió Pizza, espera la comida | C26: Pidió Ensalada César, espera la comida
             C27: Pidió Ñoquis con tuco, espera la comida | C28: En la sala de espera | C29: En la sala de espera
             C30: En la sala de espera | C31: En la sala de espera
  MOZOS      Mozo 1: Limpiando la Mesa 2 | Mozo 2: Esperando | Mozo 3: Llevando platos a la Mesa 4
  COCINA     Platos: vacía
  COCINEROS  Cocinero 1: Cocinando Ensalada César | Cocinero 2: Cocinando Milanesa con fritas
             Cocinero 3: Cocinando Ñoquis con tuco
  CAJAS      Fila: vacía | Cajero 1: Esperando clientes | Cajero 2: Esperando clientes
========================================================================================================================
#00311 [  24.78s] Cajero 1 le cobra Milanesa con fritas ($520) a Cliente 19
  MESAS      Mesa 1: Esperando la comida [C26,C24,C27] | Mesa 2: Limpiando [C16,C17,C18] (quedan 0)
             Mesa 3: Comiendo [C19,C21,C20] (quedan 1) | Mesa 4: Platos listos en cocina [C23,C22,C25]
  CLIENTES   C19: En la fila de la caja | C22: Pidió Milanesa con fritas, espera la comida
             C23: Pidió Hamburguesa, espera la comida | C24: Pidió Milanesa con fritas, espera la comida
             C25: Pidió Pizza, espera la comida | C26: Pidió Ensalada César, espera la comida
             C27: Pidió Ñoquis con tuco, espera la comida | C28: En la sala de espera | C29: En la sala de espera
             C30: En la sala de espera | C31: En la sala de espera
  MOZOS      Mozo 1: Limpiando la Mesa 2 | Mozo 2: Esperando | Mozo 3: Llevando platos a la Mesa 4
  COCINA     Platos: vacía
  COCINEROS  Cocinero 1: Cocinando Ensalada César | Cocinero 2: Cocinando Milanesa con fritas
             Cocinero 3: Cocinando Ñoquis con tuco
  CAJAS      Fila: vacía | Cajero 1: Cobrando a C19 | Cajero 2: Esperando clientes
========================================================================================================================
#00312 [  25.01s] Mozo 3 sirve los platos en la Mesa 4
  MESAS      Mesa 1: Esperando la comida [C26,C24,C27] | Mesa 2: Limpiando [C16,C17,C18] (quedan 0)
             Mesa 3: Comiendo [C19,C21,C20] (quedan 1) | Mesa 4: Comiendo [C23,C22,C25]
  CLIENTES   C19: En la fila de la caja | C22: Pidió Milanesa con fritas, espera la comida
             C23: Pidió Hamburguesa, espera la comida | C24: Pidió Milanesa con fritas, espera la comida
             C25: Pidió Pizza, espera la comida | C26: Pidió Ensalada César, espera la comida
             C27: Pidió Ñoquis con tuco, espera la comida | C28: En la sala de espera | C29: En la sala de espera
             C30: En la sala de espera | C31: En la sala de espera
  MOZOS      Mozo 1: Limpiando la Mesa 2 | Mozo 2: Esperando | Mozo 3: Sirvió la Mesa 4
  COCINA     Platos: vacía
  COCINEROS  Cocinero 1: Cocinando Ensalada César | Cocinero 2: Cocinando Milanesa con fritas
             Cocinero 3: Cocinando Ñoquis con tuco
  CAJAS      Fila: vacía | Cajero 1: Cobrando a C19 | Cajero 2: Esperando clientes
========================================================================================================================
#00313 [  25.01s] Cliente 23 empieza a comer Hamburguesa
  MESAS      Mesa 1: Esperando la comida [C26,C24,C27] | Mesa 2: Limpiando [C16,C17,C18] (quedan 0)
             Mesa 3: Comiendo [C19,C21,C20] (quedan 1) | Mesa 4: Comiendo [C23,C22,C25]
  CLIENTES   C19: En la fila de la caja | C22: Pidió Milanesa con fritas, espera la comida | C23: Comiendo Hamburguesa
             C24: Pidió Milanesa con fritas, espera la comida | C25: Pidió Pizza, espera la comida
             C26: Pidió Ensalada César, espera la comida | C27: Pidió Ñoquis con tuco, espera la comida
             C28: En la sala de espera | C29: En la sala de espera | C30: En la sala de espera
             C31: En la sala de espera
  MOZOS      Mozo 1: Limpiando la Mesa 2 | Mozo 2: Esperando | Mozo 3: Sirvió la Mesa 4
  COCINA     Platos: vacía
  COCINEROS  Cocinero 1: Cocinando Ensalada César | Cocinero 2: Cocinando Milanesa con fritas
             Cocinero 3: Cocinando Ñoquis con tuco
  CAJAS      Fila: vacía | Cajero 1: Cobrando a C19 | Cajero 2: Esperando clientes
========================================================================================================================
#00314 [  25.01s] Cliente 22 empieza a comer Milanesa con fritas
  MESAS      Mesa 1: Esperando la comida [C26,C24,C27] | Mesa 2: Limpiando [C16,C17,C18] (quedan 0)
             Mesa 3: Comiendo [C19,C21,C20] (quedan 1) | Mesa 4: Comiendo [C23,C22,C25]
  CLIENTES   C19: En la fila de la caja | C22: Comiendo Milanesa con fritas | C23: Comiendo Hamburguesa
             C24: Pidió Milanesa con fritas, espera la comida | C25: Pidió Pizza, espera la comida
             C26: Pidió Ensalada César, espera la comida | C27: Pidió Ñoquis con tuco, espera la comida
             C28: En la sala de espera | C29: En la sala de espera | C30: En la sala de espera
             C31: En la sala de espera
  MOZOS      Mozo 1: Limpiando la Mesa 2 | Mozo 2: Esperando | Mozo 3: Sirvió la Mesa 4
  COCINA     Platos: vacía
  COCINEROS  Cocinero 1: Cocinando Ensalada César | Cocinero 2: Cocinando Milanesa con fritas
             Cocinero 3: Cocinando Ñoquis con tuco
  CAJAS      Fila: vacía | Cajero 1: Cobrando a C19 | Cajero 2: Esperando clientes
========================================================================================================================
#00315 [  25.01s] Cliente 25 empieza a comer Pizza
  MESAS      Mesa 1: Esperando la comida [C26,C24,C27] | Mesa 2: Limpiando [C16,C17,C18] (quedan 0)
             Mesa 3: Comiendo [C19,C21,C20] (quedan 1) | Mesa 4: Comiendo [C23,C22,C25]
  CLIENTES   C19: En la fila de la caja | C22: Comiendo Milanesa con fritas | C23: Comiendo Hamburguesa
             C24: Pidió Milanesa con fritas, espera la comida | C25: Comiendo Pizza
             C26: Pidió Ensalada César, espera la comida | C27: Pidió Ñoquis con tuco, espera la comida
             C28: En la sala de espera | C29: En la sala de espera | C30: En la sala de espera
             C31: En la sala de espera
  MOZOS      Mozo 1: Limpiando la Mesa 2 | Mozo 2: Esperando | Mozo 3: Sirvió la Mesa 4
  COCINA     Platos: vacía
  COCINEROS  Cocinero 1: Cocinando Ensalada César | Cocinero 2: Cocinando Milanesa con fritas
             Cocinero 3: Cocinando Ñoquis con tuco
  CAJAS      Fila: vacía | Cajero 1: Cobrando a C19 | Cajero 2: Esperando clientes
========================================================================================================================
#00316 [  25.10s] Cliente 19 pagó y se va del restaurante. La Mesa 3 queda sucia
  MESAS      Mesa 1: Esperando la comida [C26,C24,C27] | Mesa 2: Limpiando [C16,C17,C18] (quedan 0)
             Mesa 3: Sucia, esperando mozo [C19,C21,C20] (quedan 0) | Mesa 4: Comiendo [C23,C22,C25]
  CLIENTES   C22: Comiendo Milanesa con fritas | C23: Comiendo Hamburguesa
             C24: Pidió Milanesa con fritas, espera la comida | C25: Comiendo Pizza
             C26: Pidió Ensalada César, espera la comida | C27: Pidió Ñoquis con tuco, espera la comida
             C28: En la sala de espera | C29: En la sala de espera | C30: En la sala de espera
             C31: En la sala de espera
  MOZOS      Mozo 1: Limpiando la Mesa 2 | Mozo 2: Esperando | Mozo 3: Esperando
  COCINA     Platos: vacía
  COCINEROS  Cocinero 1: Cocinando Ensalada César | Cocinero 2: Cocinando Milanesa con fritas
             Cocinero 3: Cocinando Ñoquis con tuco
  CAJAS      Fila: vacía | Cajero 1: Esperando clientes | Cajero 2: Esperando clientes
========================================================================================================================
#00317 [  25.10s] Mozo 3 levanta los platos y limpia la Mesa 3
  MESAS      Mesa 1: Esperando la comida [C26,C24,C27] | Mesa 2: Limpiando [C16,C17,C18] (quedan 0)
             Mesa 3: Limpiando [C19,C21,C20] (quedan 0) | Mesa 4: Comiendo [C23,C22,C25]
  CLIENTES   C22: Comiendo Milanesa con fritas | C23: Comiendo Hamburguesa
             C24: Pidió Milanesa con fritas, espera la comida | C25: Comiendo Pizza
             C26: Pidió Ensalada César, espera la comida | C27: Pidió Ñoquis con tuco, espera la comida
             C28: En la sala de espera | C29: En la sala de espera | C30: En la sala de espera
             C31: En la sala de espera
  MOZOS      Mozo 1: Limpiando la Mesa 2 | Mozo 2: Esperando | Mozo 3: Limpiando la Mesa 3
  COCINA     Platos: vacía
  COCINEROS  Cocinero 1: Cocinando Ensalada César | Cocinero 2: Cocinando Milanesa con fritas
             Cocinero 3: Cocinando Ñoquis con tuco
  CAJAS      Fila: vacía | Cajero 1: Esperando clientes | Cajero 2: Esperando clientes
========================================================================================================================
#00318 [  25.28s] Cocinero 1 deja listo Ensalada César (Pedido #9, Mesa 1)
  MESAS      Mesa 1: Esperando la comida [C26,C24,C27] | Mesa 2: Limpiando [C16,C17,C18] (quedan 0)
             Mesa 3: Limpiando [C19,C21,C20] (quedan 0) | Mesa 4: Comiendo [C23,C22,C25]
  CLIENTES   C22: Comiendo Milanesa con fritas | C23: Comiendo Hamburguesa
             C24: Pidió Milanesa con fritas, espera la comida | C25: Comiendo Pizza
             C26: Pidió Ensalada César, espera la comida | C27: Pidió Ñoquis con tuco, espera la comida
             C28: En la sala de espera | C29: En la sala de espera | C30: En la sala de espera
             C31: En la sala de espera
  MOZOS      Mozo 1: Limpiando la Mesa 2 | Mozo 2: Esperando | Mozo 3: Limpiando la Mesa 3
  COCINA     Platos: vacía
  COCINEROS  Cocinero 1: Dejó listo Ensalada César | Cocinero 2: Cocinando Milanesa con fritas
             Cocinero 3: Cocinando Ñoquis con tuco
  CAJAS      Fila: vacía | Cajero 1: Esperando clientes | Cajero 2: Esperando clientes
========================================================================================================================
#00319 [  25.43s] Cliente 32 entra al restaurante (11/12 adentro)
  MESAS      Mesa 1: Esperando la comida [C26,C24,C27] | Mesa 2: Limpiando [C16,C17,C18] (quedan 0)
             Mesa 3: Limpiando [C19,C21,C20] (quedan 0) | Mesa 4: Comiendo [C23,C22,C25]
  CLIENTES   C22: Comiendo Milanesa con fritas | C23: Comiendo Hamburguesa
             C24: Pidió Milanesa con fritas, espera la comida | C25: Comiendo Pizza
             C26: Pidió Ensalada César, espera la comida | C27: Pidió Ñoquis con tuco, espera la comida
             C28: En la sala de espera | C29: En la sala de espera | C30: En la sala de espera
             C31: En la sala de espera | C32: En la sala de espera
  MOZOS      Mozo 1: Limpiando la Mesa 2 | Mozo 2: Esperando | Mozo 3: Limpiando la Mesa 3
  COCINA     Platos: vacía
  COCINEROS  Cocinero 1: Esperando pedidos | Cocinero 2: Cocinando Milanesa con fritas
             Cocinero 3: Cocinando Ñoquis con tuco
  CAJAS      Fila: vacía | Cajero 1: Esperando clientes | Cajero 2: Esperando clientes
========================================================================================================================
#00320 [  25.44s] Se sientan Cliente 29, Cliente 30, Cliente 28 en la Mesa 2
  MESAS      Mesa 1: Esperando la comida [C26,C24,C27] | Mesa 2: Eligiendo menú [C29,C30,C28]
             Mesa 3: Limpiando [C19,C21,C20] (quedan 0) | Mesa 4: Comiendo [C23,C22,C25]
  CLIENTES   C22: Comiendo Milanesa con fritas | C23: Comiendo Hamburguesa
             C24: Pidió Milanesa con fritas, espera la comida | C25: Comiendo Pizza
             C26: Pidió Ensalada César, espera la comida | C27: Pidió Ñoquis con tuco, espera la comida
             C28: En la sala de espera | C29: En la sala de espera | C30: En la sala de espera
             C31: En la sala de espera | C32: En la sala de espera
  MOZOS      Mozo 1: Limpiando la Mesa 2 | Mozo 2: Esperando | Mozo 3: Limpiando la Mesa 3
  COCINA     Platos: vacía
  COCINEROS  Cocinero 1: Esperando pedidos | Cocinero 2: Cocinando Milanesa con fritas
             Cocinero 3: Cocinando Ñoquis con tuco
  CAJAS      Fila: vacía | Cajero 1: Esperando clientes | Cajero 2: Esperando clientes
========================================================================================================================
#00321 [  25.44s] Mozo 1 terminó de limpiar: la Mesa 2 queda libre
  MESAS      Mesa 1: Esperando la comida [C26,C24,C27] | Mesa 2: Eligiendo menú [C29,C30,C28]
             Mesa 3: Limpiando [C19,C21,C20] (quedan 0) | Mesa 4: Comiendo [C23,C22,C25]
  CLIENTES   C22: Comiendo Milanesa con fritas | C23: Comiendo Hamburguesa
             C24: Pidió Milanesa con fritas, espera la comida | C25: Comiendo Pizza
             C26: Pidió Ensalada César, espera la comida | C27: Pidió Ñoquis con tuco, espera la comida
             C28: En la sala de espera | C29: En la sala de espera | C30: En la sala de espera
             C31: En la sala de espera | C32: En la sala de espera
  MOZOS      Mozo 1: Limpió la Mesa 2 | Mozo 2: Esperando | Mozo 3: Limpiando la Mesa 3
  COCINA     Platos: vacía
  COCINEROS  Cocinero 1: Esperando pedidos | Cocinero 2: Cocinando Milanesa con fritas
             Cocinero 3: Cocinando Ñoquis con tuco
  CAJAS      Fila: vacía | Cajero 1: Esperando clientes | Cajero 2: Esperando clientes
========================================================================================================================
#00322 [  25.45s] Cliente 29 se sienta en la Mesa 2 y mira la carta
  MESAS      Mesa 1: Esperando la comida [C26,C24,C27] | Mesa 2: Eligiendo menú [C29,C30,C28]
             Mesa 3: Limpiando [C19,C21,C20] (quedan 0) | Mesa 4: Comiendo [C23,C22,C25]
  CLIENTES   C22: Comiendo Milanesa con fritas | C23: Comiendo Hamburguesa
             C24: Pidió Milanesa con fritas, espera la comida | C25: Comiendo Pizza
             C26: Pidió Ensalada César, espera la comida | C27: Pidió Ñoquis con tuco, espera la comida
             C28: En la sala de espera | C29: Eligiendo menú (Mesa 2) | C30: En la sala de espera
             C31: En la sala de espera | C32: En la sala de espera
  MOZOS      Mozo 1: Limpió la Mesa 2 | Mozo 2: Esperando | Mozo 3: Limpiando la Mesa 3
  COCINA     Platos: vacía
  COCINEROS  Cocinero 1: Esperando pedidos | Cocinero 2: Cocinando Milanesa con fritas
             Cocinero 3: Cocinando Ñoquis con tuco
  CAJAS      Fila: vacía | Cajero 1: Esperando clientes | Cajero 2: Esperando clientes
========================================================================================================================
#00323 [  25.45s] Cliente 28 se sienta en la Mesa 2 y mira la carta
  MESAS      Mesa 1: Esperando la comida [C26,C24,C27] | Mesa 2: Eligiendo menú [C29,C30,C28]
             Mesa 3: Limpiando [C19,C21,C20] (quedan 0) | Mesa 4: Comiendo [C23,C22,C25]
  CLIENTES   C22: Comiendo Milanesa con fritas | C23: Comiendo Hamburguesa
             C24: Pidió Milanesa con fritas, espera la comida | C25: Comiendo Pizza
             C26: Pidió Ensalada César, espera la comida | C27: Pidió Ñoquis con tuco, espera la comida
             C28: Eligiendo menú (Mesa 2) | C29: Eligiendo menú (Mesa 2) | C30: En la sala de espera
             C31: En la sala de espera | C32: En la sala de espera
  MOZOS      Mozo 1: Limpió la Mesa 2 | Mozo 2: Esperando | Mozo 3: Limpiando la Mesa 3
  COCINA     Platos: vacía
  COCINEROS  Cocinero 1: Esperando pedidos | Cocinero 2: Cocinando Milanesa con fritas
             Cocinero 3: Cocinando Ñoquis con tuco
  CAJAS      Fila: vacía | Cajero 1: Esperando clientes | Cajero 2: Esperando clientes
========================================================================================================================
#00324 [  25.45s] Cliente 30 se sienta en la Mesa 2 y mira la carta
  MESAS      Mesa 1: Esperando la comida [C26,C24,C27] | Mesa 2: Eligiendo menú [C29,C30,C28]
             Mesa 3: Limpiando [C19,C21,C20] (quedan 0) | Mesa 4: Comiendo [C23,C22,C25]
  CLIENTES   C22: Comiendo Milanesa con fritas | C23: Comiendo Hamburguesa
             C24: Pidió Milanesa con fritas, espera la comida | C25: Comiendo Pizza
             C26: Pidió Ensalada César, espera la comida | C27: Pidió Ñoquis con tuco, espera la comida
             C28: Eligiendo menú (Mesa 2) | C29: Eligiendo menú (Mesa 2) | C30: Eligiendo menú (Mesa 2)
             C31: En la sala de espera | C32: En la sala de espera
  MOZOS      Mozo 1: Limpió la Mesa 2 | Mozo 2: Esperando | Mozo 3: Limpiando la Mesa 3
  COCINA     Platos: vacía
  COCINEROS  Cocinero 1: Esperando pedidos | Cocinero 2: Cocinando Milanesa con fritas
             Cocinero 3: Cocinando Ñoquis con tuco
  CAJAS      Fila: vacía | Cajero 1: Esperando clientes | Cajero 2: Esperando clientes
========================================================================================================================
#00325 [  25.70s] Mozo 3 terminó de limpiar: la Mesa 3 queda libre
  MESAS      Mesa 1: Esperando la comida [C26,C24,C27] | Mesa 2: Eligiendo menú [C29,C30,C28] | Mesa 3: Libre
             Mesa 4: Comiendo [C23,C22,C25]
  CLIENTES   C22: Comiendo Milanesa con fritas | C23: Comiendo Hamburguesa
             C24: Pidió Milanesa con fritas, espera la comida | C25: Comiendo Pizza
             C26: Pidió Ensalada César, espera la comida | C27: Pidió Ñoquis con tuco, espera la comida
             C28: Eligiendo menú (Mesa 2) | C29: Eligiendo menú (Mesa 2) | C30: Eligiendo menú (Mesa 2)
             C31: En la sala de espera | C32: En la sala de espera
  MOZOS      Mozo 1: Esperando | Mozo 2: Esperando | Mozo 3: Limpió la Mesa 3
  COCINA     Platos: vacía
  COCINEROS  Cocinero 1: Esperando pedidos | Cocinero 2: Cocinando Milanesa con fritas
             Cocinero 3: Cocinando Ñoquis con tuco
  CAJAS      Fila: vacía | Cajero 1: Esperando clientes | Cajero 2: Esperando clientes
========================================================================================================================
#00326 [  25.96s] Cliente 30 elige Milanesa con fritas
  MESAS      Mesa 1: Esperando la comida [C26,C24,C27] | Mesa 2: Eligiendo menú [C29,C30,C28] | Mesa 3: Libre
             Mesa 4: Comiendo [C23,C22,C25]
  CLIENTES   C22: Comiendo Milanesa con fritas | C23: Comiendo Hamburguesa
             C24: Pidió Milanesa con fritas, espera la comida | C25: Comiendo Pizza
             C26: Pidió Ensalada César, espera la comida | C27: Pidió Ñoquis con tuco, espera la comida
             C28: Eligiendo menú (Mesa 2) | C29: Eligiendo menú (Mesa 2)
             C30: Eligió Milanesa con fritas, espera a su mesa | C31: En la sala de espera | C32: En la sala de espera
  MOZOS      Mozo 1: Esperando | Mozo 2: Esperando | Mozo 3: Esperando
  COCINA     Platos: vacía
  COCINEROS  Cocinero 1: Esperando pedidos | Cocinero 2: Cocinando Milanesa con fritas
             Cocinero 3: Cocinando Ñoquis con tuco
  CAJAS      Fila: vacía | Cajero 1: Esperando clientes | Cajero 2: Esperando clientes
========================================================================================================================
#00327 [  26.24s] Cliente 33 entra al restaurante (12/12 adentro)
  MESAS      Mesa 1: Esperando la comida [C26,C24,C27] | Mesa 2: Eligiendo menú [C29,C30,C28] | Mesa 3: Libre
             Mesa 4: Comiendo [C23,C22,C25]
  CLIENTES   C22: Comiendo Milanesa con fritas | C23: Comiendo Hamburguesa
             C24: Pidió Milanesa con fritas, espera la comida | C25: Comiendo Pizza
             C26: Pidió Ensalada César, espera la comida | C27: Pidió Ñoquis con tuco, espera la comida
             C28: Eligiendo menú (Mesa 2) | C29: Eligiendo menú (Mesa 2)
             C30: Eligió Milanesa con fritas, espera a su mesa | C31: En la sala de espera | C32: En la sala de espera
             C33: En la sala de espera
  MOZOS      Mozo 1: Esperando | Mozo 2: Esperando | Mozo 3: Esperando
  COCINA     Platos: vacía
  COCINEROS  Cocinero 1: Esperando pedidos | Cocinero 2: Cocinando Milanesa con fritas
             Cocinero 3: Cocinando Ñoquis con tuco
  CAJAS      Fila: vacía | Cajero 1: Esperando clientes | Cajero 2: Esperando clientes
========================================================================================================================
#00328 [  26.24s] Se sientan Cliente 31, Cliente 32, Cliente 33 en la Mesa 3
  MESAS      Mesa 1: Esperando la comida [C26,C24,C27] | Mesa 2: Eligiendo menú [C29,C30,C28]
             Mesa 3: Eligiendo menú [C31,C32,C33] | Mesa 4: Comiendo [C23,C22,C25]
  CLIENTES   C22: Comiendo Milanesa con fritas | C23: Comiendo Hamburguesa
             C24: Pidió Milanesa con fritas, espera la comida | C25: Comiendo Pizza
             C26: Pidió Ensalada César, espera la comida | C27: Pidió Ñoquis con tuco, espera la comida
             C28: Eligiendo menú (Mesa 2) | C29: Eligiendo menú (Mesa 2)
             C30: Eligió Milanesa con fritas, espera a su mesa | C31: En la sala de espera | C32: En la sala de espera
             C33: En la sala de espera
  MOZOS      Mozo 1: Esperando | Mozo 2: Esperando | Mozo 3: Esperando
  COCINA     Platos: vacía
  COCINEROS  Cocinero 1: Esperando pedidos | Cocinero 2: Cocinando Milanesa con fritas
             Cocinero 3: Cocinando Ñoquis con tuco
  CAJAS      Fila: vacía | Cajero 1: Esperando clientes | Cajero 2: Esperando clientes
========================================================================================================================
#00329 [  26.24s] Cliente 33 se sienta en la Mesa 3 y mira la carta
  MESAS      Mesa 1: Esperando la comida [C26,C24,C27] | Mesa 2: Eligiendo menú [C29,C30,C28]
             Mesa 3: Eligiendo menú [C31,C32,C33] | Mesa 4: Comiendo [C23,C22,C25]
  CLIENTES   C22: Comiendo Milanesa con fritas | C23: Comiendo Hamburguesa
             C24: Pidió Milanesa con fritas, espera la comida | C25: Comiendo Pizza
             C26: Pidió Ensalada César, espera la comida | C27: Pidió Ñoquis con tuco, espera la comida
             C28: Eligiendo menú (Mesa 2) | C29: Eligiendo menú (Mesa 2)
             C30: Eligió Milanesa con fritas, espera a su mesa | C31: En la sala de espera | C32: En la sala de espera
             C33: Eligiendo menú (Mesa 3)
  MOZOS      Mozo 1: Esperando | Mozo 2: Esperando | Mozo 3: Esperando
  COCINA     Platos: vacía
  COCINEROS  Cocinero 1: Esperando pedidos | Cocinero 2: Cocinando Milanesa con fritas
             Cocinero 3: Cocinando Ñoquis con tuco
  CAJAS      Fila: vacía | Cajero 1: Esperando clientes | Cajero 2: Esperando clientes
========================================================================================================================
#00330 [  26.24s] Cliente 32 se sienta en la Mesa 3 y mira la carta
  MESAS      Mesa 1: Esperando la comida [C26,C24,C27] | Mesa 2: Eligiendo menú [C29,C30,C28]
             Mesa 3: Eligiendo menú [C31,C32,C33] | Mesa 4: Comiendo [C23,C22,C25]
  CLIENTES   C22: Comiendo Milanesa con fritas | C23: Comiendo Hamburguesa
             C24: Pidió Milanesa con fritas, espera la comida | C25: Comiendo Pizza
             C26: Pidió Ensalada César, espera la comida | C27: Pidió Ñoquis con tuco, espera la comida
             C28: Eligiendo menú (Mesa 2) | C29: Eligiendo menú (Mesa 2)
             C30: Eligió Milanesa con fritas, espera a su mesa | C31: En la sala de espera
             C32: Eligiendo menú (Mesa 3) | C33: Eligiendo menú (Mesa 3)
  MOZOS      Mozo 1: Esperando | Mozo 2: Esperando | Mozo 3: Esperando
  COCINA     Platos: vacía
  COCINEROS  Cocinero 1: Esperando pedidos | Cocinero 2: Cocinando Milanesa con fritas
             Cocinero 3: Cocinando Ñoquis con tuco
  CAJAS      Fila: vacía | Cajero 1: Esperando clientes | Cajero 2: Esperando clientes
========================================================================================================================
#00331 [  26.24s] Cliente 31 se sienta en la Mesa 3 y mira la carta
  MESAS      Mesa 1: Esperando la comida [C26,C24,C27] | Mesa 2: Eligiendo menú [C29,C30,C28]
             Mesa 3: Eligiendo menú [C31,C32,C33] | Mesa 4: Comiendo [C23,C22,C25]
  CLIENTES   C22: Comiendo Milanesa con fritas | C23: Comiendo Hamburguesa
             C24: Pidió Milanesa con fritas, espera la comida | C25: Comiendo Pizza
             C26: Pidió Ensalada César, espera la comida | C27: Pidió Ñoquis con tuco, espera la comida
             C28: Eligiendo menú (Mesa 2) | C29: Eligiendo menú (Mesa 2)
             C30: Eligió Milanesa con fritas, espera a su mesa | C31: Eligiendo menú (Mesa 3)
             C32: Eligiendo menú (Mesa 3) | C33: Eligiendo menú (Mesa 3)
  MOZOS      Mozo 1: Esperando | Mozo 2: Esperando | Mozo 3: Esperando
  COCINA     Platos: vacía
  COCINEROS  Cocinero 1: Esperando pedidos | Cocinero 2: Cocinando Milanesa con fritas
             Cocinero 3: Cocinando Ñoquis con tuco
  CAJAS      Fila: vacía | Cajero 1: Esperando clientes | Cajero 2: Esperando clientes
========================================================================================================================
#00332 [  26.28s] Cocinero 3 deja listo Ñoquis con tuco (Pedido #9, Mesa 1)
  MESAS      Mesa 1: Esperando la comida [C26,C24,C27] | Mesa 2: Eligiendo menú [C29,C30,C28]
             Mesa 3: Eligiendo menú [C31,C32,C33] | Mesa 4: Comiendo [C23,C22,C25]
  CLIENTES   C22: Comiendo Milanesa con fritas | C23: Comiendo Hamburguesa
             C24: Pidió Milanesa con fritas, espera la comida | C25: Comiendo Pizza
             C26: Pidió Ensalada César, espera la comida | C27: Pidió Ñoquis con tuco, espera la comida
             C28: Eligiendo menú (Mesa 2) | C29: Eligiendo menú (Mesa 2)
             C30: Eligió Milanesa con fritas, espera a su mesa | C31: Eligiendo menú (Mesa 3)
             C32: Eligiendo menú (Mesa 3) | C33: Eligiendo menú (Mesa 3)
  MOZOS      Mozo 1: Esperando | Mozo 2: Esperando | Mozo 3: Esperando
  COCINA     Platos: vacía
  COCINEROS  Cocinero 1: Esperando pedidos | Cocinero 2: Cocinando Milanesa con fritas
             Cocinero 3: Dejó listo Ñoquis con tuco
  CAJAS      Fila: vacía | Cajero 1: Esperando clientes | Cajero 2: Esperando clientes
========================================================================================================================
#00333 [  26.42s] Cocinero 2 deja listo Milanesa con fritas (Pedido #9, Mesa 1)
  MESAS      Mesa 1: Esperando la comida [C26,C24,C27] | Mesa 2: Eligiendo menú [C29,C30,C28]
             Mesa 3: Eligiendo menú [C31,C32,C33] | Mesa 4: Comiendo [C23,C22,C25]
  CLIENTES   C22: Comiendo Milanesa con fritas | C23: Comiendo Hamburguesa
             C24: Pidió Milanesa con fritas, espera la comida | C25: Comiendo Pizza
             C26: Pidió Ensalada César, espera la comida | C27: Pidió Ñoquis con tuco, espera la comida
             C28: Eligiendo menú (Mesa 2) | C29: Eligiendo menú (Mesa 2)
             C30: Eligió Milanesa con fritas, espera a su mesa | C31: Eligiendo menú (Mesa 3)
             C32: Eligiendo menú (Mesa 3) | C33: Eligiendo menú (Mesa 3)
  MOZOS      Mozo 1: Esperando | Mozo 2: Esperando | Mozo 3: Esperando
  COCINA     Platos: vacía
  COCINEROS  Cocinero 1: Esperando pedidos | Cocinero 2: Dejó listo Milanesa con fritas | Cocinero 3: Esperando pedidos
  CAJAS      Fila: vacía | Cajero 1: Esperando clientes | Cajero 2: Esperando clientes
========================================================================================================================
#00334 [  26.42s] La cocina avisa a los mozos: Pedido #9 de la Mesa 1 está completo
  MESAS      Mesa 1: Platos listos en cocina [C26,C24,C27] | Mesa 2: Eligiendo menú [C29,C30,C28]
             Mesa 3: Eligiendo menú [C31,C32,C33] | Mesa 4: Comiendo [C23,C22,C25]
  CLIENTES   C22: Comiendo Milanesa con fritas | C23: Comiendo Hamburguesa
             C24: Pidió Milanesa con fritas, espera la comida | C25: Comiendo Pizza
             C26: Pidió Ensalada César, espera la comida | C27: Pidió Ñoquis con tuco, espera la comida
             C28: Eligiendo menú (Mesa 2) | C29: Eligiendo menú (Mesa 2)
             C30: Eligió Milanesa con fritas, espera a su mesa | C31: Eligiendo menú (Mesa 3)
             C32: Eligiendo menú (Mesa 3) | C33: Eligiendo menú (Mesa 3)
  MOZOS      Mozo 1: Esperando | Mozo 2: Esperando | Mozo 3: Esperando
  COCINA     Platos: vacía
  COCINEROS  Cocinero 1: Esperando pedidos | Cocinero 2: Dejó listo Milanesa con fritas | Cocinero 3: Esperando pedidos
  CAJAS      Fila: vacía | Cajero 1: Esperando clientes | Cajero 2: Esperando clientes
========================================================================================================================
#00335 [  26.42s] Mozo 3 retira de la cocina los platos de la Mesa 1
  MESAS      Mesa 1: Platos listos en cocina [C26,C24,C27] | Mesa 2: Eligiendo menú [C29,C30,C28]
             Mesa 3: Eligiendo menú [C31,C32,C33] | Mesa 4: Comiendo [C23,C22,C25]
  CLIENTES   C22: Comiendo Milanesa con fritas | C23: Comiendo Hamburguesa
             C24: Pidió Milanesa con fritas, espera la comida | C25: Comiendo Pizza
             C26: Pidió Ensalada César, espera la comida | C27: Pidió Ñoquis con tuco, espera la comida
             C28: Eligiendo menú (Mesa 2) | C29: Eligiendo menú (Mesa 2)
             C30: Eligió Milanesa con fritas, espera a su mesa | C31: Eligiendo menú (Mesa 3)
             C32: Eligiendo menú (Mesa 3) | C33: Eligiendo menú (Mesa 3)
  MOZOS      Mozo 1: Esperando | Mozo 2: Esperando | Mozo 3: Llevando platos a la Mesa 1
  COCINA     Platos: vacía
  COCINEROS  Cocinero 1: Esperando pedidos | Cocinero 2: Esperando pedidos | Cocinero 3: Esperando pedidos
  CAJAS      Fila: vacía | Cajero 1: Esperando clientes | Cajero 2: Esperando clientes
========================================================================================================================
#00336 [  26.57s] Cliente 29 elige Ensalada César
  MESAS      Mesa 1: Platos listos en cocina [C26,C24,C27] | Mesa 2: Eligiendo menú [C29,C30,C28]
             Mesa 3: Eligiendo menú [C31,C32,C33] | Mesa 4: Comiendo [C23,C22,C25]
  CLIENTES   C22: Comiendo Milanesa con fritas | C23: Comiendo Hamburguesa
             C24: Pidió Milanesa con fritas, espera la comida | C25: Comiendo Pizza
             C26: Pidió Ensalada César, espera la comida | C27: Pidió Ñoquis con tuco, espera la comida
             C28: Eligiendo menú (Mesa 2) | C29: Eligió Ensalada César, espera a su mesa
             C30: Eligió Milanesa con fritas, espera a su mesa | C31: Eligiendo menú (Mesa 3)
             C32: Eligiendo menú (Mesa 3) | C33: Eligiendo menú (Mesa 3)
  MOZOS      Mozo 1: Esperando | Mozo 2: Esperando | Mozo 3: Llevando platos a la Mesa 1
  COCINA     Platos: vacía
  COCINEROS  Cocinero 1: Esperando pedidos | Cocinero 2: Esperando pedidos | Cocinero 3: Esperando pedidos
  CAJAS      Fila: vacía | Cajero 1: Esperando clientes | Cajero 2: Esperando clientes
========================================================================================================================
#00337 [  26.68s] Cliente 28 elige Ñoquis con tuco
  MESAS      Mesa 1: Platos listos en cocina [C26,C24,C27] | Mesa 2: Eligiendo menú [C29,C30,C28]
             Mesa 3: Eligiendo menú [C31,C32,C33] | Mesa 4: Comiendo [C23,C22,C25]
  CLIENTES   C22: Comiendo Milanesa con fritas | C23: Comiendo Hamburguesa
             C24: Pidió Milanesa con fritas, espera la comida | C25: Comiendo Pizza
             C26: Pidió Ensalada César, espera la comida | C27: Pidió Ñoquis con tuco, espera la comida
             C28: Eligió Ñoquis con tuco, espera a su mesa | C29: Eligió Ensalada César, espera a su mesa
             C30: Eligió Milanesa con fritas, espera a su mesa | C31: Eligiendo menú (Mesa 3)
             C32: Eligiendo menú (Mesa 3) | C33: Eligiendo menú (Mesa 3)
  MOZOS      Mozo 1: Esperando | Mozo 2: Esperando | Mozo 3: Llevando platos a la Mesa 1
  COCINA     Platos: vacía
  COCINEROS  Cocinero 1: Esperando pedidos | Cocinero 2: Esperando pedidos | Cocinero 3: Esperando pedidos
  CAJAS      Fila: vacía | Cajero 1: Esperando clientes | Cajero 2: Esperando clientes
========================================================================================================================
#00338 [  26.68s] Todos en la Mesa 2 eligieron: llaman a un mozo
  MESAS      Mesa 1: Platos listos en cocina [C26,C24,C27] | Mesa 2: Llamando al mozo [C29,C30,C28]
             Mesa 3: Eligiendo menú [C31,C32,C33] | Mesa 4: Comiendo [C23,C22,C25]
  CLIENTES   C22: Comiendo Milanesa con fritas | C23: Comiendo Hamburguesa
             C24: Pidió Milanesa con fritas, espera la comida | C25: Comiendo Pizza
             C26: Pidió Ensalada César, espera la comida | C27: Pidió Ñoquis con tuco, espera la comida
             C28: Eligió Ñoquis con tuco, espera a su mesa | C29: Eligió Ensalada César, espera a su mesa
             C30: Eligió Milanesa con fritas, espera a su mesa | C31: Eligiendo menú (Mesa 3)
             C32: Eligiendo menú (Mesa 3) | C33: Eligiendo menú (Mesa 3)
  MOZOS      Mozo 1: Esperando | Mozo 2: Esperando | Mozo 3: Llevando platos a la Mesa 1
  COCINA     Platos: vacía
  COCINEROS  Cocinero 1: Esperando pedidos | Cocinero 2: Esperando pedidos | Cocinero 3: Esperando pedidos
  CAJAS      Fila: vacía | Cajero 1: Esperando clientes | Cajero 2: Esperando clientes
========================================================================================================================
#00339 [  26.68s] Mozo 1 va a la Mesa 2 a tomar el pedido
  MESAS      Mesa 1: Platos listos en cocina [C26,C24,C27] | Mesa 2: Haciendo el pedido [C29,C30,C28]
             Mesa 3: Eligiendo menú [C31,C32,C33] | Mesa 4: Comiendo [C23,C22,C25]
  CLIENTES   C22: Comiendo Milanesa con fritas | C23: Comiendo Hamburguesa
             C24: Pidió Milanesa con fritas, espera la comida | C25: Comiendo Pizza
             C26: Pidió Ensalada César, espera la comida | C27: Pidió Ñoquis con tuco, espera la comida
             C28: Esperando al mozo (Ñoquis con tuco) | C29: Esperando al mozo (Ensalada César)
             C30: Esperando al mozo (Milanesa con fritas) | C31: Eligiendo menú (Mesa 3) | C32: Eligiendo menú (Mesa 3)
             C33: Eligiendo menú (Mesa 3)
  MOZOS      Mozo 1: Tomando pedido de la Mesa 2 | Mozo 2: Esperando | Mozo 3: Llevando platos a la Mesa 1
  COCINA     Platos: vacía
  COCINEROS  Cocinero 1: Esperando pedidos | Cocinero 2: Esperando pedidos | Cocinero 3: Esperando pedidos
  CAJAS      Fila: vacía | Cajero 1: Esperando clientes | Cajero 2: Esperando clientes
========================================================================================================================
#00340 [  26.83s] Mozo 3 sirve los platos en la Mesa 1
  MESAS      Mesa 1: Comiendo [C26,C24,C27] | Mesa 2: Haciendo el pedido [C29,C30,C28]
             Mesa 3: Eligiendo menú [C31,C32,C33] | Mesa 4: Comiendo [C23,C22,C25]
  CLIENTES   C22: Comiendo Milanesa con fritas | C23: Comiendo Hamburguesa
             C24: Pidió Milanesa con fritas, espera la comida | C25: Comiendo Pizza
             C26: Pidió Ensalada César, espera la comida | C27: Pidió Ñoquis con tuco, espera la comida
             C28: Pidió Ñoquis con tuco, espera la comida | C29: Pidió Ensalada César, espera la comida
             C30: Pidió Milanesa con fritas, espera la comida | C31: Eligiendo menú (Mesa 3)
             C32: Eligiendo menú (Mesa 3) | C33: Eligiendo menú (Mesa 3)
  MOZOS      Mozo 1: Tomando pedido de la Mesa 2 | Mozo 2: Esperando | Mozo 3: Sirvió la Mesa 1
  COCINA     Platos: vacía
  COCINEROS  Cocinero 1: Esperando pedidos | Cocinero 2: Esperando pedidos | Cocinero 3: Esperando pedidos
  CAJAS      Fila: vacía | Cajero 1: Esperando clientes | Cajero 2: Esperando clientes
========================================================================================================================
#00341 [  26.83s] Cliente 27 empieza a comer Ñoquis con tuco
  MESAS      Mesa 1: Comiendo [C26,C24,C27] | Mesa 2: Haciendo el pedido [C29,C30,C28]
             Mesa 3: Eligiendo menú [C31,C32,C33] | Mesa 4: Comiendo [C23,C22,C25]
  CLIENTES   C22: Comiendo Milanesa con fritas | C23: Comiendo Hamburguesa
             C24: Pidió Milanesa con fritas, espera la comida | C25: Comiendo Pizza
             C26: Pidió Ensalada César, espera la comida | C27: Comiendo Ñoquis con tuco
             C28: Pidió Ñoquis con tuco, espera la comida | C29: Pidió Ensalada César, espera la comida
             C30: Pidió Milanesa con fritas, espera la comida | C31: Eligiendo menú (Mesa 3)
             C32: Eligiendo menú (Mesa 3) | C33: Eligiendo menú (Mesa 3)
  MOZOS      Mozo 1: Tomando pedido de la Mesa 2 | Mozo 2: Esperando | Mozo 3: Sirvió la Mesa 1
  COCINA     Platos: vacía
  COCINEROS  Cocinero 1: Esperando pedidos | Cocinero 2: Esperando pedidos | Cocinero 3: Esperando pedidos
  CAJAS      Fila: vacía | Cajero 1: Esperando clientes | Cajero 2: Esperando clientes
========================================================================================================================
#00342 [  26.83s] Cliente 26 empieza a comer Ensalada César
  MESAS      Mesa 1: Comiendo [C26,C24,C27] | Mesa 2: Haciendo el pedido [C29,C30,C28]
             Mesa 3: Eligiendo menú [C31,C32,C33] | Mesa 4: Comiendo [C23,C22,C25]
  CLIENTES   C22: Comiendo Milanesa con fritas | C23: Comiendo Hamburguesa
             C24: Pidió Milanesa con fritas, espera la comida | C25: Comiendo Pizza | C26: Comiendo Ensalada César
             C27: Comiendo Ñoquis con tuco | C28: Pidió Ñoquis con tuco, espera la comida
             C29: Pidió Ensalada César, espera la comida | C30: Pidió Milanesa con fritas, espera la comida
             C31: Eligiendo menú (Mesa 3) | C32: Eligiendo menú (Mesa 3) | C33: Eligiendo menú (Mesa 3)
  MOZOS      Mozo 1: Tomando pedido de la Mesa 2 | Mozo 2: Esperando | Mozo 3: Sirvió la Mesa 1
  COCINA     Platos: vacía
  COCINEROS  Cocinero 1: Esperando pedidos | Cocinero 2: Esperando pedidos | Cocinero 3: Esperando pedidos
  CAJAS      Fila: vacía | Cajero 1: Esperando clientes | Cajero 2: Esperando clientes
========================================================================================================================
#00343 [  26.83s] Cliente 24 empieza a comer Milanesa con fritas
  MESAS      Mesa 1: Comiendo [C26,C24,C27] | Mesa 2: Haciendo el pedido [C29,C30,C28]
             Mesa 3: Eligiendo menú [C31,C32,C33] | Mesa 4: Comiendo [C23,C22,C25]
  CLIENTES   C22: Comiendo Milanesa con fritas | C23: Comiendo Hamburguesa | C24: Comiendo Milanesa con fritas
             C25: Comiendo Pizza | C26: Comiendo Ensalada César | C27: Comiendo Ñoquis con tuco
             C28: Pidió Ñoquis con tuco, espera la comida | C29: Pidió Ensalada César, espera la comida
             C30: Pidió Milanesa con fritas, espera la comida | C31: Eligiendo menú (Mesa 3)
             C32: Eligiendo menú (Mesa 3) | C33: Eligiendo menú (Mesa 3)
  MOZOS      Mozo 1: Tomando pedido de la Mesa 2 | Mozo 2: Esperando | Mozo 3: Sirvió la Mesa 1
  COCINA     Platos: vacía
  COCINEROS  Cocinero 1: Esperando pedidos | Cocinero 2: Esperando pedidos | Cocinero 3: Esperando pedidos
  CAJAS      Fila: vacía | Cajero 1: Esperando clientes | Cajero 2: Esperando clientes
========================================================================================================================
#00344 [  26.88s] Cliente 34 llega pero el restaurante está lleno: espera afuera
  MESAS      Mesa 1: Comiendo [C26,C24,C27] | Mesa 2: Haciendo el pedido [C29,C30,C28]
             Mesa 3: Eligiendo menú [C31,C32,C33] | Mesa 4: Comiendo [C23,C22,C25]
  CLIENTES   C22: Comiendo Milanesa con fritas | C23: Comiendo Hamburguesa | C24: Comiendo Milanesa con fritas
             C25: Comiendo Pizza | C26: Comiendo Ensalada César | C27: Comiendo Ñoquis con tuco
             C28: Pidió Ñoquis con tuco, espera la comida | C29: Pidió Ensalada César, espera la comida
             C30: Pidió Milanesa con fritas, espera la comida | C31: Eligiendo menú (Mesa 3)
             C32: Eligiendo menú (Mesa 3) | C33: Eligiendo menú (Mesa 3) | C34: Esperando afuera
  MOZOS      Mozo 1: Tomando pedido de la Mesa 2 | Mozo 2: Esperando | Mozo 3: Esperando
  COCINA     Platos: vacía
  COCINEROS  Cocinero 1: Esperando pedidos | Cocinero 2: Esperando pedidos | Cocinero 3: Esperando pedidos
  CAJAS      Fila: vacía | Cajero 1: Esperando clientes | Cajero 2: Esperando clientes
========================================================================================================================
#00345 [  26.94s] Cliente 31 elige Chivito
  MESAS      Mesa 1: Comiendo [C26,C24,C27] | Mesa 2: Haciendo el pedido [C29,C30,C28]
             Mesa 3: Eligiendo menú [C31,C32,C33] | Mesa 4: Comiendo [C23,C22,C25]
  CLIENTES   C22: Comiendo Milanesa con fritas | C23: Comiendo Hamburguesa | C24: Comiendo Milanesa con fritas
             C25: Comiendo Pizza | C26: Comiendo Ensalada César | C27: Comiendo Ñoquis con tuco
             C28: Pidió Ñoquis con tuco, espera la comida | C29: Pidió Ensalada César, espera la comida
             C30: Pidió Milanesa con fritas, espera la comida | C31: Eligió Chivito, espera a su mesa
             C32: Eligiendo menú (Mesa 3) | C33: Eligiendo menú (Mesa 3) | C34: Esperando afuera
  MOZOS      Mozo 1: Tomando pedido de la Mesa 2 | Mozo 2: Esperando | Mozo 3: Esperando
  COCINA     Platos: vacía
  COCINEROS  Cocinero 1: Esperando pedidos | Cocinero 2: Esperando pedidos | Cocinero 3: Esperando pedidos
  CAJAS      Fila: vacía | Cajero 1: Esperando clientes | Cajero 2: Esperando clientes
========================================================================================================================
#00346 [  27.16s] Cliente 25 terminó de comer y va a la caja
  MESAS      Mesa 1: Comiendo [C26,C24,C27] | Mesa 2: Haciendo el pedido [C29,C30,C28]
             Mesa 3: Eligiendo menú [C31,C32,C33] | Mesa 4: Comiendo [C23,C22,C25]
  CLIENTES   C22: Comiendo Milanesa con fritas | C23: Comiendo Hamburguesa | C24: Comiendo Milanesa con fritas
             C25: En la fila de la caja | C26: Comiendo Ensalada César | C27: Comiendo Ñoquis con tuco
             C28: Pidió Ñoquis con tuco, espera la comida | C29: Pidió Ensalada César, espera la comida
             C30: Pidió Milanesa con fritas, espera la comida | C31: Eligió Chivito, espera a su mesa
             C32: Eligiendo menú (Mesa 3) | C33: Eligiendo menú (Mesa 3) | C34: Esperando afuera
  MOZOS      Mozo 1: Tomando pedido de la Mesa 2 | Mozo 2: Esperando | Mozo 3: Esperando
  COCINA     Platos: vacía
  COCINEROS  Cocinero 1: Esperando pedidos | Cocinero 2: Esperando pedidos | Cocinero 3: Esperando pedidos
  CAJAS      Fila: vacía | Cajero 1: Esperando clientes | Cajero 2: Esperando clientes
========================================================================================================================
#00347 [  27.16s] Cajero 2 le cobra Pizza ($480) a Cliente 25
  MESAS      Mesa 1: Comiendo [C26,C24,C27] | Mesa 2: Haciendo el pedido [C29,C30,C28]
             Mesa 3: Eligiendo menú [C31,C32,C33] | Mesa 4: Comiendo [C23,C22,C25]
  CLIENTES   C22: Comiendo Milanesa con fritas | C23: Comiendo Hamburguesa | C24: Comiendo Milanesa con fritas
             C25: En la fila de la caja | C26: Comiendo Ensalada César | C27: Comiendo Ñoquis con tuco
             C28: Pidió Ñoquis con tuco, espera la comida | C29: Pidió Ensalada César, espera la comida
             C30: Pidió Milanesa con fritas, espera la comida | C31: Eligió Chivito, espera a su mesa
             C32: Eligiendo menú (Mesa 3) | C33: Eligiendo menú (Mesa 3) | C34: Esperando afuera
  MOZOS      Mozo 1: Tomando pedido de la Mesa 2 | Mozo 2: Esperando | Mozo 3: Esperando
  COCINA     Platos: vacía
  COCINEROS  Cocinero 1: Esperando pedidos | Cocinero 2: Esperando pedidos | Cocinero 3: Esperando pedidos
  CAJAS      Fila: vacía | Cajero 1: Esperando clientes | Cajero 2: Cobrando a C25
========================================================================================================================
#00348 [  27.21s] Cliente 22 terminó de comer y va a la caja
  MESAS      Mesa 1: Comiendo [C26,C24,C27] | Mesa 2: Haciendo el pedido [C29,C30,C28]
             Mesa 3: Eligiendo menú [C31,C32,C33] | Mesa 4: Comiendo [C23,C22,C25]
  CLIENTES   C22: En la fila de la caja | C23: Comiendo Hamburguesa | C24: Comiendo Milanesa con fritas
             C25: En la fila de la caja | C26: Comiendo Ensalada César | C27: Comiendo Ñoquis con tuco
             C28: Pidió Ñoquis con tuco, espera la comida | C29: Pidió Ensalada César, espera la comida
             C30: Pidió Milanesa con fritas, espera la comida | C31: Eligió Chivito, espera a su mesa
             C32: Eligiendo menú (Mesa 3) | C33: Eligiendo menú (Mesa 3) | C34: Esperando afuera
  MOZOS      Mozo 1: Tomando pedido de la Mesa 2 | Mozo 2: Esperando | Mozo 3: Esperando
  COCINA     Platos: vacía
  COCINEROS  Cocinero 1: Esperando pedidos | Cocinero 2: Esperando pedidos | Cocinero 3: Esperando pedidos
  CAJAS      Fila: vacía | Cajero 1: Esperando clientes | Cajero 2: Cobrando a C25
========================================================================================================================
#00349 [  27.21s] Cajero 1 le cobra Milanesa con fritas ($520) a Cliente 22
  MESAS      Mesa 1: Comiendo [C26,C24,C27] | Mesa 2: Haciendo el pedido [C29,C30,C28]
             Mesa 3: Eligiendo menú [C31,C32,C33] | Mesa 4: Comiendo [C23,C22,C25]
  CLIENTES   C22: En la fila de la caja | C23: Comiendo Hamburguesa | C24: Comiendo Milanesa con fritas
             C25: En la fila de la caja | C26: Comiendo Ensalada César | C27: Comiendo Ñoquis con tuco
             C28: Pidió Ñoquis con tuco, espera la comida | C29: Pidió Ensalada César, espera la comida
             C30: Pidió Milanesa con fritas, espera la comida | C31: Eligió Chivito, espera a su mesa
             C32: Eligiendo menú (Mesa 3) | C33: Eligiendo menú (Mesa 3) | C34: Esperando afuera
  MOZOS      Mozo 1: Tomando pedido de la Mesa 2 | Mozo 2: Esperando | Mozo 3: Esperando
  COCINA     Platos: vacía
  COCINEROS  Cocinero 1: Esperando pedidos | Cocinero 2: Esperando pedidos | Cocinero 3: Esperando pedidos
  CAJAS      Fila: vacía | Cajero 1: Cobrando a C22 | Cajero 2: Cobrando a C25
========================================================================================================================
#00350 [  27.27s] Cliente 32 elige Ñoquis con tuco
  MESAS      Mesa 1: Comiendo [C26,C24,C27] | Mesa 2: Haciendo el pedido [C29,C30,C28]
             Mesa 3: Eligiendo menú [C31,C32,C33] | Mesa 4: Comiendo [C23,C22,C25]
  CLIENTES   C22: En la fila de la caja | C23: Comiendo Hamburguesa | C24: Comiendo Milanesa con fritas
             C25: En la fila de la caja | C26: Comiendo Ensalada César | C27: Comiendo Ñoquis con tuco
             C28: Pidió Ñoquis con tuco, espera la comida | C29: Pidió Ensalada César, espera la comida
             C30: Pidió Milanesa con fritas, espera la comida | C31: Eligió Chivito, espera a su mesa
             C32: Eligió Ñoquis con tuco, espera a su mesa | C33: Eligiendo menú (Mesa 3) | C34: Esperando afuera
  MOZOS      Mozo 1: Tomando pedido de la Mesa 2 | Mozo 2: Esperando | Mozo 3: Esperando
  COCINA     Platos: vacía
  COCINEROS  Cocinero 1: Esperando pedidos | Cocinero 2: Esperando pedidos | Cocinero 3: Esperando pedidos
  CAJAS      Fila: vacía | Cajero 1: Cobrando a C22 | Cajero 2: Cobrando a C25
========================================================================================================================
#00351 [  27.42s] Mozo 1 pasa a la cocina el Pedido #10 de la Mesa 2 -> C29: Ensalada César, C30: Milanesa con fritas, C28: Ñoquis con tuco
  MESAS      Mesa 1: Comiendo [C26,C24,C27] | Mesa 2: Esperando la comida [C29,C30,C28]
             Mesa 3: Eligiendo menú [C31,C32,C33] | Mesa 4: Comiendo [C23,C22,C25]
  CLIENTES   C22: En la fila de la caja | C23: Comiendo Hamburguesa | C24: Comiendo Milanesa con fritas
             C25: En la fila de la caja | C26: Comiendo Ensalada César | C27: Comiendo Ñoquis con tuco
             C28: Pidió Ñoquis con tuco, espera la comida | C29: Pidió Ensalada César, espera la comida
             C30: Pidió Milanesa con fritas, espera la comida | C31: Eligió Chivito, espera a su mesa
             C32: Eligió Ñoquis con tuco, espera a su mesa | C33: Eligiendo menú (Mesa 3) | C34: Esperando afuera
  MOZOS      Mozo 1: Dejó el Pedido #10 en cocina | Mozo 2: Esperando | Mozo 3: Esperando
  COCINA     Platos: vacía
  COCINEROS  Cocinero 1: Esperando pedidos | Cocinero 2: Esperando pedidos | Cocinero 3: Esperando pedidos
  CAJAS      Fila: vacía | Cajero 1: Cobrando a C22 | Cajero 2: Cobrando a C25
========================================================================================================================
#00352 [  27.42s] Cocinero 1 empieza a cocinar Ensalada César (Pedido #10, Mesa 2)
  MESAS      Mesa 1: Comiendo [C26,C24,C27] | Mesa 2: Esperando la comida [C29,C30,C28]
             Mesa 3: Eligiendo menú [C31,C32,C33] | Mesa 4: Comiendo [C23,C22,C25]
  CLIENTES   C22: En la fila de la caja | C23: Comiendo Hamburguesa | C24: Comiendo Milanesa con fritas
             C25: En la fila de la caja | C26: Comiendo Ensalada César | C27: Comiendo Ñoquis con tuco
             C28: Pidió Ñoquis con tuco, espera la comida | C29: Pidió Ensalada César, espera la comida
             C30: Pidió Milanesa con fritas, espera la comida | C31: Eligió Chivito, espera a su mesa
             C32: Eligió Ñoquis con tuco, espera a su mesa | C33: Eligiendo menú (Mesa 3) | C34: Esperando afuera
  MOZOS      Mozo 1: Esperando | Mozo 2: Esperando | Mozo 3: Esperando
  COCINA     Platos: vacía
  COCINEROS  Cocinero 1: Cocinando Ensalada César | Cocinero 2: Esperando pedidos | Cocinero 3: Esperando pedidos
  CAJAS      Fila: vacía | Cajero 1: Cobrando a C22 | Cajero 2: Cobrando a C25
========================================================================================================================
#00353 [  27.42s] Cocinero 2 empieza a cocinar Ñoquis con tuco (Pedido #10, Mesa 2)
  MESAS      Mesa 1: Comiendo [C26,C24,C27] | Mesa 2: Esperando la comida [C29,C30,C28]
             Mesa 3: Eligiendo menú [C31,C32,C33] | Mesa 4: Comiendo [C23,C22,C25]
  CLIENTES   C22: En la fila de la caja | C23: Comiendo Hamburguesa | C24: Comiendo Milanesa con fritas
             C25: En la fila de la caja | C26: Comiendo Ensalada César | C27: Comiendo Ñoquis con tuco
             C28: Pidió Ñoquis con tuco, espera la comida | C29: Pidió Ensalada César, espera la comida
             C30: Pidió Milanesa con fritas, espera la comida | C31: Eligió Chivito, espera a su mesa
             C32: Eligió Ñoquis con tuco, espera a su mesa | C33: Eligiendo menú (Mesa 3) | C34: Esperando afuera
  MOZOS      Mozo 1: Esperando | Mozo 2: Esperando | Mozo 3: Esperando
  COCINA     Platos: vacía
  COCINEROS  Cocinero 1: Cocinando Ensalada César | Cocinero 2: Cocinando Ñoquis con tuco
             Cocinero 3: Esperando pedidos
  CAJAS      Fila: vacía | Cajero 1: Cobrando a C22 | Cajero 2: Cobrando a C25
========================================================================================================================
#00354 [  27.42s] Cocinero 3 empieza a cocinar Milanesa con fritas (Pedido #10, Mesa 2)
  MESAS      Mesa 1: Comiendo [C26,C24,C27] | Mesa 2: Esperando la comida [C29,C30,C28]
             Mesa 3: Eligiendo menú [C31,C32,C33] | Mesa 4: Comiendo [C23,C22,C25]
  CLIENTES   C22: En la fila de la caja | C23: Comiendo Hamburguesa | C24: Comiendo Milanesa con fritas
             C25: En la fila de la caja | C26: Comiendo Ensalada César | C27: Comiendo Ñoquis con tuco
             C28: Pidió Ñoquis con tuco, espera la comida | C29: Pidió Ensalada César, espera la comida
             C30: Pidió Milanesa con fritas, espera la comida | C31: Eligió Chivito, espera a su mesa
             C32: Eligió Ñoquis con tuco, espera a su mesa | C33: Eligiendo menú (Mesa 3) | C34: Esperando afuera
  MOZOS      Mozo 1: Esperando | Mozo 2: Esperando | Mozo 3: Esperando
  COCINA     Platos: vacía
  COCINEROS  Cocinero 1: Cocinando Ensalada César | Cocinero 2: Cocinando Ñoquis con tuco
             Cocinero 3: Cocinando Milanesa con fritas
  CAJAS      Fila: vacía | Cajero 1: Cobrando a C22 | Cajero 2: Cobrando a C25
========================================================================================================================
#00355 [  27.47s] Cliente 33 elige Hamburguesa
  MESAS      Mesa 1: Comiendo [C26,C24,C27] | Mesa 2: Esperando la comida [C29,C30,C28]
             Mesa 3: Eligiendo menú [C31,C32,C33] | Mesa 4: Comiendo [C23,C22,C25]
  CLIENTES   C22: En la fila de la caja | C23: Comiendo Hamburguesa | C24: Comiendo Milanesa con fritas
             C25: En la fila de la caja | C26: Comiendo Ensalada César | C27: Comiendo Ñoquis con tuco
             C28: Pidió Ñoquis con tuco, espera la comida | C29: Pidió Ensalada César, espera la comida
             C30: Pidió Milanesa con fritas, espera la comida | C31: Eligió Chivito, espera a su mesa
             C32: Eligió Ñoquis con tuco, espera a su mesa | C33: Eligió Hamburguesa, espera a su mesa
             C34: Esperando afuera
  MOZOS      Mozo 1: Esperando | Mozo 2: Esperando | Mozo 3: Esperando
  COCINA     Platos: vacía
  COCINEROS  Cocinero 1: Cocinando Ensalada César | Cocinero 2: Cocinando Ñoquis con tuco
             Cocinero 3: Cocinando Milanesa con fritas
  CAJAS      Fila: vacía | Cajero 1: Cobrando a C22 | Cajero 2: Cobrando a C25
========================================================================================================================
#00356 [  27.47s] Todos en la Mesa 3 eligieron: llaman a un mozo
  MESAS      Mesa 1: Comiendo [C26,C24,C27] | Mesa 2: Esperando la comida [C29,C30,C28]
             Mesa 3: Llamando al mozo [C31,C32,C33] | Mesa 4: Comiendo [C23,C22,C25]
  CLIENTES   C22: En la fila de la caja | C23: Comiendo Hamburguesa | C24: Comiendo Milanesa con fritas
             C25: En la fila de la caja | C26: Comiendo Ensalada César | C27: Comiendo Ñoquis con tuco
             C28: Pidió Ñoquis con tuco, espera la comida | C29: Pidió Ensalada César, espera la comida
             C30: Pidió Milanesa con fritas, espera la comida | C31: Eligió Chivito, espera a su mesa
             C32: Eligió Ñoquis con tuco, espera a su mesa | C33: Eligió Hamburguesa, espera a su mesa
             C34: Esperando afuera
  MOZOS      Mozo 1: Esperando | Mozo 2: Esperando | Mozo 3: Esperando
  COCINA     Platos: vacía
  COCINEROS  Cocinero 1: Cocinando Ensalada César | Cocinero 2: Cocinando Ñoquis con tuco
             Cocinero 3: Cocinando Milanesa con fritas
  CAJAS      Fila: vacía | Cajero 1: Cobrando a C22 | Cajero 2: Cobrando a C25
========================================================================================================================
#00357 [  27.47s] Mozo 2 va a la Mesa 3 a tomar el pedido
  MESAS      Mesa 1: Comiendo [C26,C24,C27] | Mesa 2: Esperando la comida [C29,C30,C28]
             Mesa 3: Haciendo el pedido [C31,C32,C33] | Mesa 4: Comiendo [C23,C22,C25]
  CLIENTES   C22: En la fila de la caja | C23: Comiendo Hamburguesa | C24: Comiendo Milanesa con fritas
             C25: En la fila de la caja | C26: Comiendo Ensalada César | C27: Comiendo Ñoquis con tuco
             C28: Pidió Ñoquis con tuco, espera la comida | C29: Pidió Ensalada César, espera la comida
             C30: Pidió Milanesa con fritas, espera la comida | C31: Esperando al mozo (Chivito)
             C32: Esperando al mozo (Ñoquis con tuco) | C33: Esperando al mozo (Hamburguesa) | C34: Esperando afuera
  MOZOS      Mozo 1: Esperando | Mozo 2: Tomando pedido de la Mesa 3 | Mozo 3: Esperando
  COCINA     Platos: vacía
  COCINEROS  Cocinero 1: Cocinando Ensalada César | Cocinero 2: Cocinando Ñoquis con tuco
             Cocinero 3: Cocinando Milanesa con fritas
  CAJAS      Fila: vacía | Cajero 1: Cobrando a C22 | Cajero 2: Cobrando a C25
========================================================================================================================
#00358 [  27.58s] Cliente 25 pagó y se va del restaurante
  MESAS      Mesa 1: Comiendo [C26,C24,C27] | Mesa 2: Esperando la comida [C29,C30,C28]
             Mesa 3: Haciendo el pedido [C31,C32,C33] | Mesa 4: Comiendo [C23,C22,C25] (quedan 2)
  CLIENTES   C22: En la fila de la caja | C23: Comiendo Hamburguesa | C24: Comiendo Milanesa con fritas
             C26: Comiendo Ensalada César | C27: Comiendo Ñoquis con tuco | C28: Pidió Ñoquis con tuco, espera la comida
             C29: Pidió Ensalada César, espera la comida | C30: Pidió Milanesa con fritas, espera la comida
             C31: Pidió Chivito, espera la comida | C32: Pidió Ñoquis con tuco, espera la comida
             C33: Pidió Hamburguesa, espera la comida | C34: Esperando afuera
  MOZOS      Mozo 1: Esperando | Mozo 2: Tomando pedido de la Mesa 3 | Mozo 3: Esperando
  COCINA     Platos: vacía
  COCINEROS  Cocinero 1: Cocinando Ensalada César | Cocinero 2: Cocinando Ñoquis con tuco
             Cocinero 3: Cocinando Milanesa con fritas
  CAJAS      Fila: vacía | Cajero 1: Cobrando a C22 | Cajero 2: Esperando clientes
========================================================================================================================
#00359 [  27.58s] Cliente 34 entra al restaurante (12/12 adentro)
  MESAS      Mesa 1: Comiendo [C26,C24,C27] | Mesa 2: Esperando la comida [C29,C30,C28]
             Mesa 3: Haciendo el pedido [C31,C32,C33] | Mesa 4: Comiendo [C23,C22,C25] (quedan 2)
  CLIENTES   C22: En la fila de la caja | C23: Comiendo Hamburguesa | C24: Comiendo Milanesa con fritas
             C26: Comiendo Ensalada César | C27: Comiendo Ñoquis con tuco | C28: Pidió Ñoquis con tuco, espera la comida
             C29: Pidió Ensalada César, espera la comida | C30: Pidió Milanesa con fritas, espera la comida
             C31: Pidió Chivito, espera la comida | C32: Pidió Ñoquis con tuco, espera la comida
             C33: Pidió Hamburguesa, espera la comida | C34: En la sala de espera
  MOZOS      Mozo 1: Esperando | Mozo 2: Tomando pedido de la Mesa 3 | Mozo 3: Esperando
  COCINA     Platos: vacía
  COCINEROS  Cocinero 1: Cocinando Ensalada César | Cocinero 2: Cocinando Ñoquis con tuco
             Cocinero 3: Cocinando Milanesa con fritas
  CAJAS      Fila: vacía | Cajero 1: Cobrando a C22 | Cajero 2: Esperando clientes
========================================================================================================================
#00360 [  27.66s] Cliente 35 llega pero el restaurante está lleno: espera afuera
  MESAS      Mesa 1: Comiendo [C26,C24,C27] | Mesa 2: Esperando la comida [C29,C30,C28]
             Mesa 3: Haciendo el pedido [C31,C32,C33] | Mesa 4: Comiendo [C23,C22,C25] (quedan 2)
  CLIENTES   C22: En la fila de la caja | C23: Comiendo Hamburguesa | C24: Comiendo Milanesa con fritas
             C26: Comiendo Ensalada César | C27: Comiendo Ñoquis con tuco | C28: Pidió Ñoquis con tuco, espera la comida
             C29: Pidió Ensalada César, espera la comida | C30: Pidió Milanesa con fritas, espera la comida
             C31: Pidió Chivito, espera la comida | C32: Pidió Ñoquis con tuco, espera la comida
             C33: Pidió Hamburguesa, espera la comida | C34: En la sala de espera | C35: Esperando afuera
  MOZOS      Mozo 1: Esperando | Mozo 2: Tomando pedido de la Mesa 3 | Mozo 3: Esperando
  COCINA     Platos: vacía
  COCINEROS  Cocinero 1: Cocinando Ensalada César | Cocinero 2: Cocinando Ñoquis con tuco
             Cocinero 3: Cocinando Milanesa con fritas
  CAJAS      Fila: vacía | Cajero 1: Cobrando a C22 | Cajero 2: Esperando clientes
========================================================================================================================
#00361 [  27.84s] Cliente 22 pagó y se va del restaurante
  MESAS      Mesa 1: Comiendo [C26,C24,C27] | Mesa 2: Esperando la comida [C29,C30,C28]
             Mesa 3: Haciendo el pedido [C31,C32,C33] | Mesa 4: Comiendo [C23,C22,C25] (quedan 1)
  CLIENTES   C23: Comiendo Hamburguesa | C24: Comiendo Milanesa con fritas | C26: Comiendo Ensalada César
             C27: Comiendo Ñoquis con tuco | C28: Pidió Ñoquis con tuco, espera la comida
             C29: Pidió Ensalada César, espera la comida | C30: Pidió Milanesa con fritas, espera la comida
             C31: Pidió Chivito, espera la comida | C32: Pidió Ñoquis con tuco, espera la comida
             C33: Pidió Hamburguesa, espera la comida | C34: En la sala de espera | C35: Esperando afuera
  MOZOS      Mozo 1: Esperando | Mozo 2: Tomando pedido de la Mesa 3 | Mozo 3: Esperando
  COCINA     Platos: vacía
  COCINEROS  Cocinero 1: Cocinando Ensalada César | Cocinero 2: Cocinando Ñoquis con tuco
             Cocinero 3: Cocinando Milanesa con fritas
  CAJAS      Fila: vacía | Cajero 1: Esperando clientes | Cajero 2: Esperando clientes
========================================================================================================================
#00362 [  27.84s] Cliente 35 entra al restaurante (12/12 adentro)
  MESAS      Mesa 1: Comiendo [C26,C24,C27] | Mesa 2: Esperando la comida [C29,C30,C28]
             Mesa 3: Haciendo el pedido [C31,C32,C33] | Mesa 4: Comiendo [C23,C22,C25] (quedan 1)
  CLIENTES   C23: Comiendo Hamburguesa | C24: Comiendo Milanesa con fritas | C26: Comiendo Ensalada César
             C27: Comiendo Ñoquis con tuco | C28: Pidió Ñoquis con tuco, espera la comida
             C29: Pidió Ensalada César, espera la comida | C30: Pidió Milanesa con fritas, espera la comida
             C31: Pidió Chivito, espera la comida | C32: Pidió Ñoquis con tuco, espera la comida
             C33: Pidió Hamburguesa, espera la comida | C34: En la sala de espera | C35: En la sala de espera
  MOZOS      Mozo 1: Esperando | Mozo 2: Tomando pedido de la Mesa 3 | Mozo 3: Esperando
  COCINA     Platos: vacía
  COCINEROS  Cocinero 1: Cocinando Ensalada César | Cocinero 2: Cocinando Ñoquis con tuco
             Cocinero 3: Cocinando Milanesa con fritas
  CAJAS      Fila: vacía | Cajero 1: Esperando clientes | Cajero 2: Esperando clientes
========================================================================================================================
#00363 [  28.05s] Cocinero 1 deja listo Ensalada César (Pedido #10, Mesa 2)
  MESAS      Mesa 1: Comiendo [C26,C24,C27] | Mesa 2: Esperando la comida [C29,C30,C28]
             Mesa 3: Haciendo el pedido [C31,C32,C33] | Mesa 4: Comiendo [C23,C22,C25] (quedan 1)
  CLIENTES   C23: Comiendo Hamburguesa | C24: Comiendo Milanesa con fritas | C26: Comiendo Ensalada César
             C27: Comiendo Ñoquis con tuco | C28: Pidió Ñoquis con tuco, espera la comida
             C29: Pidió Ensalada César, espera la comida | C30: Pidió Milanesa con fritas, espera la comida
             C31: Pidió Chivito, espera la comida | C32: Pidió Ñoquis con tuco, espera la comida
             C33: Pidió Hamburguesa, espera la comida | C34: En la sala de espera | C35: En la sala de espera
  MOZOS      Mozo 1: Esperando | Mozo 2: Tomando pedido de la Mesa 3 | Mozo 3: Esperando
  COCINA     Platos: vacía
  COCINEROS  Cocinero 1: Dejó listo Ensalada César | Cocinero 2: Cocinando Ñoquis con tuco
             Cocinero 3: Cocinando Milanesa con fritas
  CAJAS      Fila: vacía | Cajero 1: Esperando clientes | Cajero 2: Esperando clientes
========================================================================================================================
#00364 [  28.08s] Mozo 2 pasa a la cocina el Pedido #11 de la Mesa 3 -> C31: Chivito, C32: Ñoquis con tuco, C33: Hamburguesa
  MESAS      Mesa 1: Comiendo [C26,C24,C27] | Mesa 2: Esperando la comida [C29,C30,C28]
             Mesa 3: Esperando la comida [C31,C32,C33] | Mesa 4: Comiendo [C23,C22,C25] (quedan 1)
  CLIENTES   C23: Comiendo Hamburguesa | C24: Comiendo Milanesa con fritas | C26: Comiendo Ensalada César
             C27: Comiendo Ñoquis con tuco | C28: Pidió Ñoquis con tuco, espera la comida
             C29: Pidió Ensalada César, espera la comida | C30: Pidió Milanesa con fritas, espera la comida
             C31: Pidió Chivito, espera la comida | C32: Pidió Ñoquis con tuco, espera la comida
             C33: Pidió Hamburguesa, espera la comida | C34: En la sala de espera | C35: En la sala de espera
  MOZOS      Mozo 1: Esperando | Mozo 2: Dejó el Pedido #11 en cocina | Mozo 3: Esperando
  COCINA     Platos: vacía
  COCINEROS  Cocinero 1: Esperando pedidos | Cocinero 2: Cocinando Ñoquis con tuco
             Cocinero 3: Cocinando Milanesa con fritas
  CAJAS      Fila: vacía | Cajero 1: Esperando clientes | Cajero 2: Esperando clientes
========================================================================================================================
#00365 [  28.08s] Cocinero 1 empieza a cocinar Chivito (Pedido #11, Mesa 3)
  MESAS      Mesa 1: Comiendo [C26,C24,C27] | Mesa 2: Esperando la comida [C29,C30,C28]
             Mesa 3: Esperando la comida [C31,C32,C33] | Mesa 4: Comiendo [C23,C22,C25] (quedan 1)
  CLIENTES   C23: Comiendo Hamburguesa | C24: Comiendo Milanesa con fritas | C26: Comiendo Ensalada César
             C27: Comiendo Ñoquis con tuco | C28: Pidió Ñoquis con tuco, espera la comida
             C29: Pidió Ensalada César, espera la comida | C30: Pidió Milanesa con fritas, espera la comida
             C31: Pidió Chivito, espera la comida | C32: Pidió Ñoquis con tuco, espera la comida
             C33: Pidió Hamburguesa, espera la comida | C34: En la sala de espera | C35: En la sala de espera
  MOZOS      Mozo 1: Esperando | Mozo 2: Esperando | Mozo 3: Esperando
  COCINA     Platos: por cocinar: #11 Ñoquis con tuco, #11 Hamburguesa
  COCINEROS  Cocinero 1: Cocinando Chivito | Cocinero 2: Cocinando Ñoquis con tuco
             Cocinero 3: Cocinando Milanesa con fritas
  CAJAS      Fila: vacía | Cajero 1: Esperando clientes | Cajero 2: Esperando clientes
========================================================================================================================
#00366 [  28.54s] Cliente 36 llega pero el restaurante está lleno: espera afuera
  MESAS      Mesa 1: Comiendo [C26,C24,C27] | Mesa 2: Esperando la comida [C29,C30,C28]
             Mesa 3: Esperando la comida [C31,C32,C33] | Mesa 4: Comiendo [C23,C22,C25] (quedan 1)
  CLIENTES   C23: Comiendo Hamburguesa | C24: Comiendo Milanesa con fritas | C26: Comiendo Ensalada César
             C27: Comiendo Ñoquis con tuco | C28: Pidió Ñoquis con tuco, espera la comida
             C29: Pidió Ensalada César, espera la comida | C30: Pidió Milanesa con fritas, espera la comida
             C31: Pidió Chivito, espera la comida | C32: Pidió Ñoquis con tuco, espera la comida
             C33: Pidió Hamburguesa, espera la comida | C34: En la sala de espera | C35: En la sala de espera
             C36: Esperando afuera
  MOZOS      Mozo 1: Esperando | Mozo 2: Esperando | Mozo 3: Esperando
  COCINA     Platos: por cocinar: #11 Ñoquis con tuco, #11 Hamburguesa
  COCINEROS  Cocinero 1: Cocinando Chivito | Cocinero 2: Cocinando Ñoquis con tuco
             Cocinero 3: Cocinando Milanesa con fritas
  CAJAS      Fila: vacía | Cajero 1: Esperando clientes | Cajero 2: Esperando clientes
========================================================================================================================
#00367 [  28.75s] Cocinero 2 deja listo Ñoquis con tuco (Pedido #10, Mesa 2)
  MESAS      Mesa 1: Comiendo [C26,C24,C27] | Mesa 2: Esperando la comida [C29,C30,C28]
             Mesa 3: Esperando la comida [C31,C32,C33] | Mesa 4: Comiendo [C23,C22,C25] (quedan 1)
  CLIENTES   C23: Comiendo Hamburguesa | C24: Comiendo Milanesa con fritas | C26: Comiendo Ensalada César
             C27: Comiendo Ñoquis con tuco | C28: Pidió Ñoquis con tuco, espera la comida
             C29: Pidió Ensalada César, espera la comida | C30: Pidió Milanesa con fritas, espera la comida
             C31: Pidió Chivito, espera la comida | C32: Pidió Ñoquis con tuco, espera la comida
             C33: Pidió Hamburguesa, espera la comida | C34: En la sala de espera | C35: En la sala de espera
             C36: Esperando afuera
  MOZOS      Mozo 1: Esperando | Mozo 2: Esperando | Mozo 3: Esperando
  COCINA     Platos: por cocinar: #11 Ñoquis con tuco, #11 Hamburguesa
  COCINEROS  Cocinero 1: Cocinando Chivito | Cocinero 2: Dejó listo Ñoquis con tuco
             Cocinero 3: Cocinando Milanesa con fritas
  CAJAS      Fila: vacía | Cajero 1: Esperando clientes | Cajero 2: Esperando clientes
========================================================================================================================
#00368 [  28.76s] Cocinero 2 empieza a cocinar Ñoquis con tuco (Pedido #11, Mesa 3)
  MESAS      Mesa 1: Comiendo [C26,C24,C27] | Mesa 2: Esperando la comida [C29,C30,C28]
             Mesa 3: Esperando la comida [C31,C32,C33] | Mesa 4: Comiendo [C23,C22,C25] (quedan 1)
  CLIENTES   C23: Comiendo Hamburguesa | C24: Comiendo Milanesa con fritas | C26: Comiendo Ensalada César
             C27: Comiendo Ñoquis con tuco | C28: Pidió Ñoquis con tuco, espera la comida
             C29: Pidió Ensalada César, espera la comida | C30: Pidió Milanesa con fritas, espera la comida
             C31: Pidió Chivito, espera la comida | C32: Pidió Ñoquis con tuco, espera la comida
             C33: Pidió Hamburguesa, espera la comida | C34: En la sala de espera | C35: En la sala de espera
             C36: Esperando afuera
  MOZOS      Mozo 1: Esperando | Mozo 2: Esperando | Mozo 3: Esperando
  COCINA     Platos: por cocinar: #11 Hamburguesa
  COCINEROS  Cocinero 1: Cocinando Chivito | Cocinero 2: Cocinando Ñoquis con tuco
             Cocinero 3: Cocinando Milanesa con fritas
  CAJAS      Fila: vacía | Cajero 1: Esperando clientes | Cajero 2: Esperando clientes
========================================================================================================================
#00369 [  28.80s] Cliente 23 terminó de comer y va a la caja
  MESAS      Mesa 1: Comiendo [C26,C24,C27] | Mesa 2: Esperando la comida [C29,C30,C28]
             Mesa 3: Esperando la comida [C31,C32,C33] | Mesa 4: Comiendo [C23,C22,C25] (quedan 1)
  CLIENTES   C23: En la fila de la caja | C24: Comiendo Milanesa con fritas | C26: Comiendo Ensalada César
             C27: Comiendo Ñoquis con tuco | C28: Pidió Ñoquis con tuco, espera la comida
             C29: Pidió Ensalada César, espera la comida | C30: Pidió Milanesa con fritas, espera la comida
             C31: Pidió Chivito, espera la comida | C32: Pidió Ñoquis con tuco, espera la comida
             C33: Pidió Hamburguesa, espera la comida | C34: En la sala de espera | C35: En la sala de espera
             C36: Esperando afuera
  MOZOS      Mozo 1: Esperando | Mozo 2: Esperando | Mozo 3: Esperando
  COCINA     Platos: por cocinar: #11 Hamburguesa
  COCINEROS  Cocinero 1: Cocinando Chivito | Cocinero 2: Cocinando Ñoquis con tuco
             Cocinero 3: Cocinando Milanesa con fritas
  CAJAS      Fila: vacía | Cajero 1: Esperando clientes | Cajero 2: Esperando clientes
========================================================================================================================
#00370 [  28.80s] Cajero 2 le cobra Hamburguesa ($450) a Cliente 23
  MESAS      Mesa 1: Comiendo [C26,C24,C27] | Mesa 2: Esperando la comida [C29,C30,C28]
             Mesa 3: Esperando la comida [C31,C32,C33] | Mesa 4: Comiendo [C23,C22,C25] (quedan 1)
  CLIENTES   C23: En la fila de la caja | C24: Comiendo Milanesa con fritas | C26: Comiendo Ensalada César
             C27: Comiendo Ñoquis con tuco | C28: Pidió Ñoquis con tuco, espera la comida
             C29: Pidió Ensalada César, espera la comida | C30: Pidió Milanesa con fritas, espera la comida
             C31: Pidió Chivito, espera la comida | C32: Pidió Ñoquis con tuco, espera la comida
             C33: Pidió Hamburguesa, espera la comida | C34: En la sala de espera | C35: En la sala de espera
             C36: Esperando afuera
  MOZOS      Mozo 1: Esperando | Mozo 2: Esperando | Mozo 3: Esperando
  COCINA     Platos: por cocinar: #11 Hamburguesa
  COCINEROS  Cocinero 1: Cocinando Chivito | Cocinero 2: Cocinando Ñoquis con tuco
             Cocinero 3: Cocinando Milanesa con fritas
  CAJAS      Fila: vacía | Cajero 1: Esperando clientes | Cajero 2: Cobrando a C23
========================================================================================================================
#00371 [  28.87s] Cliente 26 terminó de comer y va a la caja
  MESAS      Mesa 1: Comiendo [C26,C24,C27] | Mesa 2: Esperando la comida [C29,C30,C28]
             Mesa 3: Esperando la comida [C31,C32,C33] | Mesa 4: Comiendo [C23,C22,C25] (quedan 1)
  CLIENTES   C23: En la fila de la caja | C24: Comiendo Milanesa con fritas | C26: En la fila de la caja
             C27: Comiendo Ñoquis con tuco | C28: Pidió Ñoquis con tuco, espera la comida
             C29: Pidió Ensalada César, espera la comida | C30: Pidió Milanesa con fritas, espera la comida
             C31: Pidió Chivito, espera la comida | C32: Pidió Ñoquis con tuco, espera la comida
             C33: Pidió Hamburguesa, espera la comida | C34: En la sala de espera | C35: En la sala de espera
             C36: Esperando afuera
  MOZOS      Mozo 1: Esperando | Mozo 2: Esperando | Mozo 3: Esperando
  COCINA     Platos: por cocinar: #11 Hamburguesa
  COCINEROS  Cocinero 1: Cocinando Chivito | Cocinero 2: Cocinando Ñoquis con tuco
             Cocinero 3: Cocinando Milanesa con fritas
  CAJAS      Fila: vacía | Cajero 1: Esperando clientes | Cajero 2: Cobrando a C23
========================================================================================================================
#00372 [  28.87s] Cajero 1 le cobra Ensalada César ($350) a Cliente 26
  MESAS      Mesa 1: Comiendo [C26,C24,C27] | Mesa 2: Esperando la comida [C29,C30,C28]
             Mesa 3: Esperando la comida [C31,C32,C33] | Mesa 4: Comiendo [C23,C22,C25] (quedan 1)
  CLIENTES   C23: En la fila de la caja | C24: Comiendo Milanesa con fritas | C26: En la fila de la caja
             C27: Comiendo Ñoquis con tuco | C28: Pidió Ñoquis con tuco, espera la comida
             C29: Pidió Ensalada César, espera la comida | C30: Pidió Milanesa con fritas, espera la comida
             C31: Pidió Chivito, espera la comida | C32: Pidió Ñoquis con tuco, espera la comida
             C33: Pidió Hamburguesa, espera la comida | C34: En la sala de espera | C35: En la sala de espera
             C36: Esperando afuera
  MOZOS      Mozo 1: Esperando | Mozo 2: Esperando | Mozo 3: Esperando
  COCINA     Platos: por cocinar: #11 Hamburguesa
  COCINEROS  Cocinero 1: Cocinando Chivito | Cocinero 2: Cocinando Ñoquis con tuco
             Cocinero 3: Cocinando Milanesa con fritas
  CAJAS      Fila: vacía | Cajero 1: Cobrando a C26 | Cajero 2: Cobrando a C23
========================================================================================================================
#00373 [  29.17s] Cocinero 3 deja listo Milanesa con fritas (Pedido #10, Mesa 2)
  MESAS      Mesa 1: Comiendo [C26,C24,C27] | Mesa 2: Esperando la comida [C29,C30,C28]
             Mesa 3: Esperando la comida [C31,C32,C33] | Mesa 4: Comiendo [C23,C22,C25] (quedan 1)
  CLIENTES   C23: En la fila de la caja | C24: Comiendo Milanesa con fritas | C26: En la fila de la caja
             C27: Comiendo Ñoquis con tuco | C28: Pidió Ñoquis con tuco, espera la comida
             C29: Pidió Ensalada César, espera la comida | C30: Pidió Milanesa con fritas, espera la comida
             C31: Pidió Chivito, espera la comida | C32: Pidió Ñoquis con tuco, espera la comida
             C33: Pidió Hamburguesa, espera la comida | C34: En la sala de espera | C35: En la sala de espera
             C36: Esperando afuera
  MOZOS      Mozo 1: Esperando | Mozo 2: Esperando | Mozo 3: Esperando
  COCINA     Platos: por cocinar: #11 Hamburguesa
  COCINEROS  Cocinero 1: Cocinando Chivito | Cocinero 2: Cocinando Ñoquis con tuco
             Cocinero 3: Dejó listo Milanesa con fritas
  CAJAS      Fila: vacía | Cajero 1: Cobrando a C26 | Cajero 2: Cobrando a C23
========================================================================================================================
#00374 [  29.17s] La cocina avisa a los mozos: Pedido #10 de la Mesa 2 está completo
  MESAS      Mesa 1: Comiendo [C26,C24,C27] | Mesa 2: Platos listos en cocina [C29,C30,C28]
             Mesa 3: Esperando la comida [C31,C32,C33] | Mesa 4: Comiendo [C23,C22,C25] (quedan 1)
  CLIENTES   C23: En la fila de la caja | C24: Comiendo Milanesa con fritas | C26: En la fila de la caja
             C27: Comiendo Ñoquis con tuco | C28: Pidió Ñoquis con tuco, espera la comida
             C29: Pidió Ensalada César, espera la comida | C30: Pidió Milanesa con fritas, espera la comida
             C31: Pidió Chivito, espera la comida | C32: Pidió Ñoquis con tuco, espera la comida
             C33: Pidió Hamburguesa, espera la comida | C34: En la sala de espera | C35: En la sala de espera
             C36: Esperando afuera
  MOZOS      Mozo 1: Esperando | Mozo 2: Esperando | Mozo 3: Esperando
  COCINA     Platos: por cocinar: #11 Hamburguesa
  COCINEROS  Cocinero 1: Cocinando Chivito | Cocinero 2: Cocinando Ñoquis con tuco
             Cocinero 3: Dejó listo Milanesa con fritas
  CAJAS      Fila: vacía | Cajero 1: Cobrando a C26 | Cajero 2: Cobrando a C23
========================================================================================================================
#00375 [  29.17s] Mozo 1 retira de la cocina los platos de la Mesa 2
  MESAS      Mesa 1: Comiendo [C26,C24,C27] | Mesa 2: Platos listos en cocina [C29,C30,C28]
             Mesa 3: Esperando la comida [C31,C32,C33] | Mesa 4: Comiendo [C23,C22,C25] (quedan 1)
  CLIENTES   C23: En la fila de la caja | C24: Comiendo Milanesa con fritas | C26: En la fila de la caja
             C27: Comiendo Ñoquis con tuco | C28: Pidió Ñoquis con tuco, espera la comida
             C29: Pidió Ensalada César, espera la comida | C30: Pidió Milanesa con fritas, espera la comida
             C31: Pidió Chivito, espera la comida | C32: Pidió Ñoquis con tuco, espera la comida
             C33: Pidió Hamburguesa, espera la comida | C34: En la sala de espera | C35: En la sala de espera
             C36: Esperando afuera
  MOZOS      Mozo 1: Llevando platos a la Mesa 2 | Mozo 2: Esperando | Mozo 3: Esperando
  COCINA     Platos: por cocinar: #11 Hamburguesa
  COCINEROS  Cocinero 1: Cocinando Chivito | Cocinero 2: Cocinando Ñoquis con tuco | Cocinero 3: Esperando pedidos
  CAJAS      Fila: vacía | Cajero 1: Cobrando a C26 | Cajero 2: Cobrando a C23
========================================================================================================================
#00376 [  29.17s] Cocinero 3 empieza a cocinar Hamburguesa (Pedido #11, Mesa 3)
  MESAS      Mesa 1: Comiendo [C26,C24,C27] | Mesa 2: Platos listos en cocina [C29,C30,C28]
             Mesa 3: Esperando la comida [C31,C32,C33] | Mesa 4: Comiendo [C23,C22,C25] (quedan 1)
  CLIENTES   C23: En la fila de la caja | C24: Comiendo Milanesa con fritas | C26: En la fila de la caja
             C27: Comiendo Ñoquis con tuco | C28: Pidió Ñoquis con tuco, espera la comida
             C29: Pidió Ensalada César, espera la comida | C30: Pidió Milanesa con fritas, espera la comida
             C31: Pidió Chivito, espera la comida | C32: Pidió Ñoquis con tuco, espera la comida
             C33: Pidió Hamburguesa, espera la comida | C34: En la sala de espera | C35: En la sala de espera
             C36: Esperando afuera
  MOZOS      Mozo 1: Llevando platos a la Mesa 2 | Mozo 2: Esperando | Mozo 3: Esperando
  COCINA     Platos: vacía
  COCINEROS  Cocinero 1: Cocinando Chivito | Cocinero 2: Cocinando Ñoquis con tuco | Cocinero 3: Cocinando Hamburguesa
  CAJAS      Fila: vacía | Cajero 1: Cobrando a C26 | Cajero 2: Cobrando a C23
========================================================================================================================
#00377 [  29.20s] Cliente 24 terminó de comer y va a la caja
  MESAS      Mesa 1: Comiendo [C26,C24,C27] | Mesa 2: Platos listos en cocina [C29,C30,C28]
             Mesa 3: Esperando la comida [C31,C32,C33] | Mesa 4: Comiendo [C23,C22,C25] (quedan 1)
  CLIENTES   C23: En la fila de la caja | C24: En la fila de la caja | C26: En la fila de la caja
             C27: Comiendo Ñoquis con tuco | C28: Pidió Ñoquis con tuco, espera la comida
             C29: Pidió Ensalada César, espera la comida | C30: Pidió Milanesa con fritas, espera la comida
             C31: Pidió Chivito, espera la comida | C32: Pidió Ñoquis con tuco, espera la comida
             C33: Pidió Hamburguesa, espera la comida | C34: En la sala de espera | C35: En la sala de espera
             C36: Esperando afuera
  MOZOS      Mozo 1: Llevando platos a la Mesa 2 | Mozo 2: Esperando | Mozo 3: Esperando
  COCINA     Platos: vacía
  COCINEROS  Cocinero 1: Cocinando Chivito | Cocinero 2: Cocinando Ñoquis con tuco | Cocinero 3: Cocinando Hamburguesa
  CAJAS      Fila: vacía | Cajero 1: Cobrando a C26 | Cajero 2: Cobrando a C23
========================================================================================================================
#00378 [  29.28s] Cajero 1 le cobra Milanesa con fritas ($520) a Cliente 24
  MESAS      Mesa 1: Comiendo [C26,C24,C27] | Mesa 2: Platos listos en cocina [C29,C30,C28]
             Mesa 3: Esperando la comida [C31,C32,C33] | Mesa 4: Comiendo [C23,C22,C25] (quedan 1)
  CLIENTES   C23: En la fila de la caja | C24: En la fila de la caja | C26: En la fila de la caja
             C27: Comiendo Ñoquis con tuco | C28: Pidió Ñoquis con tuco, espera la comida
             C29: Pidió Ensalada César, espera la comida | C30: Pidió Milanesa con fritas, espera la comida
             C31: Pidió Chivito, espera la comida | C32: Pidió Ñoquis con tuco, espera la comida
             C33: Pidió Hamburguesa, espera la comida | C34: En la sala de espera | C35: En la sala de espera
             C36: Esperando afuera
  MOZOS      Mozo 1: Llevando platos a la Mesa 2 | Mozo 2: Esperando | Mozo 3: Esperando
  COCINA     Platos: vacía
  COCINEROS  Cocinero 1: Cocinando Chivito | Cocinero 2: Cocinando Ñoquis con tuco | Cocinero 3: Cocinando Hamburguesa
  CAJAS      Fila: vacía | Cajero 1: Cobrando a C24 | Cajero 2: Cobrando a C23
========================================================================================================================
#00379 [  29.28s] Cliente 26 pagó y se va del restaurante
  MESAS      Mesa 1: Comiendo [C26,C24,C27] (quedan 2) | Mesa 2: Platos listos en cocina [C29,C30,C28]
             Mesa 3: Esperando la comida [C31,C32,C33] | Mesa 4: Comiendo [C23,C22,C25] (quedan 1)
  CLIENTES   C23: En la fila de la caja | C24: En la fila de la caja | C27: Comiendo Ñoquis con tuco
             C28: Pidió Ñoquis con tuco, espera la comida | C29: Pidió Ensalada César, espera la comida
             C30: Pidió Milanesa con fritas, espera la comida | C31: Pidió Chivito, espera la comida
             C32: Pidió Ñoquis con tuco, espera la comida | C33: Pidió Hamburguesa, espera la comida
             C34: En la sala de espera | C35: En la sala de espera | C36: Esperando afuera
  MOZOS      Mozo 1: Llevando platos a la Mesa 2 | Mozo 2: Esperando | Mozo 3: Esperando
  COCINA     Platos: vacía
  COCINEROS  Cocinero 1: Cocinando Chivito | Cocinero 2: Cocinando Ñoquis con tuco | Cocinero 3: Cocinando Hamburguesa
  CAJAS      Fila: vacía | Cajero 1: Cobrando a C24 | Cajero 2: Cobrando a C23
========================================================================================================================
#00380 [  29.28s] Cliente 36 entra al restaurante (12/12 adentro)
  MESAS      Mesa 1: Comiendo [C26,C24,C27] (quedan 2) | Mesa 2: Platos listos en cocina [C29,C30,C28]
             Mesa 3: Esperando la comida [C31,C32,C33] | Mesa 4: Comiendo [C23,C22,C25] (quedan 1)
  CLIENTES   C23: En la fila de la caja | C24: En la fila de la caja | C27: Comiendo Ñoquis con tuco
             C28: Pidió Ñoquis con tuco, espera la comida | C29: Pidió Ensalada César, espera la comida
             C30: Pidió Milanesa con fritas, espera la comida | C31: Pidió Chivito, espera la comida
             C32: Pidió Ñoquis con tuco, espera la comida | C33: Pidió Hamburguesa, espera la comida
             C34: En la sala de espera | C35: En la sala de espera | C36: En la sala de espera
  MOZOS      Mozo 1: Llevando platos a la Mesa 2 | Mozo 2: Esperando | Mozo 3: Esperando
  COCINA     Platos: vacía
  COCINEROS  Cocinero 1: Cocinando Chivito | Cocinero 2: Cocinando Ñoquis con tuco | Cocinero 3: Cocinando Hamburguesa
  CAJAS      Fila: vacía | Cajero 1: Cobrando a C24 | Cajero 2: Cobrando a C23
========================================================================================================================
#00381 [  29.38s] Cliente 37 llega pero el restaurante está lleno: espera afuera
  MESAS      Mesa 1: Comiendo [C26,C24,C27] (quedan 2) | Mesa 2: Platos listos en cocina [C29,C30,C28]
             Mesa 3: Esperando la comida [C31,C32,C33] | Mesa 4: Comiendo [C23,C22,C25] (quedan 1)
  CLIENTES   C23: En la fila de la caja | C24: En la fila de la caja | C27: Comiendo Ñoquis con tuco
             C28: Pidió Ñoquis con tuco, espera la comida | C29: Pidió Ensalada César, espera la comida
             C30: Pidió Milanesa con fritas, espera la comida | C31: Pidió Chivito, espera la comida
             C32: Pidió Ñoquis con tuco, espera la comida | C33: Pidió Hamburguesa, espera la comida
             C34: En la sala de espera | C35: En la sala de espera | C36: En la sala de espera | C37: Esperando afuera
  MOZOS      Mozo 1: Llevando platos a la Mesa 2 | Mozo 2: Esperando | Mozo 3: Esperando
  COCINA     Platos: vacía
  COCINEROS  Cocinero 1: Cocinando Chivito | Cocinero 2: Cocinando Ñoquis con tuco | Cocinero 3: Cocinando Hamburguesa
  CAJAS      Fila: vacía | Cajero 1: Cobrando a C24 | Cajero 2: Cobrando a C23
========================================================================================================================
#00382 [  29.47s] Cliente 23 pagó y se va del restaurante. La Mesa 4 queda sucia
  MESAS      Mesa 1: Comiendo [C26,C24,C27] (quedan 2) | Mesa 2: Platos listos en cocina [C29,C30,C28]
             Mesa 3: Esperando la comida [C31,C32,C33] | Mesa 4: Sucia, esperando mozo [C23,C22,C25] (quedan 0)
  CLIENTES   C24: En la fila de la caja | C27: Comiendo Ñoquis con tuco | C28: Pidió Ñoquis con tuco, espera la comida
             C29: Pidió Ensalada César, espera la comida | C30: Pidió Milanesa con fritas, espera la comida
             C31: Pidió Chivito, espera la comida | C32: Pidió Ñoquis con tuco, espera la comida
             C33: Pidió Hamburguesa, espera la comida | C34: En la sala de espera | C35: En la sala de espera
             C36: En la sala de espera | C37: Esperando afuera
  MOZOS      Mozo 1: Llevando platos a la Mesa 2 | Mozo 2: Esperando | Mozo 3: Esperando
  COCINA     Platos: vacía
  COCINEROS  Cocinero 1: Cocinando Chivito | Cocinero 2: Cocinando Ñoquis con tuco | Cocinero 3: Cocinando Hamburguesa
  CAJAS      Fila: vacía | Cajero 1: Cobrando a C24 | Cajero 2: Esperando clientes
========================================================================================================================
#00383 [  29.47s] Cliente 37 entra al restaurante (12/12 adentro)
  MESAS      Mesa 1: Comiendo [C26,C24,C27] (quedan 2) | Mesa 2: Platos listos en cocina [C29,C30,C28]
             Mesa 3: Esperando la comida [C31,C32,C33] | Mesa 4: Sucia, esperando mozo [C23,C22,C25] (quedan 0)
  CLIENTES   C24: En la fila de la caja | C27: Comiendo Ñoquis con tuco | C28: Pidió Ñoquis con tuco, espera la comida
             C29: Pidió Ensalada César, espera la comida | C30: Pidió Milanesa con fritas, espera la comida
             C31: Pidió Chivito, espera la comida | C32: Pidió Ñoquis con tuco, espera la comida
             C33: Pidió Hamburguesa, espera la comida | C34: En la sala de espera | C35: En la sala de espera
             C36: En la sala de espera | C37: En la sala de espera
  MOZOS      Mozo 1: Llevando platos a la Mesa 2 | Mozo 2: Esperando | Mozo 3: Esperando
  COCINA     Platos: vacía
  COCINEROS  Cocinero 1: Cocinando Chivito | Cocinero 2: Cocinando Ñoquis con tuco | Cocinero 3: Cocinando Hamburguesa
  CAJAS      Fila: vacía | Cajero 1: Cobrando a C24 | Cajero 2: Esperando clientes
========================================================================================================================
#00384 [  29.47s] Mozo 2 levanta los platos y limpia la Mesa 4
  MESAS      Mesa 1: Comiendo [C26,C24,C27] (quedan 2) | Mesa 2: Platos listos en cocina [C29,C30,C28]
             Mesa 3: Esperando la comida [C31,C32,C33] | Mesa 4: Limpiando [C23,C22,C25] (quedan 0)
  CLIENTES   C24: En la fila de la caja | C27: Comiendo Ñoquis con tuco | C28: Pidió Ñoquis con tuco, espera la comida
             C29: Pidió Ensalada César, espera la comida | C30: Pidió Milanesa con fritas, espera la comida
             C31: Pidió Chivito, espera la comida | C32: Pidió Ñoquis con tuco, espera la comida
             C33: Pidió Hamburguesa, espera la comida | C34: En la sala de espera | C35: En la sala de espera
             C36: En la sala de espera | C37: En la sala de espera
  MOZOS      Mozo 1: Llevando platos a la Mesa 2 | Mozo 2: Limpiando la Mesa 4 | Mozo 3: Esperando
  COCINA     Platos: vacía
  COCINEROS  Cocinero 1: Cocinando Chivito | Cocinero 2: Cocinando Ñoquis con tuco | Cocinero 3: Cocinando Hamburguesa
  CAJAS      Fila: vacía | Cajero 1: Cobrando a C24 | Cajero 2: Esperando clientes
========================================================================================================================
#00385 [  29.71s] Cliente 24 pagó y se va del restaurante
  MESAS      Mesa 1: Comiendo [C26,C24,C27] (quedan 1) | Mesa 2: Platos listos en cocina [C29,C30,C28]
             Mesa 3: Esperando la comida [C31,C32,C33] | Mesa 4: Limpiando [C23,C22,C25] (quedan 0)
  CLIENTES   C27: Comiendo Ñoquis con tuco | C28: Pidió Ñoquis con tuco, espera la comida
             C29: Pidió Ensalada César, espera la comida | C30: Pidió Milanesa con fritas, espera la comida
             C31: Pidió Chivito, espera la comida | C32: Pidió Ñoquis con tuco, espera la comida
             C33: Pidió Hamburguesa, espera la comida | C34: En la sala de espera | C35: En la sala de espera
             C36: En la sala de espera | C37: En la sala de espera
  MOZOS      Mozo 1: Llevando platos a la Mesa 2 | Mozo 2: Limpiando la Mesa 4 | Mozo 3: Esperando
  COCINA     Platos: vacía
  COCINEROS  Cocinero 1: Cocinando Chivito | Cocinero 2: Cocinando Ñoquis con tuco | Cocinero 3: Cocinando Hamburguesa
  CAJAS      Fila: vacía | Cajero 1: Esperando clientes | Cajero 2: Esperando clientes
========================================================================================================================
#00386 [  29.92s] Mozo 1 sirve los platos en la Mesa 2
  MESAS      Mesa 1: Comiendo [C26,C24,C27] (quedan 1) | Mesa 2: Comiendo [C29,C30,C28]
             Mesa 3: Esperando la comida [C31,C32,C33] | Mesa 4: Limpiando [C23,C22,C25] (quedan 0)
  CLIENTES   C27: Comiendo Ñoquis con tuco | C28: Pidió Ñoquis con tuco, espera la comida
             C29: Pidió Ensalada César, espera la comida | C30: Pidió Milanesa con fritas, espera la comida
             C31: Pidió Chivito, espera la comida | C32: Pidió Ñoquis con tuco, espera la comida
             C33: Pidió Hamburguesa, espera la comida | C34: En la sala de espera | C35: En la sala de espera
             C36: En la sala de espera | C37: En la sala de espera
  MOZOS      Mozo 1: Sirvió la Mesa 2 | Mozo 2: Limpiando la Mesa 4 | Mozo 3: Esperando
  COCINA     Platos: vacía
  COCINEROS  Cocinero 1: Cocinando Chivito | Cocinero 2: Cocinando Ñoquis con tuco | Cocinero 3: Cocinando Hamburguesa
  CAJAS      Fila: vacía | Cajero 1: Esperando clientes | Cajero 2: Esperando clientes
========================================================================================================================
#00387 [  29.92s] Cliente 28 empieza a comer Ñoquis con tuco
  MESAS      Mesa 1: Comiendo [C26,C24,C27] (quedan 1) | Mesa 2: Comiendo [C29,C30,C28]
             Mesa 3: Esperando la comida [C31,C32,C33] | Mesa 4: Limpiando [C23,C22,C25] (quedan 0)
  CLIENTES   C27: Comiendo Ñoquis con tuco | C28: Comiendo Ñoquis con tuco | C29: Pidió Ensalada César, espera la comida
             C30: Pidió Milanesa con fritas, espera la comida | C31: Pidió Chivito, espera la comida
             C32: Pidió Ñoquis con tuco, espera la comida | C33: Pidió Hamburguesa, espera la comida
             C34: En la sala de espera | C35: En la sala de espera | C36: En la sala de espera
             C37: En la sala de espera
  MOZOS      Mozo 1: Sirvió la Mesa 2 | Mozo 2: Limpiando la Mesa 4 | Mozo 3: Esperando
  COCINA     Platos: vacía
  COCINEROS  Cocinero 1: Cocinando Chivito | Cocinero 2: Cocinando Ñoquis con tuco | Cocinero 3: Cocinando Hamburguesa
  CAJAS      Fila: vacía | Cajero 1: Esperando clientes | Cajero 2: Esperando clientes
========================================================================================================================
#00388 [  29.92s] Cliente 29 empieza a comer Ensalada César
  MESAS      Mesa 1: Comiendo [C26,C24,C27] (quedan 1) | Mesa 2: Comiendo [C29,C30,C28]
             Mesa 3: Esperando la comida [C31,C32,C33] | Mesa 4: Limpiando [C23,C22,C25] (quedan 0)
  CLIENTES   C27: Comiendo Ñoquis con tuco | C28: Comiendo Ñoquis con tuco | C29: Comiendo Ensalada César
             C30: Pidió Milanesa con fritas, espera la comida | C31: Pidió Chivito, espera la comida
             C32: Pidió Ñoquis con tuco, espera la comida | C33: Pidió Hamburguesa, espera la comida
             C34: En la sala de espera | C35: En la sala de espera | C36: En la sala de espera
             C37: En la sala de espera
  MOZOS      Mozo 1: Sirvió la Mesa 2 | Mozo 2: Limpiando la Mesa 4 | Mozo 3: Esperando
  COCINA     Platos: vacía
  COCINEROS  Cocinero 1: Cocinando Chivito | Cocinero 2: Cocinando Ñoquis con tuco | Cocinero 3: Cocinando Hamburguesa
  CAJAS      Fila: vacía | Cajero 1: Esperando clientes | Cajero 2: Esperando clientes
========================================================================================================================
#00389 [  29.92s] Cliente 30 empieza a comer Milanesa con fritas
  MESAS      Mesa 1: Comiendo [C26,C24,C27] (quedan 1) | Mesa 2: Comiendo [C29,C30,C28]
             Mesa 3: Esperando la comida [C31,C32,C33] | Mesa 4: Limpiando [C23,C22,C25] (quedan 0)
  CLIENTES   C27: Comiendo Ñoquis con tuco | C28: Comiendo Ñoquis con tuco | C29: Comiendo Ensalada César
             C30: Comiendo Milanesa con fritas | C31: Pidió Chivito, espera la comida
             C32: Pidió Ñoquis con tuco, espera la comida | C33: Pidió Hamburguesa, espera la comida
             C34: En la sala de espera | C35: En la sala de espera | C36: En la sala de espera
             C37: En la sala de espera
  MOZOS      Mozo 1: Sirvió la Mesa 2 | Mozo 2: Limpiando la Mesa 4 | Mozo 3: Esperando
  COCINA     Platos: vacía
  COCINEROS  Cocinero 1: Cocinando Chivito | Cocinero 2: Cocinando Ñoquis con tuco | Cocinero 3: Cocinando Hamburguesa
  CAJAS      Fila: vacía | Cajero 1: Esperando clientes | Cajero 2: Esperando clientes
========================================================================================================================
#00390 [  29.96s] Cocinero 2 deja listo Ñoquis con tuco (Pedido #11, Mesa 3)
  MESAS      Mesa 1: Comiendo [C26,C24,C27] (quedan 1) | Mesa 2: Comiendo [C29,C30,C28]
             Mesa 3: Esperando la comida [C31,C32,C33] | Mesa 4: Limpiando [C23,C22,C25] (quedan 0)
  CLIENTES   C27: Comiendo Ñoquis con tuco | C28: Comiendo Ñoquis con tuco | C29: Comiendo Ensalada César
             C30: Comiendo Milanesa con fritas | C31: Pidió Chivito, espera la comida
             C32: Pidió Ñoquis con tuco, espera la comida | C33: Pidió Hamburguesa, espera la comida
             C34: En la sala de espera | C35: En la sala de espera | C36: En la sala de espera
             C37: En la sala de espera
  MOZOS      Mozo 1: Esperando | Mozo 2: Limpiando la Mesa 4 | Mozo 3: Esperando
  COCINA     Platos: vacía
  COCINEROS  Cocinero 1: Cocinando Chivito | Cocinero 2: Dejó listo Ñoquis con tuco | Cocinero 3: Cocinando Hamburguesa
  CAJAS      Fila: vacía | Cajero 1: Esperando clientes | Cajero 2: Esperando clientes
========================================================================================================================
#00391 [  30.06s] *** CIERRE *** Se cierran las puertas. Los que no pidieron se retiran; los que ya pidieron siguen normalmente
  MESAS      Mesa 1: Comiendo [C26,C24,C27] (quedan 1) | Mesa 2: Comiendo [C29,C30,C28]
             Mesa 3: Esperando la comida [C31,C32,C33] | Mesa 4: Limpiando [C23,C22,C25] (quedan 0)
  CLIENTES   C27: Comiendo Ñoquis con tuco | C28: Comiendo Ñoquis con tuco | C29: Comiendo Ensalada César
             C30: Comiendo Milanesa con fritas | C31: Pidió Chivito, espera la comida
             C32: Pidió Ñoquis con tuco, espera la comida | C33: Pidió Hamburguesa, espera la comida
             C34: En la sala de espera | C35: En la sala de espera | C36: En la sala de espera
             C37: En la sala de espera
  MOZOS      Mozo 1: Esperando | Mozo 2: Limpiando la Mesa 4 | Mozo 3: Esperando
  COCINA     Platos: vacía
  COCINEROS  Cocinero 1: Cocinando Chivito | Cocinero 2: Esperando pedidos | Cocinero 3: Cocinando Hamburguesa
  CAJAS      Fila: vacía | Cajero 1: Esperando clientes | Cajero 2: Esperando clientes
========================================================================================================================
#00392 [  30.06s] Cliente 36 se retira de la sala de espera sin haber pedido (cierre)
  MESAS      Mesa 1: Comiendo [C26,C24,C27] (quedan 1) | Mesa 2: Comiendo [C29,C30,C28]
             Mesa 3: Esperando la comida [C31,C32,C33] | Mesa 4: Limpiando [C23,C22,C25] (quedan 0)
  CLIENTES   C27: Comiendo Ñoquis con tuco | C28: Comiendo Ñoquis con tuco | C29: Comiendo Ensalada César
             C30: Comiendo Milanesa con fritas | C31: Pidió Chivito, espera la comida
             C32: Pidió Ñoquis con tuco, espera la comida | C33: Pidió Hamburguesa, espera la comida
             C34: En la sala de espera | C35: En la sala de espera | C37: En la sala de espera
  MOZOS      Mozo 1: Esperando | Mozo 2: Limpiando la Mesa 4 | Mozo 3: Esperando
  COCINA     Platos: vacía
  COCINEROS  Cocinero 1: Cocinando Chivito | Cocinero 2: Esperando pedidos | Cocinero 3: Cocinando Hamburguesa
  CAJAS      Fila: vacía | Cajero 1: Esperando clientes | Cajero 2: Esperando clientes
========================================================================================================================
#00393 [  30.06s] Cliente 37 se retira de la sala de espera sin haber pedido (cierre)
  MESAS      Mesa 1: Comiendo [C26,C24,C27] (quedan 1) | Mesa 2: Comiendo [C29,C30,C28]
             Mesa 3: Esperando la comida [C31,C32,C33] | Mesa 4: Limpiando [C23,C22,C25] (quedan 0)
  CLIENTES   C27: Comiendo Ñoquis con tuco | C28: Comiendo Ñoquis con tuco | C29: Comiendo Ensalada César
             C30: Comiendo Milanesa con fritas | C31: Pidió Chivito, espera la comida
             C32: Pidió Ñoquis con tuco, espera la comida | C33: Pidió Hamburguesa, espera la comida
             C34: En la sala de espera | C35: En la sala de espera
  MOZOS      Mozo 1: Esperando | Mozo 2: Limpiando la Mesa 4 | Mozo 3: Esperando
  COCINA     Platos: vacía
  COCINEROS  Cocinero 1: Cocinando Chivito | Cocinero 2: Esperando pedidos | Cocinero 3: Cocinando Hamburguesa
  CAJAS      Fila: vacía | Cajero 1: Esperando clientes | Cajero 2: Esperando clientes
========================================================================================================================
#00394 [  30.06s] Cliente 34 se retira de la sala de espera sin haber pedido (cierre)
  MESAS      Mesa 1: Comiendo [C26,C24,C27] (quedan 1) | Mesa 2: Comiendo [C29,C30,C28]
             Mesa 3: Esperando la comida [C31,C32,C33] | Mesa 4: Limpiando [C23,C22,C25] (quedan 0)
  CLIENTES   C27: Comiendo Ñoquis con tuco | C28: Comiendo Ñoquis con tuco | C29: Comiendo Ensalada César
             C30: Comiendo Milanesa con fritas | C31: Pidió Chivito, espera la comida
             C32: Pidió Ñoquis con tuco, espera la comida | C33: Pidió Hamburguesa, espera la comida
             C35: En la sala de espera
  MOZOS      Mozo 1: Esperando | Mozo 2: Limpiando la Mesa 4 | Mozo 3: Esperando
  COCINA     Platos: vacía
  COCINEROS  Cocinero 1: Cocinando Chivito | Cocinero 2: Esperando pedidos | Cocinero 3: Cocinando Hamburguesa
  CAJAS      Fila: vacía | Cajero 1: Esperando clientes | Cajero 2: Esperando clientes
========================================================================================================================
#00395 [  30.06s] Cliente 35 se retira de la sala de espera sin haber pedido (cierre)
  MESAS      Mesa 1: Comiendo [C26,C24,C27] (quedan 1) | Mesa 2: Comiendo [C29,C30,C28]
             Mesa 3: Esperando la comida [C31,C32,C33] | Mesa 4: Limpiando [C23,C22,C25] (quedan 0)
  CLIENTES   C27: Comiendo Ñoquis con tuco | C28: Comiendo Ñoquis con tuco | C29: Comiendo Ensalada César
             C30: Comiendo Milanesa con fritas | C31: Pidió Chivito, espera la comida
             C32: Pidió Ñoquis con tuco, espera la comida | C33: Pidió Hamburguesa, espera la comida
  MOZOS      Mozo 1: Esperando | Mozo 2: Limpiando la Mesa 4 | Mozo 3: Esperando
  COCINA     Platos: vacía
  COCINEROS  Cocinero 1: Cocinando Chivito | Cocinero 2: Esperando pedidos | Cocinero 3: Cocinando Hamburguesa
  CAJAS      Fila: vacía | Cajero 1: Esperando clientes | Cajero 2: Esperando clientes
========================================================================================================================
#00396 [  30.14s] Mozo 2 terminó de limpiar: la Mesa 4 queda libre
  MESAS      Mesa 1: Comiendo [C26,C24,C27] (quedan 1) | Mesa 2: Comiendo [C29,C30,C28]
             Mesa 3: Esperando la comida [C31,C32,C33] | Mesa 4: Libre
  CLIENTES   C27: Comiendo Ñoquis con tuco | C28: Comiendo Ñoquis con tuco | C29: Comiendo Ensalada César
             C30: Comiendo Milanesa con fritas | C31: Pidió Chivito, espera la comida
             C32: Pidió Ñoquis con tuco, espera la comida | C33: Pidió Hamburguesa, espera la comida
  MOZOS      Mozo 1: Esperando | Mozo 2: Limpió la Mesa 4 | Mozo 3: Esperando
  COCINA     Platos: vacía
  COCINEROS  Cocinero 1: Cocinando Chivito | Cocinero 2: Esperando pedidos | Cocinero 3: Cocinando Hamburguesa
  CAJAS      Fila: vacía | Cajero 1: Esperando clientes | Cajero 2: Esperando clientes
========================================================================================================================
#00397 [  30.19s] Cocinero 1 deja listo Chivito (Pedido #11, Mesa 3)
  MESAS      Mesa 1: Comiendo [C26,C24,C27] (quedan 1) | Mesa 2: Comiendo [C29,C30,C28]
             Mesa 3: Esperando la comida [C31,C32,C33] | Mesa 4: Libre
  CLIENTES   C27: Comiendo Ñoquis con tuco | C28: Comiendo Ñoquis con tuco | C29: Comiendo Ensalada César
             C30: Comiendo Milanesa con fritas | C31: Pidió Chivito, espera la comida
             C32: Pidió Ñoquis con tuco, espera la comida | C33: Pidió Hamburguesa, espera la comida
  MOZOS      Mozo 1: Esperando | Mozo 2: Esperando | Mozo 3: Esperando
  COCINA     Platos: vacía
  COCINEROS  Cocinero 1: Dejó listo Chivito | Cocinero 2: Esperando pedidos | Cocinero 3: Cocinando Hamburguesa
  CAJAS      Fila: vacía | Cajero 1: Esperando clientes | Cajero 2: Esperando clientes
========================================================================================================================
#00398 [  30.52s] Cliente 27 terminó de comer y va a la caja
  MESAS      Mesa 1: Comiendo [C26,C24,C27] (quedan 1) | Mesa 2: Comiendo [C29,C30,C28]
             Mesa 3: Esperando la comida [C31,C32,C33] | Mesa 4: Libre
  CLIENTES   C27: En la fila de la caja | C28: Comiendo Ñoquis con tuco | C29: Comiendo Ensalada César
             C30: Comiendo Milanesa con fritas | C31: Pidió Chivito, espera la comida
             C32: Pidió Ñoquis con tuco, espera la comida | C33: Pidió Hamburguesa, espera la comida
  MOZOS      Mozo 1: Esperando | Mozo 2: Esperando | Mozo 3: Esperando
  COCINA     Platos: vacía
  COCINEROS  Cocinero 1: Esperando pedidos | Cocinero 2: Esperando pedidos | Cocinero 3: Cocinando Hamburguesa
  CAJAS      Fila: vacía | Cajero 1: Esperando clientes | Cajero 2: Esperando clientes
========================================================================================================================
#00399 [  30.52s] Cajero 2 le cobra Ñoquis con tuco ($420) a Cliente 27
  MESAS      Mesa 1: Comiendo [C26,C24,C27] (quedan 1) | Mesa 2: Comiendo [C29,C30,C28]
             Mesa 3: Esperando la comida [C31,C32,C33] | Mesa 4: Libre
  CLIENTES   C27: En la fila de la caja | C28: Comiendo Ñoquis con tuco | C29: Comiendo Ensalada César
             C30: Comiendo Milanesa con fritas | C31: Pidió Chivito, espera la comida
             C32: Pidió Ñoquis con tuco, espera la comida | C33: Pidió Hamburguesa, espera la comida
  MOZOS      Mozo 1: Esperando | Mozo 2: Esperando | Mozo 3: Esperando
  COCINA     Platos: vacía
  COCINEROS  Cocinero 1: Esperando pedidos | Cocinero 2: Esperando pedidos | Cocinero 3: Cocinando Hamburguesa
  CAJAS      Fila: vacía | Cajero 1: Esperando clientes | Cajero 2: Cobrando a C27
========================================================================================================================
#00400 [  30.75s] Cocinero 3 deja listo Hamburguesa (Pedido #11, Mesa 3)
  MESAS      Mesa 1: Comiendo [C26,C24,C27] (quedan 1) | Mesa 2: Comiendo [C29,C30,C28]
             Mesa 3: Esperando la comida [C31,C32,C33] | Mesa 4: Libre
  CLIENTES   C27: En la fila de la caja | C28: Comiendo Ñoquis con tuco | C29: Comiendo Ensalada César
             C30: Comiendo Milanesa con fritas | C31: Pidió Chivito, espera la comida
             C32: Pidió Ñoquis con tuco, espera la comida | C33: Pidió Hamburguesa, espera la comida
  MOZOS      Mozo 1: Esperando | Mozo 2: Esperando | Mozo 3: Esperando
  COCINA     Platos: vacía
  COCINEROS  Cocinero 1: Esperando pedidos | Cocinero 2: Esperando pedidos | Cocinero 3: Dejó listo Hamburguesa
  CAJAS      Fila: vacía | Cajero 1: Esperando clientes | Cajero 2: Cobrando a C27
========================================================================================================================
#00401 [  30.75s] La cocina avisa a los mozos: Pedido #11 de la Mesa 3 está completo
  MESAS      Mesa 1: Comiendo [C26,C24,C27] (quedan 1) | Mesa 2: Comiendo [C29,C30,C28]
             Mesa 3: Platos listos en cocina [C31,C32,C33] | Mesa 4: Libre
  CLIENTES   C27: En la fila de la caja | C28: Comiendo Ñoquis con tuco | C29: Comiendo Ensalada César
             C30: Comiendo Milanesa con fritas | C31: Pidió Chivito, espera la comida
             C32: Pidió Ñoquis con tuco, espera la comida | C33: Pidió Hamburguesa, espera la comida
  MOZOS      Mozo 1: Esperando | Mozo 2: Esperando | Mozo 3: Esperando
  COCINA     Platos: vacía
  COCINEROS  Cocinero 1: Esperando pedidos | Cocinero 2: Esperando pedidos | Cocinero 3: Dejó listo Hamburguesa
  CAJAS      Fila: vacía | Cajero 1: Esperando clientes | Cajero 2: Cobrando a C27
========================================================================================================================
#00402 [  30.75s] Mozo 3 retira de la cocina los platos de la Mesa 3
  MESAS      Mesa 1: Comiendo [C26,C24,C27] (quedan 1) | Mesa 2: Comiendo [C29,C30,C28]
             Mesa 3: Platos listos en cocina [C31,C32,C33] | Mesa 4: Libre
  CLIENTES   C27: En la fila de la caja | C28: Comiendo Ñoquis con tuco | C29: Comiendo Ensalada César
             C30: Comiendo Milanesa con fritas | C31: Pidió Chivito, espera la comida
             C32: Pidió Ñoquis con tuco, espera la comida | C33: Pidió Hamburguesa, espera la comida
  MOZOS      Mozo 1: Esperando | Mozo 2: Esperando | Mozo 3: Llevando platos a la Mesa 3
  COCINA     Platos: vacía
  COCINEROS  Cocinero 1: Esperando pedidos | Cocinero 2: Esperando pedidos | Cocinero 3: Esperando pedidos
  CAJAS      Fila: vacía | Cajero 1: Esperando clientes | Cajero 2: Cobrando a C27
========================================================================================================================
#00403 [  30.96s] Cliente 27 pagó y se va del restaurante. La Mesa 1 queda sucia
  MESAS      Mesa 1: Sucia, esperando mozo [C26,C24,C27] (quedan 0) | Mesa 2: Comiendo [C29,C30,C28]
             Mesa 3: Platos listos en cocina [C31,C32,C33] | Mesa 4: Libre
  CLIENTES   C28: Comiendo Ñoquis con tuco | C29: Comiendo Ensalada César | C30: Comiendo Milanesa con fritas
             C31: Pidió Chivito, espera la comida | C32: Pidió Ñoquis con tuco, espera la comida
             C33: Pidió Hamburguesa, espera la comida
  MOZOS      Mozo 1: Esperando | Mozo 2: Esperando | Mozo 3: Llevando platos a la Mesa 3
  COCINA     Platos: vacía
  COCINEROS  Cocinero 1: Esperando pedidos | Cocinero 2: Esperando pedidos | Cocinero 3: Esperando pedidos
  CAJAS      Fila: vacía | Cajero 1: Esperando clientes | Cajero 2: Esperando clientes
========================================================================================================================
#00404 [  30.96s] Mozo 2 levanta los platos y limpia la Mesa 1
  MESAS      Mesa 1: Limpiando [C26,C24,C27] (quedan 0) | Mesa 2: Comiendo [C29,C30,C28]
             Mesa 3: Platos listos en cocina [C31,C32,C33] | Mesa 4: Libre
  CLIENTES   C28: Comiendo Ñoquis con tuco | C29: Comiendo Ensalada César | C30: Comiendo Milanesa con fritas
             C31: Pidió Chivito, espera la comida | C32: Pidió Ñoquis con tuco, espera la comida
             C33: Pidió Hamburguesa, espera la comida
  MOZOS      Mozo 1: Esperando | Mozo 2: Limpiando la Mesa 1 | Mozo 3: Llevando platos a la Mesa 3
  COCINA     Platos: vacía
  COCINEROS  Cocinero 1: Esperando pedidos | Cocinero 2: Esperando pedidos | Cocinero 3: Esperando pedidos
  CAJAS      Fila: vacía | Cajero 1: Esperando clientes | Cajero 2: Esperando clientes
========================================================================================================================
#00405 [  31.44s] Mozo 3 sirve los platos en la Mesa 3
  MESAS      Mesa 1: Limpiando [C26,C24,C27] (quedan 0) | Mesa 2: Comiendo [C29,C30,C28]
             Mesa 3: Comiendo [C31,C32,C33] | Mesa 4: Libre
  CLIENTES   C28: Comiendo Ñoquis con tuco | C29: Comiendo Ensalada César | C30: Comiendo Milanesa con fritas
             C31: Pidió Chivito, espera la comida | C32: Pidió Ñoquis con tuco, espera la comida
             C33: Pidió Hamburguesa, espera la comida
  MOZOS      Mozo 1: Esperando | Mozo 2: Limpiando la Mesa 1 | Mozo 3: Sirvió la Mesa 3
  COCINA     Platos: vacía
  COCINEROS  Cocinero 1: Esperando pedidos | Cocinero 2: Esperando pedidos | Cocinero 3: Esperando pedidos
  CAJAS      Fila: vacía | Cajero 1: Esperando clientes | Cajero 2: Esperando clientes
========================================================================================================================
#00406 [  31.44s] Cliente 33 empieza a comer Hamburguesa
  MESAS      Mesa 1: Limpiando [C26,C24,C27] (quedan 0) | Mesa 2: Comiendo [C29,C30,C28]
             Mesa 3: Comiendo [C31,C32,C33] | Mesa 4: Libre
  CLIENTES   C28: Comiendo Ñoquis con tuco | C29: Comiendo Ensalada César | C30: Comiendo Milanesa con fritas
             C31: Pidió Chivito, espera la comida | C32: Pidió Ñoquis con tuco, espera la comida
             C33: Comiendo Hamburguesa
  MOZOS      Mozo 1: Esperando | Mozo 2: Limpiando la Mesa 1 | Mozo 3: Sirvió la Mesa 3
  COCINA     Platos: vacía
  COCINEROS  Cocinero 1: Esperando pedidos | Cocinero 2: Esperando pedidos | Cocinero 3: Esperando pedidos
  CAJAS      Fila: vacía | Cajero 1: Esperando clientes | Cajero 2: Esperando clientes
========================================================================================================================
#00407 [  31.44s] Cliente 32 empieza a comer Ñoquis con tuco
  MESAS      Mesa 1: Limpiando [C26,C24,C27] (quedan 0) | Mesa 2: Comiendo [C29,C30,C28]
             Mesa 3: Comiendo [C31,C32,C33] | Mesa 4: Libre
  CLIENTES   C28: Comiendo Ñoquis con tuco | C29: Comiendo Ensalada César | C30: Comiendo Milanesa con fritas
             C31: Pidió Chivito, espera la comida | C32: Comiendo Ñoquis con tuco | C33: Comiendo Hamburguesa
  MOZOS      Mozo 1: Esperando | Mozo 2: Limpiando la Mesa 1 | Mozo 3: Sirvió la Mesa 3
  COCINA     Platos: vacía
  COCINEROS  Cocinero 1: Esperando pedidos | Cocinero 2: Esperando pedidos | Cocinero 3: Esperando pedidos
  CAJAS      Fila: vacía | Cajero 1: Esperando clientes | Cajero 2: Esperando clientes
========================================================================================================================
#00408 [  31.44s] Cliente 31 empieza a comer Chivito
  MESAS      Mesa 1: Limpiando [C26,C24,C27] (quedan 0) | Mesa 2: Comiendo [C29,C30,C28]
             Mesa 3: Comiendo [C31,C32,C33] | Mesa 4: Libre
  CLIENTES   C28: Comiendo Ñoquis con tuco | C29: Comiendo Ensalada César | C30: Comiendo Milanesa con fritas
             C31: Comiendo Chivito | C32: Comiendo Ñoquis con tuco | C33: Comiendo Hamburguesa
  MOZOS      Mozo 1: Esperando | Mozo 2: Limpiando la Mesa 1 | Mozo 3: Esperando
  COCINA     Platos: vacía
  COCINEROS  Cocinero 1: Esperando pedidos | Cocinero 2: Esperando pedidos | Cocinero 3: Esperando pedidos
  CAJAS      Fila: vacía | Cajero 1: Esperando clientes | Cajero 2: Esperando clientes
========================================================================================================================
#00409 [  31.65s] Mozo 2 terminó de limpiar: la Mesa 1 queda libre
  MESAS      Mesa 1: Libre | Mesa 2: Comiendo [C29,C30,C28] | Mesa 3: Comiendo [C31,C32,C33] | Mesa 4: Libre
  CLIENTES   C28: Comiendo Ñoquis con tuco | C29: Comiendo Ensalada César | C30: Comiendo Milanesa con fritas
             C31: Comiendo Chivito | C32: Comiendo Ñoquis con tuco | C33: Comiendo Hamburguesa
  MOZOS      Mozo 1: Esperando | Mozo 2: Limpió la Mesa 1 | Mozo 3: Esperando
  COCINA     Platos: vacía
  COCINEROS  Cocinero 1: Esperando pedidos | Cocinero 2: Esperando pedidos | Cocinero 3: Esperando pedidos
  CAJAS      Fila: vacía | Cajero 1: Esperando clientes | Cajero 2: Esperando clientes
========================================================================================================================
#00410 [  32.66s] Cliente 28 terminó de comer y va a la caja
  MESAS      Mesa 1: Libre | Mesa 2: Comiendo [C29,C30,C28] | Mesa 3: Comiendo [C31,C32,C33] | Mesa 4: Libre
  CLIENTES   C28: En la fila de la caja | C29: Comiendo Ensalada César | C30: Comiendo Milanesa con fritas
             C31: Comiendo Chivito | C32: Comiendo Ñoquis con tuco | C33: Comiendo Hamburguesa
  MOZOS      Mozo 1: Esperando | Mozo 2: Esperando | Mozo 3: Esperando
  COCINA     Platos: vacía
  COCINEROS  Cocinero 1: Esperando pedidos | Cocinero 2: Esperando pedidos | Cocinero 3: Esperando pedidos
  CAJAS      Fila: vacía | Cajero 1: Esperando clientes | Cajero 2: Esperando clientes
========================================================================================================================
#00411 [  32.66s] Cajero 1 le cobra Ñoquis con tuco ($420) a Cliente 28
  MESAS      Mesa 1: Libre | Mesa 2: Comiendo [C29,C30,C28] | Mesa 3: Comiendo [C31,C32,C33] | Mesa 4: Libre
  CLIENTES   C28: En la fila de la caja | C29: Comiendo Ensalada César | C30: Comiendo Milanesa con fritas
             C31: Comiendo Chivito | C32: Comiendo Ñoquis con tuco | C33: Comiendo Hamburguesa
  MOZOS      Mozo 1: Esperando | Mozo 2: Esperando | Mozo 3: Esperando
  COCINA     Platos: vacía
  COCINEROS  Cocinero 1: Esperando pedidos | Cocinero 2: Esperando pedidos | Cocinero 3: Esperando pedidos
  CAJAS      Fila: vacía | Cajero 1: Cobrando a C28 | Cajero 2: Esperando clientes
========================================================================================================================
#00412 [  33.06s] Cliente 28 pagó y se va del restaurante
  MESAS      Mesa 1: Libre | Mesa 2: Comiendo [C29,C30,C28] (quedan 2) | Mesa 3: Comiendo [C31,C32,C33] | Mesa 4: Libre
  CLIENTES   C29: Comiendo Ensalada César | C30: Comiendo Milanesa con fritas | C31: Comiendo Chivito
             C32: Comiendo Ñoquis con tuco | C33: Comiendo Hamburguesa
  MOZOS      Mozo 1: Esperando | Mozo 2: Esperando | Mozo 3: Esperando
  COCINA     Platos: vacía
  COCINEROS  Cocinero 1: Esperando pedidos | Cocinero 2: Esperando pedidos | Cocinero 3: Esperando pedidos
  CAJAS      Fila: vacía | Cajero 1: Esperando clientes | Cajero 2: Esperando clientes
========================================================================================================================
#00413 [  33.26s] Cliente 29 terminó de comer y va a la caja
  MESAS      Mesa 1: Libre | Mesa 2: Comiendo [C29,C30,C28] (quedan 2) | Mesa 3: Comiendo [C31,C32,C33] | Mesa 4: Libre
  CLIENTES   C29: En la fila de la caja | C30: Comiendo Milanesa con fritas | C31: Comiendo Chivito
             C32: Comiendo Ñoquis con tuco | C33: Comiendo Hamburguesa
  MOZOS      Mozo 1: Esperando | Mozo 2: Esperando | Mozo 3: Esperando
  COCINA     Platos: vacía
  COCINEROS  Cocinero 1: Esperando pedidos | Cocinero 2: Esperando pedidos | Cocinero 3: Esperando pedidos
  CAJAS      Fila: vacía | Cajero 1: Esperando clientes | Cajero 2: Esperando clientes
========================================================================================================================
#00414 [  33.26s] Cajero 2 le cobra Ensalada César ($350) a Cliente 29
  MESAS      Mesa 1: Libre | Mesa 2: Comiendo [C29,C30,C28] (quedan 2) | Mesa 3: Comiendo [C31,C32,C33] | Mesa 4: Libre
  CLIENTES   C29: En la fila de la caja | C30: Comiendo Milanesa con fritas | C31: Comiendo Chivito
             C32: Comiendo Ñoquis con tuco | C33: Comiendo Hamburguesa
  MOZOS      Mozo 1: Esperando | Mozo 2: Esperando | Mozo 3: Esperando
  COCINA     Platos: vacía
  COCINEROS  Cocinero 1: Esperando pedidos | Cocinero 2: Esperando pedidos | Cocinero 3: Esperando pedidos
  CAJAS      Fila: vacía | Cajero 1: Esperando clientes | Cajero 2: Cobrando a C29
========================================================================================================================
#00415 [  33.30s] Cliente 30 terminó de comer y va a la caja
  MESAS      Mesa 1: Libre | Mesa 2: Comiendo [C29,C30,C28] (quedan 2) | Mesa 3: Comiendo [C31,C32,C33] | Mesa 4: Libre
  CLIENTES   C29: En la fila de la caja | C30: En la fila de la caja | C31: Comiendo Chivito
             C32: Comiendo Ñoquis con tuco | C33: Comiendo Hamburguesa
  MOZOS      Mozo 1: Esperando | Mozo 2: Esperando | Mozo 3: Esperando
  COCINA     Platos: vacía
  COCINEROS  Cocinero 1: Esperando pedidos | Cocinero 2: Esperando pedidos | Cocinero 3: Esperando pedidos
  CAJAS      Fila: vacía | Cajero 1: Esperando clientes | Cajero 2: Cobrando a C29
========================================================================================================================
#00416 [  33.30s] Cajero 1 le cobra Milanesa con fritas ($520) a Cliente 30
  MESAS      Mesa 1: Libre | Mesa 2: Comiendo [C29,C30,C28] (quedan 2) | Mesa 3: Comiendo [C31,C32,C33] | Mesa 4: Libre
  CLIENTES   C29: En la fila de la caja | C30: En la fila de la caja | C31: Comiendo Chivito
             C32: Comiendo Ñoquis con tuco | C33: Comiendo Hamburguesa
  MOZOS      Mozo 1: Esperando | Mozo 2: Esperando | Mozo 3: Esperando
  COCINA     Platos: vacía
  COCINEROS  Cocinero 1: Esperando pedidos | Cocinero 2: Esperando pedidos | Cocinero 3: Esperando pedidos
  CAJAS      Fila: vacía | Cajero 1: Cobrando a C30 | Cajero 2: Cobrando a C29
========================================================================================================================
#00417 [  33.57s] Cliente 29 pagó y se va del restaurante
  MESAS      Mesa 1: Libre | Mesa 2: Comiendo [C29,C30,C28] (quedan 1) | Mesa 3: Comiendo [C31,C32,C33] | Mesa 4: Libre
  CLIENTES   C30: En la fila de la caja | C31: Comiendo Chivito | C32: Comiendo Ñoquis con tuco
             C33: Comiendo Hamburguesa
  MOZOS      Mozo 1: Esperando | Mozo 2: Esperando | Mozo 3: Esperando
  COCINA     Platos: vacía
  COCINEROS  Cocinero 1: Esperando pedidos | Cocinero 2: Esperando pedidos | Cocinero 3: Esperando pedidos
  CAJAS      Fila: vacía | Cajero 1: Cobrando a C30 | Cajero 2: Esperando clientes
========================================================================================================================
#00418 [  33.61s] Cliente 30 pagó y se va del restaurante. La Mesa 2 queda sucia
  MESAS      Mesa 1: Libre | Mesa 2: Sucia, esperando mozo [C29,C30,C28] (quedan 0) | Mesa 3: Comiendo [C31,C32,C33]
             Mesa 4: Libre
  CLIENTES   C31: Comiendo Chivito | C32: Comiendo Ñoquis con tuco | C33: Comiendo Hamburguesa
  MOZOS      Mozo 1: Esperando | Mozo 2: Esperando | Mozo 3: Esperando
  COCINA     Platos: vacía
  COCINEROS  Cocinero 1: Esperando pedidos | Cocinero 2: Esperando pedidos | Cocinero 3: Esperando pedidos
  CAJAS      Fila: vacía | Cajero 1: Esperando clientes | Cajero 2: Esperando clientes
========================================================================================================================
#00419 [  33.61s] Mozo 1 levanta los platos y limpia la Mesa 2
  MESAS      Mesa 1: Libre | Mesa 2: Limpiando [C29,C30,C28] (quedan 0) | Mesa 3: Comiendo [C31,C32,C33] | Mesa 4: Libre
  CLIENTES   C31: Comiendo Chivito | C32: Comiendo Ñoquis con tuco | C33: Comiendo Hamburguesa
  MOZOS      Mozo 1: Limpiando la Mesa 2 | Mozo 2: Esperando | Mozo 3: Esperando
  COCINA     Platos: vacía
  COCINEROS  Cocinero 1: Esperando pedidos | Cocinero 2: Esperando pedidos | Cocinero 3: Esperando pedidos
  CAJAS      Fila: vacía | Cajero 1: Esperando clientes | Cajero 2: Esperando clientes
========================================================================================================================
#00420 [  33.69s] Cliente 32 terminó de comer y va a la caja
  MESAS      Mesa 1: Libre | Mesa 2: Limpiando [C29,C30,C28] (quedan 0) | Mesa 3: Comiendo [C31,C32,C33] | Mesa 4: Libre
  CLIENTES   C31: Comiendo Chivito | C32: En la fila de la caja | C33: Comiendo Hamburguesa
  MOZOS      Mozo 1: Limpiando la Mesa 2 | Mozo 2: Esperando | Mozo 3: Esperando
  COCINA     Platos: vacía
  COCINEROS  Cocinero 1: Esperando pedidos | Cocinero 2: Esperando pedidos | Cocinero 3: Esperando pedidos
  CAJAS      Fila: vacía | Cajero 1: Esperando clientes | Cajero 2: Esperando clientes
========================================================================================================================
#00421 [  33.69s] Cajero 2 le cobra Ñoquis con tuco ($420) a Cliente 32
  MESAS      Mesa 1: Libre | Mesa 2: Limpiando [C29,C30,C28] (quedan 0) | Mesa 3: Comiendo [C31,C32,C33] | Mesa 4: Libre
  CLIENTES   C31: Comiendo Chivito | C32: En la fila de la caja | C33: Comiendo Hamburguesa
  MOZOS      Mozo 1: Limpiando la Mesa 2 | Mozo 2: Esperando | Mozo 3: Esperando
  COCINA     Platos: vacía
  COCINEROS  Cocinero 1: Esperando pedidos | Cocinero 2: Esperando pedidos | Cocinero 3: Esperando pedidos
  CAJAS      Fila: vacía | Cajero 1: Esperando clientes | Cajero 2: Cobrando a C32
========================================================================================================================
#00422 [  34.34s] Cliente 32 pagó y se va del restaurante
  MESAS      Mesa 1: Libre | Mesa 2: Limpiando [C29,C30,C28] (quedan 0) | Mesa 3: Comiendo [C31,C32,C33] (quedan 2)
             Mesa 4: Libre
  CLIENTES   C31: Comiendo Chivito | C33: Comiendo Hamburguesa
  MOZOS      Mozo 1: Limpiando la Mesa 2 | Mozo 2: Esperando | Mozo 3: Esperando
  COCINA     Platos: vacía
  COCINEROS  Cocinero 1: Esperando pedidos | Cocinero 2: Esperando pedidos | Cocinero 3: Esperando pedidos
  CAJAS      Fila: vacía | Cajero 1: Esperando clientes | Cajero 2: Esperando clientes
========================================================================================================================
#00423 [  34.39s] Mozo 1 terminó de limpiar: la Mesa 2 queda libre
  MESAS      Mesa 1: Libre | Mesa 2: Libre | Mesa 3: Comiendo [C31,C32,C33] (quedan 2) | Mesa 4: Libre
  CLIENTES   C31: Comiendo Chivito | C33: Comiendo Hamburguesa
  MOZOS      Mozo 1: Limpió la Mesa 2 | Mozo 2: Esperando | Mozo 3: Esperando
  COCINA     Platos: vacía
  COCINEROS  Cocinero 1: Esperando pedidos | Cocinero 2: Esperando pedidos | Cocinero 3: Esperando pedidos
  CAJAS      Fila: vacía | Cajero 1: Esperando clientes | Cajero 2: Esperando clientes
========================================================================================================================
#00424 [  35.01s] Cliente 33 terminó de comer y va a la caja
  MESAS      Mesa 1: Libre | Mesa 2: Libre | Mesa 3: Comiendo [C31,C32,C33] (quedan 2) | Mesa 4: Libre
  CLIENTES   C31: Comiendo Chivito | C33: En la fila de la caja
  MOZOS      Mozo 1: Esperando | Mozo 2: Esperando | Mozo 3: Esperando
  COCINA     Platos: vacía
  COCINEROS  Cocinero 1: Esperando pedidos | Cocinero 2: Esperando pedidos | Cocinero 3: Esperando pedidos
  CAJAS      Fila: vacía | Cajero 1: Esperando clientes | Cajero 2: Esperando clientes
========================================================================================================================
#00425 [  35.01s] Cajero 1 le cobra Hamburguesa ($450) a Cliente 33
  MESAS      Mesa 1: Libre | Mesa 2: Libre | Mesa 3: Comiendo [C31,C32,C33] (quedan 2) | Mesa 4: Libre
  CLIENTES   C31: Comiendo Chivito | C33: En la fila de la caja
  MOZOS      Mozo 1: Esperando | Mozo 2: Esperando | Mozo 3: Esperando
  COCINA     Platos: vacía
  COCINEROS  Cocinero 1: Esperando pedidos | Cocinero 2: Esperando pedidos | Cocinero 3: Esperando pedidos
  CAJAS      Fila: vacía | Cajero 1: Cobrando a C33 | Cajero 2: Esperando clientes
========================================================================================================================
#00426 [  35.42s] Cliente 31 terminó de comer y va a la caja
  MESAS      Mesa 1: Libre | Mesa 2: Libre | Mesa 3: Comiendo [C31,C32,C33] (quedan 2) | Mesa 4: Libre
  CLIENTES   C31: En la fila de la caja | C33: En la fila de la caja
  MOZOS      Mozo 1: Esperando | Mozo 2: Esperando | Mozo 3: Esperando
  COCINA     Platos: vacía
  COCINEROS  Cocinero 1: Esperando pedidos | Cocinero 2: Esperando pedidos | Cocinero 3: Esperando pedidos
  CAJAS      Fila: vacía | Cajero 1: Cobrando a C33 | Cajero 2: Esperando clientes
========================================================================================================================
#00427 [  35.43s] Cajero 2 le cobra Chivito ($650) a Cliente 31
  MESAS      Mesa 1: Libre | Mesa 2: Libre | Mesa 3: Comiendo [C31,C32,C33] (quedan 2) | Mesa 4: Libre
  CLIENTES   C31: En la fila de la caja | C33: En la fila de la caja
  MOZOS      Mozo 1: Esperando | Mozo 2: Esperando | Mozo 3: Esperando
  COCINA     Platos: vacía
  COCINEROS  Cocinero 1: Esperando pedidos | Cocinero 2: Esperando pedidos | Cocinero 3: Esperando pedidos
  CAJAS      Fila: vacía | Cajero 1: Cobrando a C33 | Cajero 2: Cobrando a C31
========================================================================================================================
#00428 [  35.63s] Cliente 33 pagó y se va del restaurante
  MESAS      Mesa 1: Libre | Mesa 2: Libre | Mesa 3: Comiendo [C31,C32,C33] (quedan 1) | Mesa 4: Libre
  CLIENTES   C31: En la fila de la caja
  MOZOS      Mozo 1: Esperando | Mozo 2: Esperando | Mozo 3: Esperando
  COCINA     Platos: vacía
  COCINEROS  Cocinero 1: Esperando pedidos | Cocinero 2: Esperando pedidos | Cocinero 3: Esperando pedidos
  CAJAS      Fila: vacía | Cajero 1: Esperando clientes | Cajero 2: Cobrando a C31
========================================================================================================================
#00429 [  35.94s] Cliente 31 pagó y se va del restaurante. La Mesa 3 queda sucia
  MESAS      Mesa 1: Libre | Mesa 2: Libre | Mesa 3: Sucia, esperando mozo [C31,C32,C33] (quedan 0) | Mesa 4: Libre
  CLIENTES   -
  MOZOS      Mozo 1: Esperando | Mozo 2: Esperando | Mozo 3: Esperando
  COCINA     Platos: vacía
  COCINEROS  Cocinero 1: Esperando pedidos | Cocinero 2: Esperando pedidos | Cocinero 3: Esperando pedidos
  CAJAS      Fila: vacía | Cajero 1: Esperando clientes | Cajero 2: Esperando clientes
========================================================================================================================
#00430 [  35.94s] Ya no quedan clientes en el restaurante: el personal termina lo pendiente
  MESAS      Mesa 1: Libre | Mesa 2: Libre | Mesa 3: Sucia, esperando mozo [C31,C32,C33] (quedan 0) | Mesa 4: Libre
  CLIENTES   -
  MOZOS      Mozo 1: Esperando | Mozo 2: Esperando | Mozo 3: Esperando
  COCINA     Platos: vacía
  COCINEROS  Cocinero 1: Esperando pedidos | Cocinero 2: Esperando pedidos | Cocinero 3: Esperando pedidos
  CAJAS      Fila: vacía | Cajero 1: Esperando clientes | Cajero 2: Esperando clientes
========================================================================================================================
#00431 [  35.94s] Mozo 2 levanta los platos y limpia la Mesa 3
  MESAS      Mesa 1: Libre | Mesa 2: Libre | Mesa 3: Limpiando [C31,C32,C33] (quedan 0) | Mesa 4: Libre
  CLIENTES   -
  MOZOS      Mozo 1: Esperando | Mozo 2: Limpiando la Mesa 3 | Mozo 3: Esperando
  COCINA     Platos: vacía
  COCINEROS  Cocinero 1: Esperando pedidos | Cocinero 2: Esperando pedidos | Cocinero 3: Esperando pedidos
  CAJAS      Fila: vacía | Cajero 1: Esperando clientes | Cajero 2: Esperando clientes
========================================================================================================================
#00432 [  35.95s] Cajero 2 cierra su caja
  MESAS      Mesa 1: Libre | Mesa 2: Libre | Mesa 3: Limpiando [C31,C32,C33] (quedan 0) | Mesa 4: Libre
  CLIENTES   -
  MOZOS      Mozo 1: Esperando | Mozo 2: Limpiando la Mesa 3 | Mozo 3: Esperando
  COCINA     Platos: vacía
  COCINEROS  Cocinero 1: Esperando pedidos | Cocinero 2: Esperando pedidos | Cocinero 3: Esperando pedidos
  CAJAS      Fila: vacía | Cajero 1: Esperando clientes | Cajero 2: Caja cerrada
========================================================================================================================
#00433 [  35.95s] Mozo 3 termina su turno
  MESAS      Mesa 1: Libre | Mesa 2: Libre | Mesa 3: Limpiando [C31,C32,C33] (quedan 0) | Mesa 4: Libre
  CLIENTES   -
  MOZOS      Mozo 1: Esperando | Mozo 2: Limpiando la Mesa 3 | Mozo 3: Terminó su turno
  COCINA     Platos: vacía
  COCINEROS  Cocinero 1: Esperando pedidos | Cocinero 2: Esperando pedidos | Cocinero 3: Esperando pedidos
  CAJAS      Fila: vacía | Cajero 1: Esperando clientes | Cajero 2: Caja cerrada
========================================================================================================================
#00434 [  35.95s] Cajero 1 cierra su caja
  MESAS      Mesa 1: Libre | Mesa 2: Libre | Mesa 3: Limpiando [C31,C32,C33] (quedan 0) | Mesa 4: Libre
  CLIENTES   -
  MOZOS      Mozo 1: Esperando | Mozo 2: Limpiando la Mesa 3 | Mozo 3: Terminó su turno
  COCINA     Platos: vacía
  COCINEROS  Cocinero 1: Esperando pedidos | Cocinero 2: Esperando pedidos | Cocinero 3: Esperando pedidos
  CAJAS      Fila: vacía | Cajero 1: Caja cerrada | Cajero 2: Caja cerrada
========================================================================================================================
#00435 [  35.95s] Mozo 1 termina su turno
  MESAS      Mesa 1: Libre | Mesa 2: Libre | Mesa 3: Limpiando [C31,C32,C33] (quedan 0) | Mesa 4: Libre
  CLIENTES   -
  MOZOS      Mozo 1: Terminó su turno | Mozo 2: Limpiando la Mesa 3 | Mozo 3: Terminó su turno
  COCINA     Platos: vacía
  COCINEROS  Cocinero 1: Esperando pedidos | Cocinero 2: Esperando pedidos | Cocinero 3: Esperando pedidos
  CAJAS      Fila: vacía | Cajero 1: Caja cerrada | Cajero 2: Caja cerrada
========================================================================================================================
#00436 [  35.95s] Cocinero 3 termina su turno
  MESAS      Mesa 1: Libre | Mesa 2: Libre | Mesa 3: Limpiando [C31,C32,C33] (quedan 0) | Mesa 4: Libre
  CLIENTES   -
  MOZOS      Mozo 1: Terminó su turno | Mozo 2: Limpiando la Mesa 3 | Mozo 3: Terminó su turno
  COCINA     Platos: vacía
  COCINEROS  Cocinero 1: Esperando pedidos | Cocinero 2: Esperando pedidos | Cocinero 3: Terminó su turno
  CAJAS      Fila: vacía | Cajero 1: Caja cerrada | Cajero 2: Caja cerrada
========================================================================================================================
#00437 [  35.95s] Cocinero 2 termina su turno
  MESAS      Mesa 1: Libre | Mesa 2: Libre | Mesa 3: Limpiando [C31,C32,C33] (quedan 0) | Mesa 4: Libre
  CLIENTES   -
  MOZOS      Mozo 1: Terminó su turno | Mozo 2: Limpiando la Mesa 3 | Mozo 3: Terminó su turno
  COCINA     Platos: vacía
  COCINEROS  Cocinero 1: Esperando pedidos | Cocinero 2: Terminó su turno | Cocinero 3: Terminó su turno
  CAJAS      Fila: vacía | Cajero 1: Caja cerrada | Cajero 2: Caja cerrada
========================================================================================================================
#00438 [  35.95s] Cocinero 1 termina su turno
  MESAS      Mesa 1: Libre | Mesa 2: Libre | Mesa 3: Limpiando [C31,C32,C33] (quedan 0) | Mesa 4: Libre
  CLIENTES   -
  MOZOS      Mozo 1: Terminó su turno | Mozo 2: Limpiando la Mesa 3 | Mozo 3: Terminó su turno
  COCINA     Platos: vacía
  COCINEROS  Cocinero 1: Terminó su turno | Cocinero 2: Terminó su turno | Cocinero 3: Terminó su turno
  CAJAS      Fila: vacía | Cajero 1: Caja cerrada | Cajero 2: Caja cerrada
========================================================================================================================
#00439 [  36.50s] Mozo 2 terminó de limpiar: la Mesa 3 queda libre
  MESAS      Mesa 1: Libre | Mesa 2: Libre | Mesa 3: Libre | Mesa 4: Libre
  CLIENTES   -
  MOZOS      Mozo 1: Terminó su turno | Mozo 2: Limpió la Mesa 3 | Mozo 3: Terminó su turno
  COCINA     Platos: vacía
  COCINEROS  Cocinero 1: Terminó su turno | Cocinero 2: Terminó su turno | Cocinero 3: Terminó su turno
  CAJAS      Fila: vacía | Cajero 1: Caja cerrada | Cajero 2: Caja cerrada
========================================================================================================================
#00440 [  36.50s] Mozo 2 termina su turno
  MESAS      Mesa 1: Libre | Mesa 2: Libre | Mesa 3: Libre | Mesa 4: Libre
  CLIENTES   -
  MOZOS      Mozo 1: Terminó su turno | Mozo 2: Terminó su turno | Mozo 3: Terminó su turno
  COCINA     Platos: vacía
  COCINEROS  Cocinero 1: Terminó su turno | Cocinero 2: Terminó su turno | Cocinero 3: Terminó su turno
  CAJAS      Fila: vacía | Cajero 1: Caja cerrada | Cajero 2: Caja cerrada
========================================================================================================================
#00441 [  36.52s] *** RESTAURANTE CERRADO ***
RESUMEN DE LA JORNADA
  Clientes que llegaron al salón:          37
  Clientes que comieron y pagaron:         33
  Clientes que no llegaron a entrar:       0
  Clientes retirados sin pedir (cierre):   4
  Mesas atendidas:                         11
  Platos cocinados:                        33
  Recaudación total:                       $15670
  MESAS      Mesa 1: Libre | Mesa 2: Libre | Mesa 3: Libre | Mesa 4: Libre
  CLIENTES   -
  MOZOS      Mozo 1: Terminó su turno | Mozo 2: Terminó su turno | Mozo 3: Terminó su turno
  COCINA     Platos: vacía
  COCINEROS  Cocinero 1: Terminó su turno | Cocinero 2: Terminó su turno | Cocinero 3: Terminó su turno
  CAJAS      Fila: vacía | Cajero 1: Caja cerrada | Cajero 2: Caja cerrada
